category,semantic_score
Accountant,0.33943486
Accountant,0.45569977
Accountant,0.37322983
Advocate,0.29589635
Advocate,0.46326914
Advocate,0.34269977
Agriculture,0.26974893
Agriculture,0.3638517
Agriculture,0.23757
Apparel,0.32578242
Apparel,0.3673992
Apparel,0.3114621
Architecture,0.3838915
Architecture,0.24331973
Architecture,0.2724638
Arts,0.24244691
Arts,0.28658706
Arts,0.1140447
Automobile,0.33993402
Automobile,0.31250337
Automobile,0.28810856
Aviation,0.28193536
Aviation,0.3463427
Aviation,0.2851317
BPO,0.282849
BPO,0.3450017
BPO,0.48157588
Banking,0.29948112
Banking,0.27805713
Banking,0.4792582
Blockchain,0.2878579
Blockchain,0.31925884
Blockchain,0.37913874
Building and Construction,0.43380117
Building and Construction,0.37383556
Building and Construction,0.36272982
Business Analyst,0.49097526
Business Analyst,0.45921502
Business Analyst,0.44288173
Civil Engineer,0.30006573
Civil Engineer,0.20084356
Civil Engineer,0.2676829
Consultant,0.12614827
Consultant,0.49031988
Consultant,0.38167155
Data Science,0.21308064
Data Science,0.25862905
Data Science,0.3135878
Database,0.43056142
Database,0.5250675
Database,0.44757476
Designing,0.27127963
Designing,0.13240941
Designing,0.35039964
DevOps,0.36240077
DevOps,0.40057835
DevOps,0.39134303
Digital Media,0.30044195
Digital Media,0.41804537
Digital Media,0.35376725
DotNet Developer,0.45121655
DotNet Developer,0.3787284
DotNet Developer,0.5957534
ETL Developer,0.3825687
ETL Developer,0.3822337
ETL Developer,0.5402389
Education,0.2562587
Education,0.21002595
Education,0.1579318
Electrical Engineering,0.4251882
Electrical Engineering,0.28363827
Electrical Engineering,0.38097587
Finance,0.32542723
Finance,0.32905224
Finance,0.413417
Food and Beverages,0.38031256
Food and Beverages,0.2584056
Food and Beverages,0.27812624
Health and Fitness,0.21961856
Health and Fitness,0.29109445
Health and Fitness,0.16977464
Human Resources,0.35371086
Human Resources,0.24179137
Human Resources,0.42994714
Information Technology,0.42937446
Information Technology,0.47345242
Information Technology,0.48562622
Java Developer,0.44680318
Java Developer,0.5421107
Java Developer,0.50031346
Management,0.307237
Management,0.3340942
Management,0.37180614
Mechanical Engineer,0.352834
Mechanical Engineer,0.49188438
Mechanical Engineer,0.45729446
Network Security Engineer,0.29745877
Network Security Engineer,0.49891087
Network Security Engineer,0.4636054
Operations Manager,0.3741564
Operations Manager,0.3643916
Operations Manager,0.39665607
PMO,0.3413706
PMO,0.36995563
PMO,0.46864474
Public Relations,0.23735428
Public Relations,0.35866043
Public Relations,0.17289893
Python Developer,0.46742895
Python Developer,0.41257283
Python Developer,0.46078253
React Developer,0.5279208
React Developer,0.46910986
React Developer,0.36358893
SAP Developer,0.39104214
SAP Developer,0.5096869
SAP Developer,0.43239412
SQL Developer,0.41655818
SQL Developer,0.5603624
SQL Developer,0.410647
Sales,0.39575303
Sales,0.3200646
Sales,0.3417566
Testing,0.2599291
Testing,0.28330973
Testing,0.23983079
Web Designing,0.44230008
Web Designing,0.43645564
Web Designing,0.16858168
Accountant,0.37028676
Accountant,0.4350669
Accountant,0.39872077
Advocate,0.3690831
Advocate,0.41895232
Advocate,0.35622513
Agriculture,0.27127016
Agriculture,0.3916307
Agriculture,0.2908111
Apparel,0.36401066
Apparel,0.36412996
Apparel,0.38313377
Architecture,0.40109488
Architecture,0.27919525
Architecture,0.36390433
Arts,0.25700837
Arts,0.31674194
Arts,0.20171212
Automobile,0.35531202
Automobile,0.33570534
Automobile,0.41779068
Aviation,0.34752786
Aviation,0.30930904
Aviation,0.38171232
BPO,0.3313692
BPO,0.3977568
BPO,0.4203911
Banking,0.40153992
Banking,0.3388535
Banking,0.40065953
Blockchain,0.30611536
Blockchain,0.39567423
Blockchain,0.3062242
Building and Construction,0.4020458
Building and Construction,0.40111557
Building and Construction,0.35126084
Business Analyst,0.3973518
Business Analyst,0.3830183
Business Analyst,0.37983564
Civil Engineer,0.41012022
Civil Engineer,0.23081574
Civil Engineer,0.2731114
Consultant,0.214816
Consultant,0.4376725
Consultant,0.42912033
Data Science,0.2984145
Data Science,0.32879272
Data Science,0.35918444
Database,0.39432207
Database,0.40354398
Database,0.339731
Designing,0.22898468
Designing,0.2544964
Designing,0.324423
DevOps,0.3160644
DevOps,0.39167818
DevOps,0.40104738
Digital Media,0.27527413
Digital Media,0.34911108
Digital Media,0.34777844
DotNet Developer,0.35944703
DotNet Developer,0.3670694
DotNet Developer,0.34256652
ETL Developer,0.3393192
ETL Developer,0.32853502
ETL Developer,0.38675153
Education,0.2900697
Education,0.25684345
Education,0.25655174
Electrical Engineering,0.3998998
Electrical Engineering,0.3214071
Electrical Engineering,0.40712324
Finance,0.40851247
Finance,0.36729023
Finance,0.38933325
Food and Beverages,0.3542275
Food and Beverages,0.35627332
Food and Beverages,0.36762062
Health and Fitness,0.2914486
Health and Fitness,0.35911706
Health and Fitness,0.30468747
Human Resources,0.4492861
Human Resources,0.34623703
Human Resources,0.43097764
Information Technology,0.4110501
Information Technology,0.4448372
Information Technology,0.45216757
Java Developer,0.34918982
Java Developer,0.2935223
Java Developer,0.33696604
Management,0.36731714
Management,0.3749758
Management,0.3380379
Mechanical Engineer,0.32600075
Mechanical Engineer,0.36858732
Mechanical Engineer,0.39844257
Network Security Engineer,0.35162485
Network Security Engineer,0.45301268
Network Security Engineer,0.4102996
Operations Manager,0.3745496
Operations Manager,0.4159088
Operations Manager,0.45781466
PMO,0.3580422
PMO,0.38651088
PMO,0.4147196
Public Relations,0.3016198
Public Relations,0.42273182
Public Relations,0.27047247
Python Developer,0.37432405
Python Developer,0.25373572
Python Developer,0.37411514
React Developer,0.31695387
React Developer,0.33744922
React Developer,0.43948776
SAP Developer,0.38364804
SAP Developer,0.41998386
SAP Developer,0.38923204
SQL Developer,0.3168936
SQL Developer,0.3841693
SQL Developer,0.3783414
Sales,0.42872432
Sales,0.36712658
Sales,0.35175067
Testing,0.31397232
Testing,0.32188588
Testing,0.30545506
Web Designing,0.4017565
Web Designing,0.3810588
Web Designing,0.26103488
Accountant,0.4200357
Accountant,0.5046825
Accountant,0.4359459
Advocate,0.41269144
Advocate,0.47116286
Advocate,0.37533572
Agriculture,0.33055943
Agriculture,0.40837115
Agriculture,0.3623204
Apparel,0.4057684
Apparel,0.39375615
Apparel,0.43636364
Architecture,0.39038298
Architecture,0.3606899
Architecture,0.371596
Arts,0.31430963
Arts,0.37386465
Arts,0.26821348
Automobile,0.38242143
Automobile,0.39889252
Automobile,0.42513108
Aviation,0.39699602
Aviation,0.30347118
Aviation,0.44268256
BPO,0.3784836
BPO,0.40578586
BPO,0.44253486
Banking,0.41561055
Banking,0.42195424
Banking,0.4378063
Blockchain,0.3289041
Blockchain,0.39049527
Blockchain,0.27683997
Building and Construction,0.39542803
Building and Construction,0.44567007
Building and Construction,0.39509845
Business Analyst,0.43294472
Business Analyst,0.42047763
Business Analyst,0.36009628
Civil Engineer,0.45790702
Civil Engineer,0.3039294
Civil Engineer,0.30876368
Consultant,0.2403011
Consultant,0.4317732
Consultant,0.42670578
Data Science,0.33047116
Data Science,0.42474335
Data Science,0.37185708
Database,0.39929932
Database,0.42765775
Database,0.38454098
Designing,0.25332704
Designing,0.31695163
Designing,0.35914248
DevOps,0.33631343
DevOps,0.39145726
DevOps,0.39045346
Digital Media,0.326981
Digital Media,0.36086792
Digital Media,0.34680882
DotNet Developer,0.35369956
DotNet Developer,0.38699207
DotNet Developer,0.40296417
ETL Developer,0.34404123
ETL Developer,0.33699602
ETL Developer,0.39380044
Education,0.3476088
Education,0.34553298
Education,0.34797758
Electrical Engineering,0.45160493
Electrical Engineering,0.34509555
Electrical Engineering,0.4220461
Finance,0.4268784
Finance,0.3866157
Finance,0.41047245
Food and Beverages,0.40743938
Food and Beverages,0.41019502
Food and Beverages,0.448875
Health and Fitness,0.37192863
Health and Fitness,0.35387602
Health and Fitness,0.31268424
Human Resources,0.49787053
Human Resources,0.3815444
Human Resources,0.47488266
Information Technology,0.39049548
Information Technology,0.39281833
Information Technology,0.45116466
Java Developer,0.38652885
Java Developer,0.311009
Java Developer,0.35602316
Management,0.39677653
Management,0.37964004
Management,0.35059032
Mechanical Engineer,0.34554535
Mechanical Engineer,0.42233628
Mechanical Engineer,0.39835173
Network Security Engineer,0.36377478
Network Security Engineer,0.37680894
Network Security Engineer,0.36373013
Operations Manager,0.3889263
Operations Manager,0.44886202
Operations Manager,0.46485347
PMO,0.37114796
PMO,0.40739188
PMO,0.39510614
Public Relations,0.31873494
Public Relations,0.47086015
Public Relations,0.32956782
Python Developer,0.37784904
Python Developer,0.30811885
Python Developer,0.35562852
React Developer,0.3040997
React Developer,0.36726815
React Developer,0.45912704
SAP Developer,0.3852589
SAP Developer,0.4358117
SAP Developer,0.3747517
SQL Developer,0.3970445
SQL Developer,0.40461987
SQL Developer,0.4026502
Sales,0.47758508
Sales,0.3760249
Sales,0.40135702
Testing,0.3580502
Testing,0.34017497
Testing,0.33734766
Web Designing,0.3855972
Web Designing,0.35620952
Web Designing,0.3334834
Accountant,0.34417224
Accountant,0.3519007
Accountant,0.3413367
Advocate,0.31769708
Advocate,0.39835665
Advocate,0.25859535
Agriculture,0.24360186
Agriculture,0.32529795
Agriculture,0.2517709
Apparel,0.37475955
Apparel,0.3125264
Apparel,0.39143583
Architecture,0.3194574
Architecture,0.22875994
Architecture,0.2770446
Arts,0.232539
Arts,0.24167737
Arts,0.20499903
Automobile,0.39544564
Automobile,0.35265735
Automobile,0.42382592
Aviation,0.34930575
Aviation,0.33920962
Aviation,0.32059333
BPO,0.32500857
BPO,0.23685503
BPO,0.40204695
Banking,0.33733457
Banking,0.27519333
Banking,0.33069673
Blockchain,0.24475308
Blockchain,0.32077053
Blockchain,0.26092386
Building and Construction,0.42247316
Building and Construction,0.35353386
Building and Construction,0.32149628
Business Analyst,0.31523892
Business Analyst,0.31003633
Business Analyst,0.2632028
Civil Engineer,0.3045219
Civil Engineer,0.2560306
Civil Engineer,0.28189877
Consultant,0.21119677
Consultant,0.29745895
Consultant,0.36242193
Data Science,0.29291978
Data Science,0.27060845
Data Science,0.30386823
Database,0.30511865
Database,0.26613957
Database,0.27579892
Designing,0.18729682
Designing,0.15996088
Designing,0.27048823
DevOps,0.25701886
DevOps,0.30777037
DevOps,0.3216182
Digital Media,0.25081918
Digital Media,0.31208017
Digital Media,0.3093475
DotNet Developer,0.23271435
DotNet Developer,0.27601644
DotNet Developer,0.24187087
ETL Developer,0.27364314
ETL Developer,0.27637264
ETL Developer,0.3116683
Education,0.22394848
Education,0.15884739
Education,0.20209403
Electrical Engineering,0.32613435
Electrical Engineering,0.3171482
Electrical Engineering,0.3560189
Finance,0.34210533
Finance,0.3096908
Finance,0.28100985
Food and Beverages,0.30270535
Food and Beverages,0.30470508
Food and Beverages,0.28664654
Health and Fitness,0.2563544
Health and Fitness,0.29810965
Health and Fitness,0.2795827
Human Resources,0.3846073
Human Resources,0.34241864
Human Resources,0.38097334
Information Technology,0.28582597
Information Technology,0.3146858
Information Technology,0.37072432
Java Developer,0.26697257
Java Developer,0.23742548
Java Developer,0.25973347
Management,0.37667468
Management,0.26354882
Management,0.42180145
Mechanical Engineer,0.35682878
Mechanical Engineer,0.3619314
Mechanical Engineer,0.33732036
Network Security Engineer,0.2638533
Network Security Engineer,0.33371747
Network Security Engineer,0.31777254
Operations Manager,0.32340887
Operations Manager,0.41404656
Operations Manager,0.4097682
PMO,0.28262323
PMO,0.29894343
PMO,0.3495186
Public Relations,0.23581973
Public Relations,0.3020755
Public Relations,0.2170205
Python Developer,0.2720118
Python Developer,0.2101016
Python Developer,0.29948497
React Developer,0.22541124
React Developer,0.28661874
React Developer,0.3605556
SAP Developer,0.31064448
SAP Developer,0.3256152
SAP Developer,0.36763668
SQL Developer,0.27705106
SQL Developer,0.34063748
SQL Developer,0.3093154
Sales,0.36397865
Sales,0.36596003
Sales,0.3205286
Testing,0.2734622
Testing,0.23096377
Testing,0.27257308
Web Designing,0.25953695
Web Designing,0.31184185
Web Designing,0.19656081
Accountant,0.36076438
Accountant,0.42867097
Accountant,0.36713046
Advocate,0.37594855
Advocate,0.4338746
Advocate,0.3950857
Agriculture,0.31052127
Agriculture,0.401644
Agriculture,0.29932788
Apparel,0.383775
Apparel,0.35420328
Apparel,0.38683674
Architecture,0.35257384
Architecture,0.29119223
Architecture,0.3851164
Arts,0.2868302
Arts,0.34190798
Arts,0.24773026
Automobile,0.35966465
Automobile,0.3647689
Automobile,0.43860197
Aviation,0.38394788
Aviation,0.30230168
Aviation,0.36723718
BPO,0.35187593
BPO,0.3322781
BPO,0.4098969
Banking,0.36381593
Banking,0.3202798
Banking,0.4201526
Blockchain,0.2614517
Blockchain,0.37698275
Blockchain,0.24813662
Building and Construction,0.42914346
Building and Construction,0.408993
Building and Construction,0.3468215
Business Analyst,0.3657632
Business Analyst,0.35693133
Business Analyst,0.33481726
Civil Engineer,0.3738035
Civil Engineer,0.27715403
Civil Engineer,0.29205728
Consultant,0.2617491
Consultant,0.34953973
Consultant,0.40575814
Data Science,0.31426352
Data Science,0.35785192
Data Science,0.3749525
Database,0.3469881
Database,0.3341896
Database,0.3219844
Designing,0.23011094
Designing,0.2592987
Designing,0.310356
DevOps,0.25911465
DevOps,0.34762108
DevOps,0.37163305
Digital Media,0.30793703
Digital Media,0.34172755
Digital Media,0.33874485
DotNet Developer,0.3059818
DotNet Developer,0.32307005
DotNet Developer,0.3208912
ETL Developer,0.2830926
ETL Developer,0.29286647
ETL Developer,0.36457825
Education,0.31633696
Education,0.27386063
Education,0.27258813
Electrical Engineering,0.3924229
Electrical Engineering,0.31043568
Electrical Engineering,0.40750772
Finance,0.3952929
Finance,0.36538842
Finance,0.38237983
Food and Beverages,0.3676885
Food and Beverages,0.37595978
Food and Beverages,0.36538553
Health and Fitness,0.3613223
Health and Fitness,0.3683799
Health and Fitness,0.30644184
Human Resources,0.44411308
Human Resources,0.36567298
Human Resources,0.434373
Information Technology,0.35942292
Information Technology,0.3761084
Information Technology,0.40558428
Java Developer,0.31542042
Java Developer,0.26711646
Java Developer,0.29948115
Management,0.39027736
Management,0.3404287
Management,0.33877745
Mechanical Engineer,0.32749084
Mechanical Engineer,0.35823885
Mechanical Engineer,0.37468764
Network Security Engineer,0.28366998
Network Security Engineer,0.36864838
Network Security Engineer,0.3621815
Operations Manager,0.37399158
Operations Manager,0.44024384
Operations Manager,0.42471752
PMO,0.3431424
PMO,0.3768526
PMO,0.36993775
Public Relations,0.3099993
Public Relations,0.39375004
Public Relations,0.2994556
Python Developer,0.31807196
Python Developer,0.24121466
Python Developer,0.30385295
React Developer,0.26486844
React Developer,0.3066487
React Developer,0.44851604
SAP Developer,0.3540085
SAP Developer,0.3887125
SAP Developer,0.3597009
SQL Developer,0.29882628
SQL Developer,0.36405176
SQL Developer,0.34872338
Sales,0.42149073
Sales,0.34214258
Sales,0.37819666
Testing,0.32952437
Testing,0.31069902
Testing,0.31193647
Web Designing,0.33499306
Web Designing,0.30104694
Web Designing,0.25984377
Accountant,0.3604101
Accountant,0.47074595
Accountant,0.37752548
Advocate,0.37223548
Advocate,0.46198437
Advocate,0.43568358
Agriculture,0.30597523
Agriculture,0.45493668
Agriculture,0.2981956
Apparel,0.38528648
Apparel,0.39524904
Apparel,0.41687125
Architecture,0.36194944
Architecture,0.30938706
Architecture,0.4252539
Arts,0.2933826
Arts,0.38732722
Arts,0.27042982
Automobile,0.35993695
Automobile,0.32733646
Automobile,0.4613214
Aviation,0.35840848
Aviation,0.3055195
Aviation,0.379768
BPO,0.3658365
BPO,0.38464677
BPO,0.4586242
Banking,0.40735918
Banking,0.33884636
Banking,0.4230976
Blockchain,0.25302687
Blockchain,0.4202472
Blockchain,0.2482278
Building and Construction,0.44003493
Building and Construction,0.4148561
Building and Construction,0.38564524
Business Analyst,0.38101548
Business Analyst,0.38003376
Business Analyst,0.36637607
Civil Engineer,0.42300916
Civil Engineer,0.25944483
Civil Engineer,0.2625175
Consultant,0.25548178
Consultant,0.39139676
Consultant,0.44503644
Data Science,0.38577378
Data Science,0.38120636
Data Science,0.4011295
Database,0.38809758
Database,0.37411958
Database,0.32858172
Designing,0.25408632
Designing,0.27960536
Designing,0.32835644
DevOps,0.2840147
DevOps,0.37138483
DevOps,0.41352162
Digital Media,0.36760348
Digital Media,0.42065424
Digital Media,0.43226862
DotNet Developer,0.3481232
DotNet Developer,0.35755756
DotNet Developer,0.38201493
ETL Developer,0.32322174
ETL Developer,0.33663473
ETL Developer,0.3953906
Education,0.34223795
Education,0.27417803
Education,0.285076
Electrical Engineering,0.4052422
Electrical Engineering,0.31852213
Electrical Engineering,0.4370191
Finance,0.42939204
Finance,0.35884842
Finance,0.45003697
Food and Beverages,0.40145636
Food and Beverages,0.389567
Food and Beverages,0.37788442
Health and Fitness,0.34504217
Health and Fitness,0.3817379
Health and Fitness,0.31738114
Human Resources,0.46257988
Human Resources,0.3227746
Human Resources,0.43395424
Information Technology,0.4205655
Information Technology,0.39168265
Information Technology,0.45194206
Java Developer,0.34147742
Java Developer,0.29698265
Java Developer,0.32285875
Management,0.42116556
Management,0.37490422
Management,0.28111914
Mechanical Engineer,0.31582686
Mechanical Engineer,0.37922478
Mechanical Engineer,0.4048473
Network Security Engineer,0.28577462
Network Security Engineer,0.42505378
Network Security Engineer,0.3999743
Operations Manager,0.44333097
Operations Manager,0.4270052
Operations Manager,0.4779851
PMO,0.36001015
PMO,0.35979107
PMO,0.40023538
Public Relations,0.40923023
Public Relations,0.452997
Public Relations,0.356671
Python Developer,0.34059876
Python Developer,0.25830764
Python Developer,0.31827432
React Developer,0.34339935
React Developer,0.33833417
React Developer,0.46728876
SAP Developer,0.36709437
SAP Developer,0.43276694
SAP Developer,0.359847
SQL Developer,0.29996377
SQL Developer,0.39625332
SQL Developer,0.3848538
Sales,0.4415927
Sales,0.3916399
Sales,0.38413006
Testing,0.33731222
Testing,0.32265997
Testing,0.3013751
Web Designing,0.36611494
Web Designing,0.3543582
Web Designing,0.30716786
Accountant,0.37266335
Accountant,0.4486848
Accountant,0.3909385
Advocate,0.35415348
Advocate,0.4263608
Advocate,0.40305305
Agriculture,0.26710254
Agriculture,0.38616928
Agriculture,0.24776627
Apparel,0.37916583
Apparel,0.3549201
Apparel,0.38812327
Architecture,0.3439872
Architecture,0.26128915
Architecture,0.35531697
Arts,0.24110653
Arts,0.31663767
Arts,0.2365909
Automobile,0.39162523
Automobile,0.33631375
Automobile,0.4161906
Aviation,0.31808966
Aviation,0.2827807
Aviation,0.3220603
BPO,0.3893168
BPO,0.31370038
BPO,0.42627326
Banking,0.4400591
Banking,0.37856716
Banking,0.3930776
Blockchain,0.2610015
Blockchain,0.41650146
Blockchain,0.2591693
Building and Construction,0.41980743
Building and Construction,0.3595035
Building and Construction,0.31011388
Business Analyst,0.40579483
Business Analyst,0.39178988
Business Analyst,0.31096154
Civil Engineer,0.41278717
Civil Engineer,0.23503706
Civil Engineer,0.22949094
Consultant,0.2382792
Consultant,0.3568002
Consultant,0.4067387
Data Science,0.30973157
Data Science,0.36652765
Data Science,0.35944745
Database,0.3471944
Database,0.33532274
Database,0.31694293
Designing,0.22390728
Designing,0.29550278
Designing,0.33269948
DevOps,0.22002105
DevOps,0.3465911
DevOps,0.37443376
Digital Media,0.25158024
Digital Media,0.32851204
Digital Media,0.40663034
DotNet Developer,0.30761975
DotNet Developer,0.34722522
DotNet Developer,0.28841028
ETL Developer,0.31055427
ETL Developer,0.29359925
ETL Developer,0.34729314
Education,0.3070763
Education,0.26208022
Education,0.26911834
Electrical Engineering,0.34352788
Electrical Engineering,0.28994182
Electrical Engineering,0.3842756
Finance,0.4160124
Finance,0.342767
Finance,0.38107315
Food and Beverages,0.33253264
Food and Beverages,0.35007012
Food and Beverages,0.36893216
Health and Fitness,0.3361388
Health and Fitness,0.35275537
Health and Fitness,0.30095506
Human Resources,0.4189371
Human Resources,0.3097292
Human Resources,0.40325958
Information Technology,0.36443081
Information Technology,0.3739459
Information Technology,0.42152673
Java Developer,0.2906326
Java Developer,0.25942022
Java Developer,0.2893942
Management,0.41206387
Management,0.30093345
Management,0.3083044
Mechanical Engineer,0.30844304
Mechanical Engineer,0.4004564
Mechanical Engineer,0.37271613
Network Security Engineer,0.2603756
Network Security Engineer,0.4013278
Network Security Engineer,0.36386964
Operations Manager,0.42222968
Operations Manager,0.39753696
Operations Manager,0.45361394
PMO,0.32817662
PMO,0.3150173
PMO,0.36705232
Public Relations,0.28259227
Public Relations,0.4386377
Public Relations,0.25597897
Python Developer,0.33343896
Python Developer,0.226146
Python Developer,0.28530276
React Developer,0.27378872
React Developer,0.3003908
React Developer,0.42486873
SAP Developer,0.31618798
SAP Developer,0.40060192
SAP Developer,0.40205032
SQL Developer,0.28273973
SQL Developer,0.3797812
SQL Developer,0.36081505
Sales,0.44550288
Sales,0.356963
Sales,0.35989892
Testing,0.32111168
Testing,0.3031173
Testing,0.29363874
Web Designing,0.2747198
Web Designing,0.3249844
Web Designing,0.26441067
Accountant,0.4299396
Accountant,0.4510686
Accountant,0.4326454
Advocate,0.47429967
Advocate,0.5363731
Advocate,0.43544582
Agriculture,0.33976904
Agriculture,0.3335801
Agriculture,0.27784547
Apparel,0.42246866
Apparel,0.3798299
Apparel,0.36368993
Architecture,0.44052503
Architecture,0.2955583
Architecture,0.3793284
Arts,0.26118132
Arts,0.29976475
Arts,0.25465325
Automobile,0.43525943
Automobile,0.30691957
Automobile,0.3790668
Aviation,0.30894244
Aviation,0.32266068
Aviation,0.46220684
BPO,0.33498192
BPO,0.34136352
BPO,0.4308715
Banking,0.5107737
Banking,0.32808396
Banking,0.43801188
Blockchain,0.36581114
Blockchain,0.34055147
Blockchain,0.24990188
Building and Construction,0.4007667
Building and Construction,0.3208953
Building and Construction,0.35450292
Business Analyst,0.4200596
Business Analyst,0.4083263
Business Analyst,0.3364264
Civil Engineer,0.437434
Civil Engineer,0.2517499
Civil Engineer,0.27044407
Consultant,0.26558793
Consultant,0.41344163
Consultant,0.47204065
Data Science,0.30069524
Data Science,0.34262434
Data Science,0.42061374
Database,0.41503534
Database,0.40745237
Database,0.35341635
Designing,0.23741098
Designing,0.273469
Designing,0.3607682
DevOps,0.28099564
DevOps,0.36854842
DevOps,0.35339096
Digital Media,0.31721362
Digital Media,0.35424855
Digital Media,0.36725083
DotNet Developer,0.36945006
DotNet Developer,0.45665312
DotNet Developer,0.36958054
ETL Developer,0.39475366
ETL Developer,0.35899273
ETL Developer,0.40503907
Education,0.26104912
Education,0.27404383
Education,0.2479104
Electrical Engineering,0.3535168
Electrical Engineering,0.2984611
Electrical Engineering,0.36287618
Finance,0.41556415
Finance,0.41456056
Finance,0.31047085
Food and Beverages,0.38419172
Food and Beverages,0.32102743
Food and Beverages,0.3145173
Health and Fitness,0.33647045
Health and Fitness,0.4370626
Health and Fitness,0.2920945
Human Resources,0.47324565
Human Resources,0.38914976
Human Resources,0.49949065
Information Technology,0.41606307
Information Technology,0.41724828
Information Technology,0.41179314
Java Developer,0.3509151
Java Developer,0.35830072
Java Developer,0.3402318
Management,0.38889727
Management,0.4120151
Management,0.33822894
Mechanical Engineer,0.27603778
Mechanical Engineer,0.35015264
Mechanical Engineer,0.35987195
Network Security Engineer,0.34161007
Network Security Engineer,0.40954897
Network Security Engineer,0.41914257
Operations Manager,0.43074265
Operations Manager,0.42698988
Operations Manager,0.4257053
PMO,0.42466465
PMO,0.39762893
PMO,0.39324045
Public Relations,0.2786967
Public Relations,0.3931481
Public Relations,0.2901303
Python Developer,0.3982742
Python Developer,0.2722831
Python Developer,0.3227236
React Developer,0.3150185
React Developer,0.35949302
React Developer,0.41062617
SAP Developer,0.41917244
SAP Developer,0.43353653
SAP Developer,0.40176034
SQL Developer,0.37026384
SQL Developer,0.44346866
SQL Developer,0.38146076
Sales,0.52436304
Sales,0.3736075
Sales,0.43689218
Testing,0.41696438
Testing,0.42187038
Testing,0.41464344
Web Designing,0.34442842
Web Designing,0.37115893
Web Designing,0.30812404
Accountant,0.33394197
Accountant,0.5516673
Accountant,0.40246308
Advocate,0.34143236
Advocate,0.46406367
Advocate,0.5059338
Agriculture,0.24470206
Agriculture,0.5227635
Agriculture,0.31587806
Apparel,0.5662444
Apparel,0.4553275
Apparel,0.52736604
Architecture,0.41591796
Architecture,0.28484234
Architecture,0.3289243
Arts,0.28509906
Arts,0.25461087
Arts,0.2514242
Automobile,0.45048013
Automobile,0.40438583
Automobile,0.4995021
Aviation,0.32940575
Aviation,0.3168669
Aviation,0.34521285
BPO,0.57262343
BPO,0.36725894
BPO,0.49741277
Banking,0.5123638
Banking,0.38965967
Banking,0.41771302
Blockchain,0.24006279
Blockchain,0.56296515
Blockchain,0.25641742
Building and Construction,0.61630183
Building and Construction,0.39954746
Building and Construction,0.37510285
Business Analyst,0.3763338
Business Analyst,0.4686656
Business Analyst,0.44190553
Civil Engineer,0.4190128
Civil Engineer,0.1791415
Civil Engineer,0.16980584
Consultant,0.29746303
Consultant,0.38960496
Consultant,0.50798035
Data Science,0.32212433
Data Science,0.48475027
Data Science,0.55776554
Database,0.37592438
Database,0.374465
Database,0.37955114
Designing,0.27648163
Designing,0.29305243
Designing,0.38878918
DevOps,0.29404745
DevOps,0.40507522
DevOps,0.33979002
Digital Media,0.26806784
Digital Media,0.5200407
Digital Media,0.63166887
DotNet Developer,0.39964497
DotNet Developer,0.49684903
DotNet Developer,0.34507897
ETL Developer,0.3698193
ETL Developer,0.3803916
ETL Developer,0.41268086
Education,0.32783726
Education,0.22039075
Education,0.25334612
Electrical Engineering,0.36890376
Electrical Engineering,0.28492084
Electrical Engineering,0.4082961
Finance,0.5126895
Finance,0.35264245
Finance,0.4058483
Food and Beverages,0.3974018
Food and Beverages,0.450901
Food and Beverages,0.43980965
Health and Fitness,0.35695425
Health and Fitness,0.38224426
Health and Fitness,0.28099856
Human Resources,0.38778123
Human Resources,0.25674063
Human Resources,0.46689
Information Technology,0.34811214
Information Technology,0.44289374
Information Technology,0.60312957
Java Developer,0.30743727
Java Developer,0.30738026
Java Developer,0.36001953
Management,0.6103194
Management,0.3513508
Management,0.36287758
Mechanical Engineer,0.32832357
Mechanical Engineer,0.5452912
Mechanical Engineer,0.5659293
Network Security Engineer,0.24328111
Network Security Engineer,0.4415852
Network Security Engineer,0.3832177
Operations Manager,0.5725104
Operations Manager,0.5044747
Operations Manager,0.5654234
PMO,0.32595584
PMO,0.3286443
PMO,0.47786847
Public Relations,0.35118258
Public Relations,0.4846773
Public Relations,0.23098414
Python Developer,0.3900667
Python Developer,0.2390821
Python Developer,0.3096057
React Developer,0.36790764
React Developer,0.3285217
React Developer,0.44393864
SAP Developer,0.35461512
SAP Developer,0.4850072
SAP Developer,0.44989705
SQL Developer,0.31955406
SQL Developer,0.43301883
SQL Developer,0.41127643
Sales,0.5876096
Sales,0.534146
Sales,0.5054166
Testing,0.30191535
Testing,0.3533516
Testing,0.24849522
Web Designing,0.28957042
Web Designing,0.40762094
Web Designing,0.3702283
Accountant,0.3641901
Accountant,0.4268418
Accountant,0.38813734
Advocate,0.4549446
Advocate,0.5125048
Advocate,0.4911929
Agriculture,0.2910183
Agriculture,0.368955
Agriculture,0.25653577
Apparel,0.35286942
Apparel,0.31434184
Apparel,0.32886875
Architecture,0.35880673
Architecture,0.22312564
Architecture,0.376703
Arts,0.22119851
Arts,0.3637111
Arts,0.20458749
Automobile,0.3525837
Automobile,0.2748004
Automobile,0.38200966
Aviation,0.31999388
Aviation,0.2689807
Aviation,0.3388239
BPO,0.2675151
BPO,0.2736656
BPO,0.40767312
Banking,0.43041193
Banking,0.28405365
Banking,0.46034387
Blockchain,0.32362834
Blockchain,0.35958824
Blockchain,0.22095531
Building and Construction,0.3743438
Building and Construction,0.36683398
Building and Construction,0.3059029
Business Analyst,0.3769073
Business Analyst,0.32315207
Business Analyst,0.2937882
Civil Engineer,0.41654268
Civil Engineer,0.22156425
Civil Engineer,0.21094568
Consultant,0.3207045
Consultant,0.3392684
Consultant,0.36108777
Data Science,0.2995034
Data Science,0.3107266
Data Science,0.39695895
Database,0.35056782
Database,0.32764557
Database,0.27626425
Designing,0.1924126
Designing,0.19504647
Designing,0.27889714
DevOps,0.22446781
DevOps,0.32168326
DevOps,0.36603898
Digital Media,0.24132839
Digital Media,0.28235954
Digital Media,0.3047871
DotNet Developer,0.27825636
DotNet Developer,0.36766502
DotNet Developer,0.32479623
ETL Developer,0.26898876
ETL Developer,0.264872
ETL Developer,0.34715036
Education,0.30593407
Education,0.2419006
Education,0.22923802
Electrical Engineering,0.35657656
Electrical Engineering,0.2626918
Electrical Engineering,0.38092986
Finance,0.40217727
Finance,0.30807447
Finance,0.35060313
Food and Beverages,0.33322737
Food and Beverages,0.31547883
Food and Beverages,0.31047153
Health and Fitness,0.34440356
Health and Fitness,0.4245851
Health and Fitness,0.3084925
Human Resources,0.42906487
Human Resources,0.32175717
Human Resources,0.4681119
Information Technology,0.3540886
Information Technology,0.38861695
Information Technology,0.3887414
Java Developer,0.26728928
Java Developer,0.23510726
Java Developer,0.2718142
Management,0.34648588
Management,0.34388807
Management,0.26884788
Mechanical Engineer,0.2768821
Mechanical Engineer,0.33197206
Mechanical Engineer,0.33707342
Network Security Engineer,0.24017105
Network Security Engineer,0.35425773
Network Security Engineer,0.36910835
Operations Manager,0.3835864
Operations Manager,0.37446374
Operations Manager,0.40817547
PMO,0.34697947
PMO,0.3434453
PMO,0.35590586
Public Relations,0.2518681
Public Relations,0.40115663
Public Relations,0.3070097
Python Developer,0.30832788
Python Developer,0.22978234
Python Developer,0.27343315
React Developer,0.2507126
React Developer,0.2821567
React Developer,0.46074793
SAP Developer,0.35932508
SAP Developer,0.39896792
SAP Developer,0.33530104
SQL Developer,0.28875446
SQL Developer,0.35100785
SQL Developer,0.3279321
Sales,0.53046376
Sales,0.28511453
Sales,0.36656427
Testing,0.4534432
Testing,0.4555617
Testing,0.43449223
Web Designing,0.29773846
Web Designing,0.31135547
Web Designing,0.21036088
Accountant,0.34156302
Accountant,0.45907462
Accountant,0.38350818
Advocate,0.33924183
Advocate,0.39771062
Advocate,0.38781312
Agriculture,0.29559296
Agriculture,0.39265254
Agriculture,0.30606285
Apparel,0.35934573
Apparel,0.40007913
Apparel,0.382219
Architecture,0.32815272
Architecture,0.28911301
Architecture,0.3512365
Arts,0.2941799
Arts,0.32579905
Arts,0.21758327
Automobile,0.32743725
Automobile,0.32120943
Automobile,0.37202924
Aviation,0.3242459
Aviation,0.25917462
Aviation,0.34290394
BPO,0.37437537
BPO,0.36263832
BPO,0.4471523
Banking,0.39231974
Banking,0.39719868
Banking,0.40375376
Blockchain,0.27850664
Blockchain,0.41893688
Blockchain,0.29333785
Building and Construction,0.38614574
Building and Construction,0.3574522
Building and Construction,0.32128626
Business Analyst,0.40638766
Business Analyst,0.41260192
Business Analyst,0.37996247
Civil Engineer,0.35682166
Civil Engineer,0.22950509
Civil Engineer,0.26702717
Consultant,0.2335592
Consultant,0.37728235
Consultant,0.43313107
Data Science,0.2887507
Data Science,0.334785
Data Science,0.3267845
Database,0.35124683
Database,0.384675
Database,0.37895182
Designing,0.27743798
Designing,0.2954943
Designing,0.3543746
DevOps,0.27933386
DevOps,0.38784185
DevOps,0.3790946
Digital Media,0.30540073
Digital Media,0.3919498
Digital Media,0.45475024
DotNet Developer,0.37513006
DotNet Developer,0.3598272
DotNet Developer,0.35833088
ETL Developer,0.36638376
ETL Developer,0.3523599
ETL Developer,0.40355152
Education,0.2996137
Education,0.25830305
Education,0.21784137
Electrical Engineering,0.34373537
Electrical Engineering,0.25862667
Electrical Engineering,0.38490915
Finance,0.416502
Finance,0.37739307
Finance,0.41349575
Food and Beverages,0.34033743
Food and Beverages,0.36905304
Food and Beverages,0.34173048
Health and Fitness,0.32070652
Health and Fitness,0.32159093
Health and Fitness,0.2648674
Human Resources,0.42735723
Human Resources,0.3047416
Human Resources,0.3955951
Information Technology,0.4130976
Information Technology,0.4221156
Information Technology,0.43088797
Java Developer,0.36755198
Java Developer,0.2971404
Java Developer,0.35784668
Management,0.41180304
Management,0.3417481
Management,0.32964832
Mechanical Engineer,0.30731267
Mechanical Engineer,0.34797463
Mechanical Engineer,0.36067313
Network Security Engineer,0.30650994
Network Security Engineer,0.37819064
Network Security Engineer,0.3771597
Operations Manager,0.37775236
Operations Manager,0.388356
Operations Manager,0.44448087
PMO,0.36965883
PMO,0.3743242
PMO,0.40357712
Public Relations,0.36560374
Public Relations,0.3832738
Public Relations,0.3194517
Python Developer,0.3748417
Python Developer,0.26872036
Python Developer,0.32803747
React Developer,0.36658308
React Developer,0.35889027
React Developer,0.42355713
SAP Developer,0.34751317
SAP Developer,0.4284239
SAP Developer,0.38382417
SQL Developer,0.3361584
SQL Developer,0.39347237
SQL Developer,0.39717185
Sales,0.39284194
Sales,0.403086
Sales,0.3844914
Testing,0.27791592
Testing,0.27144176
Testing,0.26242054
Web Designing,0.3957788
Web Designing,0.3758682
Web Designing,0.32557738
Accountant,0.3192424
Accountant,0.39372018
Accountant,0.34530318
Advocate,0.3863604
Advocate,0.3733982
Advocate,0.3707725
Agriculture,0.29324117
Agriculture,0.31344095
Agriculture,0.28315374
Apparel,0.31240386
Apparel,0.30951017
Apparel,0.32368016
Architecture,0.3529604
Architecture,0.2920784
Architecture,0.38763532
Arts,0.2681054
Arts,0.4314751
Arts,0.34326243
Automobile,0.29665026
Automobile,0.30630147
Automobile,0.3548941
Aviation,0.3374064
Aviation,0.2575889
Aviation,0.36528885
BPO,0.25397837
BPO,0.28716493
BPO,0.3770838
Banking,0.31917652
Banking,0.33235717
Banking,0.40758443
Blockchain,0.2673499
Blockchain,0.3187981
Blockchain,0.2438094
Building and Construction,0.34698436
Building and Construction,0.34160098
Building and Construction,0.31929886
Business Analyst,0.34843513
Business Analyst,0.35927573
Business Analyst,0.29548913
Civil Engineer,0.35111305
Civil Engineer,0.32629874
Civil Engineer,0.26765192
Consultant,0.29379192
Consultant,0.30019423
Consultant,0.3412127
Data Science,0.38638797
Data Science,0.39242542
Data Science,0.32800952
Database,0.3036627
Database,0.31514782
Database,0.29235542
Designing,0.19231506
Designing,0.24533886
Designing,0.32929975
DevOps,0.25641066
DevOps,0.29767495
DevOps,0.36581895
Digital Media,0.31613272
Digital Media,0.31938508
Digital Media,0.3089592
DotNet Developer,0.281787
DotNet Developer,0.3083629
DotNet Developer,0.291089
ETL Developer,0.24531002
ETL Developer,0.24094132
ETL Developer,0.33507797
Education,0.39441636
Education,0.36489722
Education,0.35024455
Electrical Engineering,0.33738735
Electrical Engineering,0.25895223
Electrical Engineering,0.33697343
Finance,0.35958862
Finance,0.30746904
Finance,0.33549717
Food and Beverages,0.29511598
Food and Beverages,0.3214953
Food and Beverages,0.34431827
Health and Fitness,0.35350376
Health and Fitness,0.37477455
Health and Fitness,0.31260306
Human Resources,0.40210217
Human Resources,0.3379848
Human Resources,0.34790438
Information Technology,0.3276939
Information Technology,0.3381568
Information Technology,0.3489184
Java Developer,0.29391822
Java Developer,0.27758437
Java Developer,0.30292982
Management,0.3240253
Management,0.30981398
Management,0.31300983
Mechanical Engineer,0.28802842
Mechanical Engineer,0.3196964
Mechanical Engineer,0.33128327
Network Security Engineer,0.26571572
Network Security Engineer,0.3164858
Network Security Engineer,0.30931658
Operations Manager,0.33228603
Operations Manager,0.34328103
Operations Manager,0.36666256
PMO,0.3153749
PMO,0.34448123
PMO,0.3216549
Public Relations,0.34032452
Public Relations,0.4092515
Public Relations,0.33589545
Python Developer,0.28384075
Python Developer,0.22582713
Python Developer,0.3018514
React Developer,0.22655001
React Developer,0.2799452
React Developer,0.4205856
SAP Developer,0.31900415
SAP Developer,0.3296747
SAP Developer,0.3054062
SQL Developer,0.32192707
SQL Developer,0.35913152
SQL Developer,0.30383903
Sales,0.36175618
Sales,0.29039317
Sales,0.338656
Testing,0.3314825
Testing,0.32687473
Testing,0.28112632
Web Designing,0.32820132
Web Designing,0.26892263
Web Designing,0.2749865
Accountant,0.3748719
Accountant,0.44336942
Accountant,0.41043317
Advocate,0.32646456
Advocate,0.4137416
Advocate,0.33877835
Agriculture,0.28912264
Agriculture,0.37725875
Agriculture,0.27208447
Apparel,0.38155445
Apparel,0.3662624
Apparel,0.34869444
Architecture,0.4371461
Architecture,0.2825547
Architecture,0.31721586
Arts,0.27372056
Arts,0.28301358
Arts,0.14173843
Automobile,0.40050614
Automobile,0.33338585
Automobile,0.38960484
Aviation,0.34013087
Aviation,0.35721812
Aviation,0.40123266
BPO,0.3118945
BPO,0.39267072
BPO,0.43518656
Banking,0.4143986
Banking,0.32701358
Banking,0.4007966
Blockchain,0.36006343
Blockchain,0.40536356
Blockchain,0.41203004
Building and Construction,0.42451996
Building and Construction,0.4186851
Building and Construction,0.3567247
Business Analyst,0.44417176
Business Analyst,0.41283634
Business Analyst,0.39726344
Civil Engineer,0.40687698
Civil Engineer,0.21250744
Civil Engineer,0.29383725
Consultant,0.16522877
Consultant,0.49121732
Consultant,0.40819755
Data Science,0.24963303
Data Science,0.26967192
Data Science,0.3943722
Database,0.444335
Database,0.50404924
Database,0.38270953
Designing,0.2236433
Designing,0.24388139
Designing,0.32171184
DevOps,0.38221344
DevOps,0.48272535
DevOps,0.449098
Digital Media,0.26784715
Digital Media,0.33473834
Digital Media,0.338438
DotNet Developer,0.47639018
DotNet Developer,0.41547948
DotNet Developer,0.41266584
ETL Developer,0.42510703
ETL Developer,0.37211695
ETL Developer,0.44941604
Education,0.24988322
Education,0.23313805
Education,0.2019492
Electrical Engineering,0.44018573
Electrical Engineering,0.3504541
Electrical Engineering,0.4327586
Finance,0.37930933
Finance,0.3558265
Finance,0.41235203
Food and Beverages,0.39778444
Food and Beverages,0.31514943
Food and Beverages,0.31909156
Health and Fitness,0.2552527
Health and Fitness,0.32674673
Health and Fitness,0.24989161
Human Resources,0.40522924
Human Resources,0.33413804
Human Resources,0.43172103
Information Technology,0.41361699
Information Technology,0.48695385
Information Technology,0.50529
Java Developer,0.41152862
Java Developer,0.37745655
Java Developer,0.408296
Management,0.32995522
Management,0.3879004
Management,0.360457
Mechanical Engineer,0.3328746
Mechanical Engineer,0.4093354
Mechanical Engineer,0.41770864
Network Security Engineer,0.4428786
Network Security Engineer,0.5035417
Network Security Engineer,0.50687116
Operations Manager,0.35949117
Operations Manager,0.4076926
Operations Manager,0.4295341
PMO,0.38710317
PMO,0.43879104
PMO,0.43695292
Public Relations,0.24373169
Public Relations,0.39922336
Public Relations,0.22068654
Python Developer,0.418876
Python Developer,0.3167407
Python Developer,0.45159236
React Developer,0.33167133
React Developer,0.40723953
React Developer,0.3871298
SAP Developer,0.4333063
SAP Developer,0.46997467
SAP Developer,0.42581028
SQL Developer,0.38029453
SQL Developer,0.44953802
SQL Developer,0.4394503
Sales,0.39089355
Sales,0.3346505
Sales,0.3140135
Testing,0.2945596
Testing,0.31254393
Testing,0.30680576
Web Designing,0.48124743
Web Designing,0.4220574
Web Designing,0.22229406
Accountant,0.37673733
Accountant,0.46444556
Accountant,0.40461865
Advocate,0.40082148
Advocate,0.42926973
Advocate,0.3836776
Agriculture,0.33282974
Agriculture,0.42756417
Agriculture,0.35306266
Apparel,0.36673084
Apparel,0.4727035
Apparel,0.41298485
Architecture,0.38337013
Architecture,0.3985652
Architecture,0.40760764
Arts,0.36391535
Arts,0.4035944
Arts,0.33383045
Automobile,0.35413918
Automobile,0.33799192
Automobile,0.39471316
Aviation,0.3361139
Aviation,0.28405565
Aviation,0.38358366
BPO,0.38477054
BPO,0.405314
BPO,0.44528332
Banking,0.37988207
Banking,0.35374698
Banking,0.41500333
Blockchain,0.31000033
Blockchain,0.4109053
Blockchain,0.29281723
Building and Construction,0.39348856
Building and Construction,0.38143477
Building and Construction,0.43219012
Business Analyst,0.43158635
Business Analyst,0.42800054
Business Analyst,0.39111495
Civil Engineer,0.4006255
Civil Engineer,0.29324254
Civil Engineer,0.31692207
Consultant,0.28922826
Consultant,0.39489633
Consultant,0.45042312
Data Science,0.37231076
Data Science,0.40978065
Data Science,0.33771458
Database,0.3814822
Database,0.38422617
Database,0.37582806
Designing,0.32539025
Designing,0.34972876
Designing,0.43809617
DevOps,0.30998108
DevOps,0.40507802
DevOps,0.40810215
Digital Media,0.4214018
Digital Media,0.44870612
Digital Media,0.44707298
DotNet Developer,0.40610504
DotNet Developer,0.37487748
DotNet Developer,0.4108985
ETL Developer,0.32447585
ETL Developer,0.35644698
ETL Developer,0.42905393
Education,0.3497277
Education,0.33428425
Education,0.30646825
Electrical Engineering,0.37790942
Electrical Engineering,0.30111784
Electrical Engineering,0.38236403
Finance,0.42903543
Finance,0.39465725
Finance,0.4343274
Food and Beverages,0.33908325
Food and Beverages,0.4021324
Food and Beverages,0.4053311
Health and Fitness,0.3486769
Health and Fitness,0.37252232
Health and Fitness,0.31853113
Human Resources,0.44855323
Human Resources,0.35731927
Human Resources,0.41096553
Information Technology,0.42314965
Information Technology,0.41837564
Information Technology,0.44528815
Java Developer,0.3879207
Java Developer,0.3252351
Java Developer,0.3661494
Management,0.41877857
Management,0.37831488
Management,0.3261194
Mechanical Engineer,0.34702274
Mechanical Engineer,0.39715067
Mechanical Engineer,0.38371542
Network Security Engineer,0.3281557
Network Security Engineer,0.40086353
Network Security Engineer,0.40566584
Operations Manager,0.41629183
Operations Manager,0.40500394
Operations Manager,0.45377997
PMO,0.41937688
PMO,0.42466813
PMO,0.43505266
Public Relations,0.414615
Public Relations,0.42268196
Public Relations,0.40172586
Python Developer,0.36476737
Python Developer,0.306468
Python Developer,0.3577337
React Developer,0.3925526
React Developer,0.38694263
React Developer,0.44620022
SAP Developer,0.37474352
SAP Developer,0.46013442
SAP Developer,0.40328795
SQL Developer,0.31734884
SQL Developer,0.40480137
SQL Developer,0.397924
Sales,0.4173374
Sales,0.43284225
Sales,0.41464067
Testing,0.3465313
Testing,0.31455594
Testing,0.30561197
Web Designing,0.40699664
Web Designing,0.38212687
Web Designing,0.3981213
Accountant,0.32961586
Accountant,0.44717187
Accountant,0.3776292
Advocate,0.3474407
Advocate,0.41508466
Advocate,0.37806335
Agriculture,0.32434192
Agriculture,0.44064608
Agriculture,0.29976702
Apparel,0.35145447
Apparel,0.45084175
Apparel,0.4053419
Architecture,0.3329212
Architecture,0.33112538
Architecture,0.36270148
Arts,0.31057104
Arts,0.3445571
Arts,0.26891607
Automobile,0.3365664
Automobile,0.32902053
Automobile,0.40213728
Aviation,0.31475332
Aviation,0.27610576
Aviation,0.3629011
BPO,0.38559613
BPO,0.41681984
BPO,0.42255262
Banking,0.36943716
Banking,0.3490783
Banking,0.39869377
Blockchain,0.2820954
Blockchain,0.433572
Blockchain,0.2837235
Building and Construction,0.4104563
Building and Construction,0.38060728
Building and Construction,0.34850767
Business Analyst,0.41417804
Business Analyst,0.4205636
Business Analyst,0.41096014
Civil Engineer,0.3719482
Civil Engineer,0.24918537
Civil Engineer,0.29587948
Consultant,0.24967085
Consultant,0.382116
Consultant,0.46817425
Data Science,0.34494328
Data Science,0.37517917
Data Science,0.30347502
Database,0.3620184
Database,0.3888288
Database,0.36104375
Designing,0.30766046
Designing,0.26638556
Designing,0.404949
DevOps,0.3005513
DevOps,0.3924934
DevOps,0.38633835
Digital Media,0.34721482
Digital Media,0.45613405
Digital Media,0.47075033
DotNet Developer,0.38328508
DotNet Developer,0.34685516
DotNet Developer,0.41135225
ETL Developer,0.34582457
ETL Developer,0.35618785
ETL Developer,0.43878636
Education,0.29959917
Education,0.25721025
Education,0.2395183
Electrical Engineering,0.3539909
Electrical Engineering,0.27825633
Electrical Engineering,0.39225012
Finance,0.4296069
Finance,0.4129934
Finance,0.42693034
Food and Beverages,0.35060292
Food and Beverages,0.38675508
Food and Beverages,0.36608437
Health and Fitness,0.3233751
Health and Fitness,0.34218094
Health and Fitness,0.26824212
Human Resources,0.4234603
Human Resources,0.28861699
Human Resources,0.38763353
Information Technology,0.44038415
Information Technology,0.44134554
Information Technology,0.45132282
Java Developer,0.35759184
Java Developer,0.29389235
Java Developer,0.36847624
Management,0.45222032
Management,0.3514239
Management,0.3354289
Mechanical Engineer,0.32686862
Mechanical Engineer,0.3795399
Mechanical Engineer,0.38736206
Network Security Engineer,0.2817779
Network Security Engineer,0.3904279
Network Security Engineer,0.38491005
Operations Manager,0.3871786
Operations Manager,0.41509303
Operations Manager,0.4696349
PMO,0.41171056
PMO,0.41376963
PMO,0.4560829
Public Relations,0.43855006
Public Relations,0.40028542
Public Relations,0.3368859
Python Developer,0.34496674
Python Developer,0.29986867
Python Developer,0.35869136
React Developer,0.40162766
React Developer,0.37561744
React Developer,0.4387493
SAP Developer,0.35036203
SAP Developer,0.46334726
SAP Developer,0.3844951
SQL Developer,0.316611
SQL Developer,0.3747822
SQL Developer,0.39084703
Sales,0.40239978
Sales,0.43059492
Sales,0.3995249
Testing,0.30672634
Testing,0.26436406
Testing,0.25467116
Web Designing,0.38570166
Web Designing,0.37702563
Web Designing,0.33700356
Accountant,0.40634274
Accountant,0.37079525
Accountant,0.34245414
Advocate,0.27899474
Advocate,0.4125492
Advocate,0.29666945
Agriculture,0.2588703
Agriculture,0.34764808
Agriculture,0.25962624
Apparel,0.28139526
Apparel,0.37081838
Apparel,0.27564615
Architecture,0.36898363
Architecture,0.2990481
Architecture,0.3154688
Arts,0.22922705
Arts,0.2530875
Arts,0.16090792
Automobile,0.31931594
Automobile,0.2927748
Automobile,0.3345452
Aviation,0.32307568
Aviation,0.3062411
Aviation,0.33619276
BPO,0.24000603
BPO,0.35295528
BPO,0.4291151
Banking,0.28985524
Banking,0.28683218
Banking,0.38785312
Blockchain,0.3110855
Blockchain,0.34217662
Blockchain,0.32969266
Building and Construction,0.35026148
Building and Construction,0.35777423
Building and Construction,0.369874
Business Analyst,0.47092894
Business Analyst,0.41945225
Business Analyst,0.42012897
Civil Engineer,0.29464185
Civil Engineer,0.26375437
Civil Engineer,0.3151975
Consultant,0.14176396
Consultant,0.41646618
Consultant,0.3550846
Data Science,0.2441923
Data Science,0.2783127
Data Science,0.33364332
Database,0.37727085
Database,0.44159332
Database,0.35502473
Designing,0.2509042
Designing,0.21389712
Designing,0.37327003
DevOps,0.3187115
DevOps,0.3963282
DevOps,0.38659477
Digital Media,0.27420953
Digital Media,0.34795818
Digital Media,0.3177689
DotNet Developer,0.44195113
DotNet Developer,0.3507586
DotNet Developer,0.44317544
ETL Developer,0.37048575
ETL Developer,0.36274052
ETL Developer,0.44418705
Education,0.21921001
Education,0.2028607
Education,0.20187576
Electrical Engineering,0.34492722
Electrical Engineering,0.26808956
Electrical Engineering,0.364678
Finance,0.35849193
Finance,0.33947682
Finance,0.3454557
Food and Beverages,0.33429262
Food and Beverages,0.27217165
Food and Beverages,0.27423796
Health and Fitness,0.23600009
Health and Fitness,0.2693161
Health and Fitness,0.19342594
Human Resources,0.36910483
Human Resources,0.32946655
Human Resources,0.34912956
Information Technology,0.40703148
Information Technology,0.47364604
Information Technology,0.41377044
Java Developer,0.38996866
Java Developer,0.4195908
Java Developer,0.38256767
Management,0.2662328
Management,0.29669318
Management,0.31602082
Mechanical Engineer,0.3480807
Mechanical Engineer,0.38836294
Mechanical Engineer,0.3835674
Network Security Engineer,0.3551456
Network Security Engineer,0.43998837
Network Security Engineer,0.4045253
Operations Manager,0.28864694
Operations Manager,0.35669872
Operations Manager,0.36870438
PMO,0.3742548
PMO,0.40859106
PMO,0.40833318
Public Relations,0.23544197
Public Relations,0.33643755
Public Relations,0.18177325
Python Developer,0.362475
Python Developer,0.3858986
Python Developer,0.4215985
React Developer,0.36296865
React Developer,0.41676232
React Developer,0.34106392
SAP Developer,0.39143658
SAP Developer,0.4462822
SAP Developer,0.42440948
SQL Developer,0.3297259
SQL Developer,0.43996647
SQL Developer,0.3964382
Sales,0.32215673
Sales,0.31813845
Sales,0.28817323
Testing,0.2663068
Testing,0.24635312
Testing,0.24675947
Web Designing,0.40812078
Web Designing,0.3922289
Web Designing,0.23759381
Accountant,0.3540222
Accountant,0.39772254
Accountant,0.39321655
Advocate,0.3131996
Advocate,0.38431185
Advocate,0.32942677
Agriculture,0.27297497
Agriculture,0.3324255
Agriculture,0.26458827
Apparel,0.32593936
Apparel,0.32769102
Apparel,0.35404357
Architecture,0.42536598
Architecture,0.2693193
Architecture,0.33183286
Arts,0.23096028
Arts,0.32078132
Arts,0.15531512
Automobile,0.3630663
Automobile,0.30736756
Automobile,0.3785868
Aviation,0.33519632
Aviation,0.31612194
Aviation,0.37683275
BPO,0.2958414
BPO,0.3769867
BPO,0.39943293
Banking,0.3635872
Banking,0.31855893
Banking,0.39048395
Blockchain,0.3331727
Blockchain,0.39235023
Blockchain,0.3522156
Building and Construction,0.37641692
Building and Construction,0.3827383
Building and Construction,0.30930156
Business Analyst,0.4168697
Business Analyst,0.3944047
Business Analyst,0.35428855
Civil Engineer,0.3859593
Civil Engineer,0.20027474
Civil Engineer,0.2694636
Consultant,0.17639633
Consultant,0.4991743
Consultant,0.37947527
Data Science,0.25048733
Data Science,0.27941257
Data Science,0.40164414
Database,0.44017032
Database,0.47545156
Database,0.35989317
Designing,0.19187717
Designing,0.25611308
Designing,0.29253885
DevOps,0.39376506
DevOps,0.46472114
DevOps,0.4420414
Digital Media,0.26420417
Digital Media,0.30783805
Digital Media,0.31336296
DotNet Developer,0.4023796
DotNet Developer,0.3675397
DotNet Developer,0.37160856
ETL Developer,0.36647323
ETL Developer,0.30943626
ETL Developer,0.39758548
Education,0.23920128
Education,0.22277372
Education,0.21026978
Electrical Engineering,0.39317626
Electrical Engineering,0.31374186
Electrical Engineering,0.40651774
Finance,0.37621105
Finance,0.3361745
Finance,0.38023123
Food and Beverages,0.33641547
Food and Beverages,0.31791902
Food and Beverages,0.33874464
Health and Fitness,0.2626151
Health and Fitness,0.31424114
Health and Fitness,0.23474967
Human Resources,0.39476642
Human Resources,0.33694774
Human Resources,0.40038997
Information Technology,0.41027263
Information Technology,0.47919813
Information Technology,0.45915836
Java Developer,0.38069034
Java Developer,0.34939045
Java Developer,0.38088727
Management,0.32829607
Management,0.35199156
Management,0.32087705
Mechanical Engineer,0.3217182
Mechanical Engineer,0.34765738
Mechanical Engineer,0.38484192
Network Security Engineer,0.40345997
Network Security Engineer,0.47052786
Network Security Engineer,0.45728862
Operations Manager,0.3261783
Operations Manager,0.35477757
Operations Manager,0.39999768
PMO,0.35347703
PMO,0.38648248
PMO,0.39579967
Public Relations,0.23524241
Public Relations,0.3922386
Public Relations,0.22279833
Python Developer,0.39510384
Python Developer,0.3015387
Python Developer,0.4349875
React Developer,0.29129553
React Developer,0.38714704
React Developer,0.38197008
SAP Developer,0.4229593
SAP Developer,0.44959056
SAP Developer,0.38961658
SQL Developer,0.37591386
SQL Developer,0.4154556
SQL Developer,0.4072912
Sales,0.37138158
Sales,0.3095692
Sales,0.2896025
Testing,0.29842353
Testing,0.29520407
Testing,0.2910786
Web Designing,0.42367986
Web Designing,0.38452414
Web Designing,0.2329352
Accountant,0.39648393
Accountant,0.44039187
Accountant,0.38234124
Advocate,0.31908572
Advocate,0.40156156
Advocate,0.3730576
Agriculture,0.3376808
Agriculture,0.46552154
Agriculture,0.33943135
Apparel,0.3936535
Apparel,0.4300083
Apparel,0.37278745
Architecture,0.36111227
Architecture,0.39585382
Architecture,0.37192065
Arts,0.31331956
Arts,0.39133745
Arts,0.2548647
Automobile,0.3549004
Automobile,0.36845854
Automobile,0.42583424
Aviation,0.32644653
Aviation,0.37294698
Aviation,0.4243361
BPO,0.34262252
BPO,0.46995217
BPO,0.45095783
Banking,0.3678531
Banking,0.36591563
Banking,0.4307668
Blockchain,0.2869538
Blockchain,0.37777552
Blockchain,0.29363915
Building and Construction,0.47316033
Building and Construction,0.46777588
Building and Construction,0.44423535
Business Analyst,0.421594
Business Analyst,0.41893995
Business Analyst,0.38862443
Civil Engineer,0.3773228
Civil Engineer,0.3164862
Civil Engineer,0.39488447
Consultant,0.21895157
Consultant,0.37969512
Consultant,0.4288692
Data Science,0.3492354
Data Science,0.37856355
Data Science,0.3865834
Database,0.36721754
Database,0.3923601
Database,0.37548238
Designing,0.28830093
Designing,0.3302379
Designing,0.4190623
DevOps,0.31237724
DevOps,0.45964313
DevOps,0.4098231
Digital Media,0.31744266
Digital Media,0.4264853
Digital Media,0.3873192
DotNet Developer,0.39485705
DotNet Developer,0.3620974
DotNet Developer,0.39314792
ETL Developer,0.3260656
ETL Developer,0.36799973
ETL Developer,0.41185543
Education,0.31296316
Education,0.27214727
Education,0.29016092
Electrical Engineering,0.44477966
Electrical Engineering,0.38020173
Electrical Engineering,0.44202933
Finance,0.41460982
Finance,0.4199503
Finance,0.47579738
Food and Beverages,0.38098294
Food and Beverages,0.39001265
Food and Beverages,0.39342993
Health and Fitness,0.33361024
Health and Fitness,0.3598433
Health and Fitness,0.28216225
Human Resources,0.46236378
Human Resources,0.3435673
Human Resources,0.42281023
Information Technology,0.44297808
Information Technology,0.46670932
Information Technology,0.41464058
Java Developer,0.36549568
Java Developer,0.32707903
Java Developer,0.3621487
Management,0.36452124
Management,0.33636883
Management,0.3825441
Mechanical Engineer,0.4373135
Mechanical Engineer,0.40648597
Mechanical Engineer,0.45553735
Network Security Engineer,0.31970996
Network Security Engineer,0.4357469
Network Security Engineer,0.4301912
Operations Manager,0.37448743
Operations Manager,0.42753565
Operations Manager,0.45449758
PMO,0.4481064
PMO,0.49453244
PMO,0.46909982
Public Relations,0.35993412
Public Relations,0.39514378
Public Relations,0.29217744
Python Developer,0.3441607
Python Developer,0.29514748
Python Developer,0.37432417
React Developer,0.3472359
React Developer,0.3746131
React Developer,0.42204928
SAP Developer,0.35586947
SAP Developer,0.4685701
SAP Developer,0.40559536
SQL Developer,0.31611702
SQL Developer,0.39111838
SQL Developer,0.36802384
Sales,0.38741797
Sales,0.36450684
Sales,0.3540356
Testing,0.34170786
Testing,0.2663177
Testing,0.27722022
Web Designing,0.40325728
Web Designing,0.39680517
Web Designing,0.30909964
Accountant,0.40590668
Accountant,0.4744202
Accountant,0.42952845
Advocate,0.32601258
Advocate,0.38348588
Advocate,0.3936342
Agriculture,0.3270168
Agriculture,0.49343204
Agriculture,0.27431566
Apparel,0.36704886
Apparel,0.41130072
Apparel,0.3576918
Architecture,0.3434184
Architecture,0.37000528
Architecture,0.4180886
Arts,0.32170254
Arts,0.37426192
Arts,0.22808768
Automobile,0.35940075
Automobile,0.30826685
Automobile,0.40747824
Aviation,0.349448
Aviation,0.32503155
Aviation,0.40587074
BPO,0.31316063
BPO,0.43441862
BPO,0.47034207
Banking,0.38536963
Banking,0.32721996
Banking,0.4605766
Blockchain,0.26198924
Blockchain,0.38168737
Blockchain,0.26769012
Building and Construction,0.43355873
Building and Construction,0.4330426
Building and Construction,0.4155401
Business Analyst,0.45230454
Business Analyst,0.43617445
Business Analyst,0.3907485
Civil Engineer,0.41107765
Civil Engineer,0.2926189
Civil Engineer,0.35944566
Consultant,0.21753894
Consultant,0.3667141
Consultant,0.41293415
Data Science,0.3498305
Data Science,0.35572502
Data Science,0.37541786
Database,0.35499102
Database,0.40236276
Database,0.37076566
Designing,0.23542967
Designing,0.27562156
Designing,0.4093988
DevOps,0.27704817
DevOps,0.43272135
DevOps,0.38176483
Digital Media,0.30874708
Digital Media,0.38018507
Digital Media,0.40345314
DotNet Developer,0.3911355
DotNet Developer,0.32800516
DotNet Developer,0.40572602
ETL Developer,0.3298235
ETL Developer,0.36255792
ETL Developer,0.41096953
Education,0.33053267
Education,0.26666847
Education,0.23511481
Electrical Engineering,0.40542337
Electrical Engineering,0.31245026
Electrical Engineering,0.43829668
Finance,0.43856043
Finance,0.398744
Finance,0.4752244
Food and Beverages,0.38419864
Food and Beverages,0.34289303
Food and Beverages,0.34193897
Health and Fitness,0.31691375
Health and Fitness,0.31914043
Health and Fitness,0.26157838
Human Resources,0.4560548
Human Resources,0.3365002
Human Resources,0.39248714
Information Technology,0.45729223
Information Technology,0.40512154
Information Technology,0.38882926
Java Developer,0.3239951
Java Developer,0.3312562
Java Developer,0.36442763
Management,0.3817643
Management,0.36475062
Management,0.31777713
Mechanical Engineer,0.39257693
Mechanical Engineer,0.39319408
Mechanical Engineer,0.41259235
Network Security Engineer,0.25778782
Network Security Engineer,0.41626787
Network Security Engineer,0.41978565
Operations Manager,0.35959023
Operations Manager,0.38403946
Operations Manager,0.4781493
PMO,0.41310397
PMO,0.43897784
PMO,0.44259754
Public Relations,0.34008098
Public Relations,0.39062983
Public Relations,0.2559336
Python Developer,0.29977772
Python Developer,0.29080027
Python Developer,0.3217519
React Developer,0.35061052
React Developer,0.36685988
React Developer,0.44777524
SAP Developer,0.35964406
SAP Developer,0.4815997
SAP Developer,0.4057903
SQL Developer,0.30665046
SQL Developer,0.39742753
SQL Developer,0.42128867
Sales,0.40507284
Sales,0.334622
Sales,0.31539848
Testing,0.35988882
Testing,0.30348307
Testing,0.29560503
Web Designing,0.37113482
Web Designing,0.4049174
Web Designing,0.25951612
Accountant,0.3066266
Accountant,0.3635278
Accountant,0.3055027
Advocate,0.38500687
Advocate,0.41739944
Advocate,0.38202736
Agriculture,0.24024245
Agriculture,0.31956992
Agriculture,0.2860599
Apparel,0.32680148
Apparel,0.29575816
Apparel,0.32583928
Architecture,0.33132538
Architecture,0.26621813
Architecture,0.36692366
Arts,0.23624653
Arts,0.33651662
Arts,0.24052227
Automobile,0.30948955
Automobile,0.30079135
Automobile,0.37074935
Aviation,0.3176531
Aviation,0.27616978
Aviation,0.32410136
BPO,0.23369737
BPO,0.24283819
BPO,0.35645574
Banking,0.34785178
Banking,0.23192401
Banking,0.37128982
Blockchain,0.2309561
Blockchain,0.26683244
Blockchain,0.16975069
Building and Construction,0.34240195
Building and Construction,0.3215992
Building and Construction,0.30653623
Business Analyst,0.29910824
Business Analyst,0.26318496
Business Analyst,0.26542827
Civil Engineer,0.3204632
Civil Engineer,0.27677146
Civil Engineer,0.24125886
Consultant,0.37157106
Consultant,0.27635565
Consultant,0.32731152
Data Science,0.280045
Data Science,0.29645163
Data Science,0.3630805
Database,0.33587953
Database,0.30486163
Database,0.28387883
Designing,0.18704876
Designing,0.20229775
Designing,0.23545091
DevOps,0.2051791
DevOps,0.27748787
DevOps,0.29400206
Digital Media,0.2598171
Digital Media,0.23704834
Digital Media,0.28193936
DotNet Developer,0.2524222
DotNet Developer,0.28747833
DotNet Developer,0.29645061
ETL Developer,0.22679101
ETL Developer,0.24381661
ETL Developer,0.2981422
Education,0.28873494
Education,0.2652438
Education,0.25834903
Electrical Engineering,0.3734521
Electrical Engineering,0.32832745
Electrical Engineering,0.34415653
Finance,0.33535215
Finance,0.2659391
Finance,0.2721878
Food and Beverages,0.3152311
Food and Beverages,0.27806202
Food and Beverages,0.30242053
Health and Fitness,0.3170299
Health and Fitness,0.34878206
Health and Fitness,0.29320335
Human Resources,0.3549419
Human Resources,0.3218966
Human Resources,0.3836408
Information Technology,0.29259062
Information Technology,0.30054465
Information Technology,0.3385056
Java Developer,0.23170274
Java Developer,0.19534014
Java Developer,0.27373576
Management,0.28406578
Management,0.25249514
Management,0.30080873
Mechanical Engineer,0.31104898
Mechanical Engineer,0.3349212
Mechanical Engineer,0.3282793
Network Security Engineer,0.23807171
Network Security Engineer,0.30734482
Network Security Engineer,0.34045216
Operations Manager,0.32082424
Operations Manager,0.32366055
Operations Manager,0.33655488
PMO,0.27387166
PMO,0.31544605
PMO,0.3121794
Public Relations,0.23493505
Public Relations,0.36214316
Public Relations,0.34055498
Python Developer,0.2821352
Python Developer,0.1981825
Python Developer,0.2432398
React Developer,0.22151224
React Developer,0.24639924
React Developer,0.38075656
SAP Developer,0.31712338
SAP Developer,0.34151575
SAP Developer,0.2985695
SQL Developer,0.2642031
SQL Developer,0.3437941
SQL Developer,0.2918806
Sales,0.43572843
Sales,0.26088515
Sales,0.3191113
Testing,0.4497376
Testing,0.44378352
Testing,0.44644806
Web Designing,0.30451918
Web Designing,0.2596522
Web Designing,0.21077105
Accountant,0.32699937
Accountant,0.44686532
Accountant,0.35250795
Advocate,0.30937895
Advocate,0.3951335
Advocate,0.33295104
Agriculture,0.32533956
Agriculture,0.3776819
Agriculture,0.33094564
Apparel,0.30753773
Apparel,0.3861692
Apparel,0.35961065
Architecture,0.3256969
Architecture,0.34398073
Architecture,0.34663033
Arts,0.28514338
Arts,0.31959563
Arts,0.19364348
Automobile,0.32973328
Automobile,0.33192426
Automobile,0.39523238
Aviation,0.29794288
Aviation,0.28703386
Aviation,0.36987644
BPO,0.32074645
BPO,0.4045868
BPO,0.42162436
Banking,0.29989555
Banking,0.35938403
Banking,0.37717322
Blockchain,0.39871186
Blockchain,0.40903336
Blockchain,0.33495802
Building and Construction,0.35481042
Building and Construction,0.3892873
Building and Construction,0.33976436
Business Analyst,0.43059814
Business Analyst,0.4466768
Business Analyst,0.41982156
Civil Engineer,0.34345588
Civil Engineer,0.24696794
Civil Engineer,0.32770807
Consultant,0.19831613
Consultant,0.38246772
Consultant,0.43502825
Data Science,0.29271406
Data Science,0.3316283
Data Science,0.326079
Database,0.44651657
Database,0.45184046
Database,0.40303087
Designing,0.24845745
Designing,0.32867864
Designing,0.3603673
DevOps,0.39442712
DevOps,0.4479345
DevOps,0.45361114
Digital Media,0.30662087
Digital Media,0.3840121
Digital Media,0.3523963
DotNet Developer,0.48098475
DotNet Developer,0.4311428
DotNet Developer,0.4866589
ETL Developer,0.422992
ETL Developer,0.37313348
ETL Developer,0.46359038
Education,0.28741455
Education,0.24944891
Education,0.29154673
Electrical Engineering,0.3644833
Electrical Engineering,0.2634889
Electrical Engineering,0.36962867
Finance,0.37973475
Finance,0.36929274
Finance,0.40004924
Food and Beverages,0.34717956
Food and Beverages,0.36114553
Food and Beverages,0.3569405
Health and Fitness,0.31067598
Health and Fitness,0.30809006
Health and Fitness,0.22768036
Human Resources,0.3868443
Human Resources,0.28354293
Human Resources,0.38780457
Information Technology,0.42445913
Information Technology,0.41823336
Information Technology,0.4376819
Java Developer,0.42428488
Java Developer,0.41025603
Java Developer,0.49320257
Management,0.33567813
Management,0.32132226
Management,0.31008658
Mechanical Engineer,0.35035744
Mechanical Engineer,0.3286292
Mechanical Engineer,0.37878615
Network Security Engineer,0.37944558
Network Security Engineer,0.4434842
Network Security Engineer,0.43271446
Operations Manager,0.32960647
Operations Manager,0.3569474
Operations Manager,0.3877675
PMO,0.37771448
PMO,0.3755293
PMO,0.41960186
Public Relations,0.27478215
Public Relations,0.3765152
Public Relations,0.25624228
Python Developer,0.39396405
Python Developer,0.430173
Python Developer,0.42296597
React Developer,0.44820094
React Developer,0.5020753
React Developer,0.39126638
SAP Developer,0.36072007
SAP Developer,0.40458536
SAP Developer,0.39851415
SQL Developer,0.38243976
SQL Developer,0.41438803
SQL Developer,0.45537168
Sales,0.38274252
Sales,0.33686823
Sales,0.32402825
Testing,0.26955107
Testing,0.24245003
Testing,0.24151388
Web Designing,0.46709412
Web Designing,0.46607533
Web Designing,0.35932797
Accountant,0.34054598
Accountant,0.43562967
Accountant,0.40699425
Advocate,0.35074192
Advocate,0.40724185
Advocate,0.3548896
Agriculture,0.29559696
Agriculture,0.39101598
Agriculture,0.29100254
Apparel,0.36384782
Apparel,0.36653635
Apparel,0.35763896
Architecture,0.38892516
Architecture,0.28947532
Architecture,0.34757736
Arts,0.25725105
Arts,0.3017603
Arts,0.20725693
Automobile,0.35657257
Automobile,0.35755202
Automobile,0.3724306
Aviation,0.340889
Aviation,0.30272946
Aviation,0.3734762
BPO,0.3268149
BPO,0.3680423
BPO,0.42305425
Banking,0.40215912
Banking,0.33763286
Banking,0.38734806
Blockchain,0.35029224
Blockchain,0.42928094
Blockchain,0.35615185
Building and Construction,0.39890337
Building and Construction,0.38055837
Building and Construction,0.33649814
Business Analyst,0.42559403
Business Analyst,0.41237414
Business Analyst,0.4234728
Civil Engineer,0.40349254
Civil Engineer,0.21625367
Civil Engineer,0.27739525
Consultant,0.18824476
Consultant,0.4468896
Consultant,0.42520788
Data Science,0.28379014
Data Science,0.31252232
Data Science,0.31496203
Database,0.45654175
Database,0.46016896
Database,0.39068967
Designing,0.27565113
Designing,0.24005294
Designing,0.33372685
DevOps,0.39912003
DevOps,0.46535146
DevOps,0.46342608
Digital Media,0.2886639
Digital Media,0.38394985
Digital Media,0.3749358
DotNet Developer,0.39504826
DotNet Developer,0.41665733
DotNet Developer,0.4153554
ETL Developer,0.39282438
ETL Developer,0.35380843
ETL Developer,0.43470213
Education,0.27432606
Education,0.26281467
Education,0.24223657
Electrical Engineering,0.38265744
Electrical Engineering,0.31143016
Electrical Engineering,0.4047476
Finance,0.38462478
Finance,0.3434809
Finance,0.39680576
Food and Beverages,0.33889568
Food and Beverages,0.3288505
Food and Beverages,0.35473335
Health and Fitness,0.26387566
Health and Fitness,0.3346308
Health and Fitness,0.25989065
Human Resources,0.40298453
Human Resources,0.3270603
Human Resources,0.39972207
Information Technology,0.4278945
Information Technology,0.44936407
Information Technology,0.4725007
Java Developer,0.4177206
Java Developer,0.35513505
Java Developer,0.4359875
Management,0.3674513
Management,0.35573867
Management,0.3497337
Mechanical Engineer,0.30886313
Mechanical Engineer,0.39296877
Mechanical Engineer,0.39675334
Network Security Engineer,0.3581083
Network Security Engineer,0.45082512
Network Security Engineer,0.4532747
Operations Manager,0.36758426
Operations Manager,0.38991374
Operations Manager,0.44830105
PMO,0.39042693
PMO,0.38420394
PMO,0.42880824
Public Relations,0.3124163
Public Relations,0.42066634
Public Relations,0.25792286
Python Developer,0.39064094
Python Developer,0.3378356
Python Developer,0.4481476
React Developer,0.3526401
React Developer,0.423057
React Developer,0.40711972
SAP Developer,0.4188089
SAP Developer,0.4631302
SAP Developer,0.4214199
SQL Developer,0.3835592
SQL Developer,0.4268223
SQL Developer,0.39815447
Sales,0.39046514
Sales,0.34151745
Sales,0.3512022
Testing,0.31113702
Testing,0.3011789
Testing,0.29208532
Web Designing,0.44292963
Web Designing,0.4070079
Web Designing,0.26173198
Accountant,0.32228374
Accountant,0.4334834
Accountant,0.33016136
Advocate,0.32949993
Advocate,0.4109068
Advocate,0.37129647
Agriculture,0.27972654
Agriculture,0.38573748
Agriculture,0.2789525
Apparel,0.37962648
Apparel,0.38484642
Apparel,0.38570514
Architecture,0.32219592
Architecture,0.28905496
Architecture,0.33859724
Arts,0.26805884
Arts,0.31963593
Arts,0.25100887
Automobile,0.35458606
Automobile,0.32608387
Automobile,0.4344153
Aviation,0.32632187
Aviation,0.2966732
Aviation,0.33626556
BPO,0.3742346
BPO,0.316353
BPO,0.37688023
Banking,0.36655316
Banking,0.3077424
Banking,0.3852531
Blockchain,0.22914383
Blockchain,0.395226
Blockchain,0.2332044
Building and Construction,0.3972454
Building and Construction,0.3719415
Building and Construction,0.33558568
Business Analyst,0.3277359
Business Analyst,0.3339402
Business Analyst,0.32876042
Civil Engineer,0.4036663
Civil Engineer,0.23771344
Civil Engineer,0.25644997
Consultant,0.24154438
Consultant,0.33138627
Consultant,0.40403768
Data Science,0.35412675
Data Science,0.3475844
Data Science,0.3563464
Database,0.31556267
Database,0.3316713
Database,0.27312765
Designing,0.23390527
Designing,0.29280016
Designing,0.3192324
DevOps,0.25427562
DevOps,0.3465993
DevOps,0.34455362
Digital Media,0.30881494
Digital Media,0.36194462
Digital Media,0.38729936
DotNet Developer,0.31207085
DotNet Developer,0.3142788
DotNet Developer,0.31510067
ETL Developer,0.28762928
ETL Developer,0.2940336
ETL Developer,0.38115573
Education,0.26919696
Education,0.2409595
Education,0.23352325
Electrical Engineering,0.34728736
Electrical Engineering,0.31543928
Electrical Engineering,0.3961811
Finance,0.40993288
Finance,0.32372776
Finance,0.34893823
Food and Beverages,0.3484575
Food and Beverages,0.4058065
Food and Beverages,0.40057698
Health and Fitness,0.35906082
Health and Fitness,0.37454155
Health and Fitness,0.27842936
Human Resources,0.40590146
Human Resources,0.26024646
Human Resources,0.37857723
Information Technology,0.3714529
Information Technology,0.35136822
Information Technology,0.42002398
Java Developer,0.2970526
Java Developer,0.23931967
Java Developer,0.28938967
Management,0.4008433
Management,0.3198788
Management,0.29350907
Mechanical Engineer,0.31141576
Mechanical Engineer,0.36249304
Mechanical Engineer,0.3643164
Network Security Engineer,0.26516783
Network Security Engineer,0.35571215
Network Security Engineer,0.3491219
Operations Manager,0.36413413
Operations Manager,0.4078137
Operations Manager,0.41973096
PMO,0.3169196
PMO,0.3527698
PMO,0.35885754
Public Relations,0.35224992
Public Relations,0.4248066
Public Relations,0.27835673
Python Developer,0.30299583
Python Developer,0.2302567
Python Developer,0.28737625
React Developer,0.2998679
React Developer,0.3055692
React Developer,0.41588512
SAP Developer,0.34145665
SAP Developer,0.38093275
SAP Developer,0.34100765
SQL Developer,0.273007
SQL Developer,0.3347674
SQL Developer,0.30968508
Sales,0.40007058
Sales,0.3790625
Sales,0.36773756
Testing,0.28635716
Testing,0.27486548
Testing,0.25169167
Web Designing,0.3246402
Web Designing,0.30369774
Web Designing,0.28733468
Accountant,0.35703552
Accountant,0.5784943
Accountant,0.38237602
Advocate,0.32006124
Advocate,0.4015265
Advocate,0.28852102
Agriculture,0.28569132
Agriculture,0.32471555
Agriculture,0.33389002
Apparel,0.514543
Apparel,0.44566762
Apparel,0.4462436
Architecture,0.6224803
Architecture,0.24480438
Architecture,0.29128018
Arts,0.35594866
Arts,0.24932538
Arts,0.20951839
Automobile,0.4131053
Automobile,0.3739273
Automobile,0.45088834
Aviation,0.36453545
Aviation,0.36774197
Aviation,0.30383143
BPO,0.49522656
BPO,0.26735842
BPO,0.42159334
Banking,0.40069166
Banking,0.2990626
Banking,0.3679917
Blockchain,0.23982371
Blockchain,0.3537585
Blockchain,0.40539068
Building and Construction,0.57052815
Building and Construction,0.44813323
Building and Construction,0.40983307
Business Analyst,0.4035011
Business Analyst,0.4050544
Business Analyst,0.3216707
Civil Engineer,0.44714278
Civil Engineer,0.20687918
Civil Engineer,0.2592256
Consultant,0.18359427
Consultant,0.37691402
Consultant,0.39772874
Data Science,0.29090595
Data Science,0.3678657
Data Science,0.42752317
Database,0.3298645
Database,0.26853508
Database,0.30532002
Designing,0.18040016
Designing,0.26540184
Designing,0.34638214
DevOps,0.23950791
DevOps,0.26772994
DevOps,0.37771827
Digital Media,0.2671755
Digital Media,0.21913907
Digital Media,0.4914673
DotNet Developer,0.27365726
DotNet Developer,0.45047593
DotNet Developer,0.29960376
ETL Developer,0.28042328
ETL Developer,0.36506605
ETL Developer,0.3297833
Education,0.24975124
Education,0.2196297
Education,0.2526714
Electrical Engineering,0.39019814
Electrical Engineering,0.2526728
Electrical Engineering,0.43943113
Finance,0.34554955
Finance,0.31702715
Finance,0.28691882
Food and Beverages,0.41303688
Food and Beverages,0.2923094
Food and Beverages,0.40624538
Health and Fitness,0.27143884
Health and Fitness,0.28357416
Health and Fitness,0.2688877
Human Resources,0.439968
Human Resources,0.31877667
Human Resources,0.53139675
Information Technology,0.28881633
Information Technology,0.28128576
Information Technology,0.5059614
Java Developer,0.32939884
Java Developer,0.28286272
Java Developer,0.30698234
Management,0.5892819
Management,0.38747847
Management,0.39165527
Mechanical Engineer,0.34257394
Mechanical Engineer,0.47711444
Mechanical Engineer,0.41643158
Network Security Engineer,0.23450519
Network Security Engineer,0.353108
Network Security Engineer,0.4063983
Operations Manager,0.39199585
Operations Manager,0.5676161
Operations Manager,0.4433657
PMO,0.28346282
PMO,0.28020075
PMO,0.33476725
Public Relations,0.18496048
Public Relations,0.42088956
Public Relations,0.24108514
Python Developer,0.3317538
Python Developer,0.24278349
Python Developer,0.32096195
React Developer,0.20579231
React Developer,0.28355187
React Developer,0.38914666
SAP Developer,0.32652315
SAP Developer,0.3863042
SAP Developer,0.38695192
SQL Developer,0.35976258
SQL Developer,0.35567355
SQL Developer,0.30689207
Sales,0.47977233
Sales,0.5013797
Sales,0.4760308
Testing,0.22785074
Testing,0.26297194
Testing,0.31445843
Web Designing,0.2216514
Web Designing,0.26086992
Web Designing,0.18055314
Accountant,0.38112342
Accountant,0.40172768
Accountant,0.37043777
Advocate,0.4362393
Advocate,0.46488264
Advocate,0.4314834
Agriculture,0.3087015
Agriculture,0.36225688
Agriculture,0.31347182
Apparel,0.33863437
Apparel,0.3222571
Apparel,0.33425233
Architecture,0.3803993
Architecture,0.27511558
Architecture,0.38010615
Arts,0.25625056
Arts,0.38507384
Arts,0.2326267
Automobile,0.34686974
Automobile,0.30626625
Automobile,0.3458731
Aviation,0.30442455
Aviation,0.25186893
Aviation,0.3959298
BPO,0.26794636
BPO,0.32818905
BPO,0.45629933
Banking,0.39693058
Banking,0.3302225
Banking,0.46924537
Blockchain,0.30991882
Blockchain,0.3579895
Blockchain,0.22521044
Building and Construction,0.38085455
Building and Construction,0.3471285
Building and Construction,0.33922485
Business Analyst,0.41283625
Business Analyst,0.38242576
Business Analyst,0.30894995
Civil Engineer,0.44088548
Civil Engineer,0.22950217
Civil Engineer,0.26046127
Consultant,0.37143472
Consultant,0.35771483
Consultant,0.38077113
Data Science,0.31539696
Data Science,0.35643974
Data Science,0.39803675
Database,0.34798247
Database,0.34819573
Database,0.33005175
Designing,0.18183327
Designing,0.23444375
Designing,0.29465863
DevOps,0.28458112
DevOps,0.34048504
DevOps,0.39376688
Digital Media,0.2827267
Digital Media,0.31242818
Digital Media,0.28248364
DotNet Developer,0.3045511
DotNet Developer,0.41567963
DotNet Developer,0.31450558
ETL Developer,0.30517215
ETL Developer,0.2919553
ETL Developer,0.37629554
Education,0.30935323
Education,0.29978046
Education,0.28629434
Electrical Engineering,0.38064498
Electrical Engineering,0.2799044
Electrical Engineering,0.38136247
Finance,0.38988084
Finance,0.33550432
Finance,0.39977726
Food and Beverages,0.34315807
Food and Beverages,0.3431434
Food and Beverages,0.37162593
Health and Fitness,0.32894337
Health and Fitness,0.3825185
Health and Fitness,0.277552
Human Resources,0.44509193
Human Resources,0.35107902
Human Resources,0.47211343
Information Technology,0.38254753
Information Technology,0.3659619
Information Technology,0.3833728
Java Developer,0.31101412
Java Developer,0.23264584
Java Developer,0.3165019
Management,0.36702177
Management,0.34853715
Management,0.2956659
Mechanical Engineer,0.31810108
Mechanical Engineer,0.34416083
Mechanical Engineer,0.34409362
Network Security Engineer,0.28734806
Network Security Engineer,0.32595682
Network Security Engineer,0.3651145
Operations Manager,0.37275484
Operations Manager,0.3987549
Operations Manager,0.42984948
PMO,0.37316534
PMO,0.38929388
PMO,0.36039427
Public Relations,0.2819073
Public Relations,0.44790092
Public Relations,0.3203249
Python Developer,0.270544
Python Developer,0.23369385
Python Developer,0.28190944
React Developer,0.27253926
React Developer,0.32122132
React Developer,0.43692762
SAP Developer,0.37029827
SAP Developer,0.4306356
SAP Developer,0.3378394
SQL Developer,0.3281531
SQL Developer,0.38393703
SQL Developer,0.3380316
Sales,0.46393946
Sales,0.31418073
Sales,0.4147127
Testing,0.45321128
Testing,0.42649034
Testing,0.40511882
Web Designing,0.30379173
Web Designing,0.30204305
Web Designing,0.28677464
Accountant,0.38299423
Accountant,0.53634953
Accountant,0.42649928
Advocate,0.39969882
Advocate,0.45074862
Advocate,0.44713008
Agriculture,0.38962102
Agriculture,0.5169932
Agriculture,0.4003832
Apparel,0.41195267
Apparel,0.45864007
Apparel,0.45987228
Architecture,0.38358244
Architecture,0.36291537
Architecture,0.42458448
Arts,0.2922711
Arts,0.39523324
Arts,0.25087476
Automobile,0.40852863
Automobile,0.39795524
Automobile,0.4916224
Aviation,0.4211396
Aviation,0.37734804
Aviation,0.3967313
BPO,0.41696706
BPO,0.5036171
BPO,0.4683537
Banking,0.41723052
Banking,0.3501983
Banking,0.47343102
Blockchain,0.33362985
Blockchain,0.44479728
Blockchain,0.330219
Building and Construction,0.4851459
Building and Construction,0.49500808
Building and Construction,0.44942743
Business Analyst,0.46058825
Business Analyst,0.4453084
Business Analyst,0.4377812
Civil Engineer,0.42008498
Civil Engineer,0.32033104
Civil Engineer,0.40185675
Consultant,0.2699182
Consultant,0.42734122
Consultant,0.48963618
Data Science,0.36247686
Data Science,0.42842662
Data Science,0.4013384
Database,0.39244938
Database,0.3926398
Database,0.4020485
Designing,0.23998953
Designing,0.34934014
Designing,0.3942141
DevOps,0.35598594
DevOps,0.45258957
DevOps,0.45821697
Digital Media,0.32842803
Digital Media,0.42503092
Digital Media,0.38191184
DotNet Developer,0.4062642
DotNet Developer,0.36856765
DotNet Developer,0.3994532
ETL Developer,0.34319204
ETL Developer,0.3969246
ETL Developer,0.44250488
Education,0.3656109
Education,0.2990866
Education,0.33443284
Electrical Engineering,0.47083196
Electrical Engineering,0.39812928
Electrical Engineering,0.480201
Finance,0.47899544
Finance,0.45354655
Finance,0.47096092
Food and Beverages,0.39379218
Food and Beverages,0.46712622
Food and Beverages,0.4047113
Health and Fitness,0.39858732
Health and Fitness,0.38235772
Health and Fitness,0.31248719
Human Resources,0.50517976
Human Resources,0.39120993
Human Resources,0.47359124
Information Technology,0.46800622
Information Technology,0.48563722
Information Technology,0.4617672
Java Developer,0.38890064
Java Developer,0.30272442
Java Developer,0.38008922
Management,0.46642274
Management,0.42612407
Management,0.4236286
Mechanical Engineer,0.42632952
Mechanical Engineer,0.4272055
Mechanical Engineer,0.43829682
Network Security Engineer,0.37875104
Network Security Engineer,0.44231915
Network Security Engineer,0.44032687
Operations Manager,0.44011697
Operations Manager,0.48874244
Operations Manager,0.5267437
PMO,0.4609022
PMO,0.461201
PMO,0.4902081
Public Relations,0.3975259
Public Relations,0.45513344
Public Relations,0.33117098
Python Developer,0.34959996
Python Developer,0.29849368
Python Developer,0.408943
React Developer,0.34304383
React Developer,0.42114523
React Developer,0.49727416
SAP Developer,0.41314986
SAP Developer,0.4714524
SAP Developer,0.43502444
SQL Developer,0.3599537
SQL Developer,0.4369646
SQL Developer,0.44589975
Sales,0.4681452
Sales,0.45928648
Sales,0.44303715
Testing,0.37657925
Testing,0.31223455
Testing,0.29431143
Web Designing,0.40810084
Web Designing,0.41151404
Web Designing,0.30798432
Accountant,0.32231838
Accountant,0.38527435
Accountant,0.34036055
Advocate,0.32200053
Advocate,0.3857698
Advocate,0.34426194
Agriculture,0.2953096
Agriculture,0.37827212
Agriculture,0.30265638
Apparel,0.34819388
Apparel,0.3933403
Apparel,0.3326519
Architecture,0.36479577
Architecture,0.31153297
Architecture,0.32699153
Arts,0.27817258
Arts,0.29468253
Arts,0.21613109
Automobile,0.37247202
Automobile,0.398292
Automobile,0.40815365
Aviation,0.32654354
Aviation,0.33456087
Aviation,0.3462184
BPO,0.29984096
BPO,0.33171526
BPO,0.436238
Banking,0.3386862
Banking,0.3041475
Banking,0.37938398
Blockchain,0.31370655
Blockchain,0.33413705
Blockchain,0.25632492
Building and Construction,0.40078726
Building and Construction,0.47435027
Building and Construction,0.39232916
Business Analyst,0.38441896
Business Analyst,0.34235016
Business Analyst,0.34393257
Civil Engineer,0.3256804
Civil Engineer,0.26708242
Civil Engineer,0.30555972
Consultant,0.21942048
Consultant,0.35684964
Consultant,0.36685675
Data Science,0.26877883
Data Science,0.33402303
Data Science,0.3515989
Database,0.37816185
Database,0.35951865
Database,0.32199088
Designing,0.26502448
Designing,0.25030935
Designing,0.33465362
DevOps,0.28634873
DevOps,0.33971676
DevOps,0.3697058
Digital Media,0.29310313
Digital Media,0.32674456
Digital Media,0.29706264
DotNet Developer,0.3102098
DotNet Developer,0.3369802
DotNet Developer,0.3647626
ETL Developer,0.31858808
ETL Developer,0.3166578
ETL Developer,0.38912493
Education,0.2717991
Education,0.25423956
Education,0.24132589
Electrical Engineering,0.42972416
Electrical Engineering,0.36437124
Electrical Engineering,0.42039856
Finance,0.34605113
Finance,0.30722654
Finance,0.34539434
Food and Beverages,0.4310017
Food and Beverages,0.30174887
Food and Beverages,0.30732036
Health and Fitness,0.33514783
Health and Fitness,0.32641068
Health and Fitness,0.284507
Human Resources,0.38411817
Human Resources,0.29460058
Human Resources,0.42020756
Information Technology,0.37148872
Information Technology,0.36187553
Information Technology,0.38741443
Java Developer,0.3270449
Java Developer,0.31425995
Java Developer,0.3352802
Management,0.33209872
Management,0.32206494
Management,0.34277514
Mechanical Engineer,0.38520378
Mechanical Engineer,0.4170415
Mechanical Engineer,0.43662953
Network Security Engineer,0.3186191
Network Security Engineer,0.43044788
Network Security Engineer,0.38815743
Operations Manager,0.34301817
Operations Manager,0.36852327
Operations Manager,0.40503746
PMO,0.37089717
PMO,0.40836444
PMO,0.3592466
Public Relations,0.23344174
Public Relations,0.3696667
Public Relations,0.23368365
Python Developer,0.3123932
Python Developer,0.27151605
Python Developer,0.36018375
React Developer,0.3005476
React Developer,0.37410104
React Developer,0.36160278
SAP Developer,0.35628393
SAP Developer,0.398615
SAP Developer,0.39219478
SQL Developer,0.32898137
SQL Developer,0.36612737
SQL Developer,0.37222326
Sales,0.39038014
Sales,0.33316648
Sales,0.3383057
Testing,0.3544832
Testing,0.31205913
Testing,0.32116187
Web Designing,0.3231097
Web Designing,0.33146298
Web Designing,0.25042695
Accountant,0.3255046
Accountant,0.42147154
Accountant,0.36427596
Advocate,0.31747723
Advocate,0.38378376
Advocate,0.31677783
Agriculture,0.30060762
Agriculture,0.40260544
Agriculture,0.26010686
Apparel,0.33192712
Apparel,0.3828163
Apparel,0.32770935
Architecture,0.3278039
Architecture,0.3011657
Architecture,0.36711138
Arts,0.23935091
Arts,0.36318594
Arts,0.22380142
Automobile,0.3213236
Automobile,0.29301363
Automobile,0.37095475
Aviation,0.35699147
Aviation,0.2697156
Aviation,0.3953033
BPO,0.2621569
BPO,0.36874887
BPO,0.4375276
Banking,0.3225228
Banking,0.2883676
Banking,0.37476435
Blockchain,0.26987636
Blockchain,0.39513615
Blockchain,0.25990397
Building and Construction,0.35442474
Building and Construction,0.3971072
Building and Construction,0.32872254
Business Analyst,0.46846256
Business Analyst,0.4339869
Business Analyst,0.45760435
Civil Engineer,0.3229209
Civil Engineer,0.2669314
Civil Engineer,0.31132287
Consultant,0.18554589
Consultant,0.3605068
Consultant,0.37593403
Data Science,0.38512915
Data Science,0.39572206
Data Science,0.31526905
Database,0.39124605
Database,0.47440165
Database,0.44630998
Designing,0.20829037
Designing,0.23162273
Designing,0.32019874
DevOps,0.36197776
DevOps,0.40228635
DevOps,0.45908523
Digital Media,0.2734839
Digital Media,0.33981028
Digital Media,0.36681277
DotNet Developer,0.4058102
DotNet Developer,0.34330335
DotNet Developer,0.49719733
ETL Developer,0.34569788
ETL Developer,0.4026742
ETL Developer,0.5572253
Education,0.30852085
Education,0.32558337
Education,0.3234597
Electrical Engineering,0.40845537
Electrical Engineering,0.31982026
Electrical Engineering,0.45895377
Finance,0.40912032
Finance,0.33411098
Finance,0.3598427
Food and Beverages,0.3847256
Food and Beverages,0.32365662
Food and Beverages,0.28110737
Health and Fitness,0.27835125
Health and Fitness,0.3016289
Health and Fitness,0.26625496
Human Resources,0.4276472
Human Resources,0.32805917
Human Resources,0.3731915
Information Technology,0.44210353
Information Technology,0.40088177
Information Technology,0.43494257
Java Developer,0.4380904
Java Developer,0.45689383
Java Developer,0.5416818
Management,0.39391565
Management,0.35480338
Management,0.30925277
Mechanical Engineer,0.3333388
Mechanical Engineer,0.36934468
Mechanical Engineer,0.41693395
Network Security Engineer,0.2848931
Network Security Engineer,0.42819494
Network Security Engineer,0.42532015
Operations Manager,0.3070752
Operations Manager,0.36242563
Operations Manager,0.42714137
PMO,0.41121832
PMO,0.44299516
PMO,0.3964436
Public Relations,0.25304338
Public Relations,0.38023502
Public Relations,0.23713124
Python Developer,0.38230377
Python Developer,0.4259798
Python Developer,0.46370298
React Developer,0.32695264
React Developer,0.49913606
React Developer,0.44225574
SAP Developer,0.38877758
SAP Developer,0.4058113
SAP Developer,0.46745783
SQL Developer,0.36981645
SQL Developer,0.46104327
SQL Developer,0.40956515
Sales,0.34773606
Sales,0.3524804
Sales,0.30792168
Testing,0.41153717
Testing,0.30757707
Testing,0.31821898
Web Designing,0.43427008
Web Designing,0.38662267
Web Designing,0.24745834
Accountant,0.3256336
Accountant,0.44759682
Accountant,0.3706207
Advocate,0.33862174
Advocate,0.44684428
Advocate,0.3800215
Agriculture,0.30579436
Agriculture,0.41447645
Agriculture,0.29306942
Apparel,0.37287214
Apparel,0.36126655
Apparel,0.39868778
Architecture,0.37968108
Architecture,0.28696343
Architecture,0.35618052
Arts,0.26396808
Arts,0.3159955
Arts,0.21809128
Automobile,0.38240525
Automobile,0.3600838
Automobile,0.4416026
Aviation,0.32985198
Aviation,0.306193
Aviation,0.35021284
BPO,0.36891538
BPO,0.334907
BPO,0.4181142
Banking,0.41761535
Banking,0.3491832
Banking,0.39066505
Blockchain,0.29758066
Blockchain,0.417505
Blockchain,0.28401437
Building and Construction,0.4234675
Building and Construction,0.4206766
Building and Construction,0.3487843
Business Analyst,0.40668657
Business Analyst,0.3943901
Business Analyst,0.3425395
Civil Engineer,0.40803388
Civil Engineer,0.24971117
Civil Engineer,0.28691775
Consultant,0.23611936
Consultant,0.39285818
Consultant,0.395813
Data Science,0.3056699
Data Science,0.33526927
Data Science,0.367623
Database,0.38453582
Database,0.39628652
Database,0.3421443
Designing,0.24439144
Designing,0.30393478
Designing,0.33645934
DevOps,0.29293534
DevOps,0.39985946
DevOps,0.3943145
Digital Media,0.28311667
Digital Media,0.3474878
Digital Media,0.3854636
DotNet Developer,0.3455474
DotNet Developer,0.35796037
DotNet Developer,0.34331498
ETL Developer,0.35871917
ETL Developer,0.32157797
ETL Developer,0.38923675
Education,0.29144922
Education,0.26561648
Education,0.2706608
Electrical Engineering,0.38578814
Electrical Engineering,0.32654187
Electrical Engineering,0.43861625
Finance,0.42599005
Finance,0.34049192
Finance,0.3631258
Food and Beverages,0.37100017
Food and Beverages,0.37552813
Food and Beverages,0.39257
Health and Fitness,0.32239974
Health and Fitness,0.37164086
Health and Fitness,0.31138924
Human Resources,0.41121504
Human Resources,0.3141964
Human Resources,0.41017583
Information Technology,0.37313253
Information Technology,0.41877678
Information Technology,0.45071924
Java Developer,0.3394772
Java Developer,0.30947825
Java Developer,0.3390145
Management,0.3874977
Management,0.3407635
Management,0.3429831
Mechanical Engineer,0.3297936
Mechanical Engineer,0.40903276
Mechanical Engineer,0.4171068
Network Security Engineer,0.32227263
Network Security Engineer,0.4202936
Network Security Engineer,0.39238754
Operations Manager,0.40236074
Operations Manager,0.43884993
Operations Manager,0.45040843
PMO,0.3489989
PMO,0.36823604
PMO,0.40584552
Public Relations,0.29278624
Public Relations,0.444015
Public Relations,0.2868517
Python Developer,0.3608661
Python Developer,0.26380423
Python Developer,0.35327864
React Developer,0.30298588
React Developer,0.33668247
React Developer,0.43098834
SAP Developer,0.34551132
SAP Developer,0.4188803
SAP Developer,0.38476673
SQL Developer,0.3267675
SQL Developer,0.40568092
SQL Developer,0.37013113
Sales,0.43551934
Sales,0.3604921
Sales,0.35869592
Testing,0.31324548
Testing,0.3183126
Testing,0.30744103
Web Designing,0.3371058
Web Designing,0.36514357
Web Designing,0.2813497
Accountant,0.5213514
Accountant,0.5821386
Accountant,0.5494399
Advocate,0.35246533
Advocate,0.42802685
Advocate,0.46363878
Agriculture,0.26357138
Agriculture,0.4065969
Agriculture,0.2690593
Apparel,0.51927423
Apparel,0.43929094
Apparel,0.5019419
Architecture,0.4444037
Architecture,0.29550314
Architecture,0.390006
Arts,0.30273813
Arts,0.30255798
Arts,0.1963858
Automobile,0.5001035
Automobile,0.380485
Automobile,0.46119362
Aviation,0.32310006
Aviation,0.43527216
Aviation,0.39927033
BPO,0.50507355
BPO,0.34726763
BPO,0.46705616
Banking,0.49891576
Banking,0.4151682
Banking,0.45823836
Blockchain,0.31245106
Blockchain,0.4133142
Blockchain,0.35707837
Building and Construction,0.5181352
Building and Construction,0.4152616
Building and Construction,0.37786362
Business Analyst,0.45423093
Business Analyst,0.44816673
Business Analyst,0.3844682
Civil Engineer,0.4835057
Civil Engineer,0.20703292
Civil Engineer,0.2104174
Consultant,0.22467095
Consultant,0.45098728
Consultant,0.47313452
Data Science,0.29239988
Data Science,0.3851967
Data Science,0.56030166
Database,0.37228826
Database,0.38000375
Database,0.33602396
Designing,0.18102816
Designing,0.34164292
Designing,0.39058623
DevOps,0.27766323
DevOps,0.38737327
DevOps,0.38663292
Digital Media,0.29294434
Digital Media,0.3286531
Digital Media,0.59049845
DotNet Developer,0.36101988
DotNet Developer,0.48208588
DotNet Developer,0.35492036
ETL Developer,0.35993117
ETL Developer,0.33762926
ETL Developer,0.36404368
Education,0.2986073
Education,0.26386756
Education,0.20657904
Electrical Engineering,0.42066
Electrical Engineering,0.31282732
Electrical Engineering,0.41941226
Finance,0.45375994
Finance,0.38590258
Finance,0.4156639
Food and Beverages,0.43412524
Food and Beverages,0.4136434
Food and Beverages,0.42241502
Health and Fitness,0.34747797
Health and Fitness,0.36007714
Health and Fitness,0.26760134
Human Resources,0.52468765
Human Resources,0.28568208
Human Resources,0.5584438
Information Technology,0.37088495
Information Technology,0.3718345
Information Technology,0.5264683
Java Developer,0.32338592
Java Developer,0.34208554
Java Developer,0.31272364
Management,0.580439
Management,0.46896267
Management,0.36121315
Mechanical Engineer,0.3451786
Mechanical Engineer,0.4888024
Mechanical Engineer,0.42867345
Network Security Engineer,0.2873413
Network Security Engineer,0.40966636
Network Security Engineer,0.41388428
Operations Manager,0.47312582
Operations Manager,0.45475817
Operations Manager,0.47074604
PMO,0.33466673
PMO,0.31358325
PMO,0.38176844
Public Relations,0.280049
Public Relations,0.5274476
Public Relations,0.23261845
Python Developer,0.36432707
Python Developer,0.27016795
Python Developer,0.29180515
React Developer,0.2867321
React Developer,0.32483056
React Developer,0.44103143
SAP Developer,0.37368077
SAP Developer,0.4477621
SAP Developer,0.4972281
SQL Developer,0.30410257
SQL Developer,0.39406267
SQL Developer,0.37642202
Sales,0.54101
Sales,0.48086655
Sales,0.43426785
Testing,0.28137755
Testing,0.3639117
Testing,0.33853936
Web Designing,0.31718338
Web Designing,0.3290246
Web Designing,0.26498145
Accountant,0.38460368
Accountant,0.4586444
Accountant,0.42362627
Advocate,0.45966667
Advocate,0.46763346
Advocate,0.4939607
Agriculture,0.3432998
Agriculture,0.42240766
Agriculture,0.27891007
Apparel,0.37852824
Apparel,0.35525307
Apparel,0.3267017
Architecture,0.37235656
Architecture,0.2795345
Architecture,0.38692096
Arts,0.21514738
Arts,0.38649848
Arts,0.21470286
Automobile,0.36956915
Automobile,0.27946687
Automobile,0.3940395
Aviation,0.3479519
Aviation,0.31252182
Aviation,0.40999064
BPO,0.26725703
BPO,0.3173013
BPO,0.43009153
Banking,0.3944936
Banking,0.30192152
Banking,0.52493054
Blockchain,0.30132848
Blockchain,0.34393847
Blockchain,0.23663506
Building and Construction,0.41403493
Building and Construction,0.39094457
Building and Construction,0.3477873
Business Analyst,0.4212575
Business Analyst,0.3719894
Business Analyst,0.32581142
Civil Engineer,0.38894343
Civil Engineer,0.26544422
Civil Engineer,0.25121588
Consultant,0.36301306
Consultant,0.32581395
Consultant,0.41189507
Data Science,0.3499062
Data Science,0.3214472
Data Science,0.4133389
Database,0.36368117
Database,0.3680458
Database,0.3093797
Designing,0.19328913
Designing,0.18795444
Designing,0.30577192
DevOps,0.25112605
DevOps,0.36703506
DevOps,0.39998302
Digital Media,0.25413784
Digital Media,0.32166943
Digital Media,0.3426423
DotNet Developer,0.30923086
DotNet Developer,0.38074288
DotNet Developer,0.36333722
ETL Developer,0.2780969
ETL Developer,0.27444333
ETL Developer,0.41035882
Education,0.3046991
Education,0.24025123
Education,0.19465162
Electrical Engineering,0.39597967
Electrical Engineering,0.28842932
Electrical Engineering,0.41603366
Finance,0.43966988
Finance,0.3528904
Finance,0.43234769
Food and Beverages,0.3579657
Food and Beverages,0.36072195
Food and Beverages,0.32343432
Health and Fitness,0.38628897
Health and Fitness,0.47243035
Health and Fitness,0.3372851
Human Resources,0.4487678
Human Resources,0.3738278
Human Resources,0.45753682
Information Technology,0.40024075
Information Technology,0.3815139
Information Technology,0.3873446
Java Developer,0.30462837
Java Developer,0.28081092
Java Developer,0.31304273
Management,0.40687183
Management,0.37623394
Management,0.33042824
Mechanical Engineer,0.30854642
Mechanical Engineer,0.36827487
Mechanical Engineer,0.3663224
Network Security Engineer,0.27383348
Network Security Engineer,0.38531387
Network Security Engineer,0.4131682
Operations Manager,0.4164433
Operations Manager,0.39614296
Operations Manager,0.4758502
PMO,0.41069272
PMO,0.42371073
PMO,0.40646958
Public Relations,0.30419555
Public Relations,0.39118993
Public Relations,0.3286604
Python Developer,0.27073884
Python Developer,0.25470704
Python Developer,0.30464274
React Developer,0.2785661
React Developer,0.32295996
React Developer,0.4621827
SAP Developer,0.37170863
SAP Developer,0.4508882
SAP Developer,0.36142898
SQL Developer,0.33583102
SQL Developer,0.39094478
SQL Developer,0.3521384
Sales,0.47641525
Sales,0.31072947
Sales,0.3894773
Testing,0.508597
Testing,0.4556514
Testing,0.47915027
Web Designing,0.31482542
Web Designing,0.32717746
Web Designing,0.19718242
Accountant,0.37223953
Accountant,0.4432018
Accountant,0.41842383
Advocate,0.35559678
Advocate,0.43050283
Advocate,0.37826723
Agriculture,0.25793648
Agriculture,0.39874724
Agriculture,0.275309
Apparel,0.3730025
Apparel,0.36817923
Apparel,0.37610963
Architecture,0.4144372
Architecture,0.2790267
Architecture,0.35703808
Arts,0.25696263
Arts,0.33689722
Arts,0.19172306
Automobile,0.37655416
Automobile,0.3157497
Automobile,0.3832719
Aviation,0.34522876
Aviation,0.34756982
Aviation,0.40357736
BPO,0.2975604
BPO,0.35937816
BPO,0.4679282
Banking,0.4184188
Banking,0.33914685
Banking,0.41514158
Blockchain,0.31640574
Blockchain,0.356003
Blockchain,0.32284036
Building and Construction,0.40974018
Building and Construction,0.38430485
Building and Construction,0.35207105
Business Analyst,0.443445
Business Analyst,0.4424483
Business Analyst,0.39985436
Civil Engineer,0.4178224
Civil Engineer,0.236819
Civil Engineer,0.2841597
Consultant,0.19953392
Consultant,0.43860677
Consultant,0.41966745
Data Science,0.29824686
Data Science,0.31107047
Data Science,0.39913526
Database,0.43622893
Database,0.467154
Database,0.40848306
Designing,0.22175479
Designing,0.25322017
Designing,0.31020135
DevOps,0.3218441
DevOps,0.40742704
DevOps,0.42734268
Digital Media,0.29551715
Digital Media,0.36087018
Digital Media,0.35628906
DotNet Developer,0.40971687
DotNet Developer,0.41530764
DotNet Developer,0.42744955
ETL Developer,0.42250556
ETL Developer,0.3762407
ETL Developer,0.45372736
Education,0.28969327
Education,0.2517082
Education,0.2313116
Electrical Engineering,0.42716977
Electrical Engineering,0.31623644
Electrical Engineering,0.41490304
Finance,0.4152206
Finance,0.35602024
Finance,0.4249794
Food and Beverages,0.39659524
Food and Beverages,0.3357928
Food and Beverages,0.3391896
Health and Fitness,0.29260322
Health and Fitness,0.34426564
Health and Fitness,0.27217847
Human Resources,0.4398507
Human Resources,0.3402426
Human Resources,0.44700196
Information Technology,0.40251258
Information Technology,0.43569866
Information Technology,0.4779529
Java Developer,0.40152478
Java Developer,0.37623104
Java Developer,0.38456917
Management,0.3748443
Management,0.3945903
Management,0.33418676
Mechanical Engineer,0.3220313
Mechanical Engineer,0.39058834
Mechanical Engineer,0.40536973
Network Security Engineer,0.3703183
Network Security Engineer,0.43670794
Network Security Engineer,0.45537347
Operations Manager,0.38641453
Operations Manager,0.40206057
Operations Manager,0.4384371
PMO,0.4032001
PMO,0.39410982
PMO,0.42189842
Public Relations,0.2607441
Public Relations,0.44301596
Public Relations,0.24861205
Python Developer,0.38557014
Python Developer,0.33413845
Python Developer,0.42004594
React Developer,0.34374416
React Developer,0.40049806
React Developer,0.40171796
SAP Developer,0.44002238
SAP Developer,0.4776168
SAP Developer,0.44614205
SQL Developer,0.37946597
SQL Developer,0.4425926
SQL Developer,0.44316673
Sales,0.39925888
Sales,0.34225866
Sales,0.3328072
Testing,0.34262076
Testing,0.37071896
Testing,0.33451173
Web Designing,0.41305554
Web Designing,0.4072877
Web Designing,0.24040397
Accountant,0.40224087
Accountant,0.4670886
Accountant,0.43430573
Advocate,0.30872014
Advocate,0.33836517
Advocate,0.35294983
Agriculture,0.31081748
Agriculture,0.3302176
Agriculture,0.27368808
Apparel,0.37191516
Apparel,0.35892946
Apparel,0.34187695
Architecture,0.30993116
Architecture,0.30723175
Architecture,0.3548894
Arts,0.26445404
Arts,0.30801502
Arts,0.23542818
Automobile,0.30374154
Automobile,0.31369415
Automobile,0.33881494
Aviation,0.31544206
Aviation,0.25539303
Aviation,0.31641385
BPO,0.32883248
BPO,0.33139268
BPO,0.40235862
Banking,0.41546467
Banking,0.41885212
Banking,0.4200966
Blockchain,0.28300136
Blockchain,0.38937688
Blockchain,0.27776906
Building and Construction,0.34794804
Building and Construction,0.31956446
Building and Construction,0.347149
Business Analyst,0.3956523
Business Analyst,0.37729782
Business Analyst,0.33591706
Civil Engineer,0.34678617
Civil Engineer,0.2479073
Civil Engineer,0.29872704
Consultant,0.22047372
Consultant,0.3256073
Consultant,0.4182324
Data Science,0.27798438
Data Science,0.31514323
Data Science,0.31656015
Database,0.31855074
Database,0.30943006
Database,0.31558308
Designing,0.19806801
Designing,0.25412703
Designing,0.3484916
DevOps,0.27410161
DevOps,0.36501458
DevOps,0.3059584
Digital Media,0.2777585
Digital Media,0.359589
Digital Media,0.37379542
DotNet Developer,0.28121176
DotNet Developer,0.33034363
DotNet Developer,0.31424478
ETL Developer,0.29337823
ETL Developer,0.3391239
ETL Developer,0.35833037
Education,0.27700156
Education,0.2375254
Education,0.21975708
Electrical Engineering,0.3186101
Electrical Engineering,0.25378767
Electrical Engineering,0.34384656
Finance,0.4052017
Finance,0.4038464
Finance,0.42993402
Food and Beverages,0.28876686
Food and Beverages,0.3410075
Food and Beverages,0.32787752
Health and Fitness,0.28728992
Health and Fitness,0.30775046
Health and Fitness,0.22761941
Human Resources,0.39224392
Human Resources,0.30493268
Human Resources,0.36297265
Information Technology,0.35468748
Information Technology,0.37210938
Information Technology,0.38507143
Java Developer,0.3132319
Java Developer,0.25231904
Java Developer,0.29785466
Management,0.35962284
Management,0.31828582
Management,0.31798738
Mechanical Engineer,0.27874386
Mechanical Engineer,0.30704775
Mechanical Engineer,0.3014682
Network Security Engineer,0.27301368
Network Security Engineer,0.31666654
Network Security Engineer,0.34760666
Operations Manager,0.31406024
Operations Manager,0.37724948
Operations Manager,0.37853837
PMO,0.3348928
PMO,0.36952007
PMO,0.3875685
Public Relations,0.33532068
Public Relations,0.37147766
Public Relations,0.26887116
Python Developer,0.31131902
Python Developer,0.21704942
Python Developer,0.29618454
React Developer,0.2666987
React Developer,0.30049622
React Developer,0.37393644
SAP Developer,0.32947338
SAP Developer,0.4047887
SAP Developer,0.37530297
SQL Developer,0.27918586
SQL Developer,0.36521867
SQL Developer,0.3382061
Sales,0.34379774
Sales,0.3634099
Sales,0.34966707
Testing,0.26837495
Testing,0.23714805
Testing,0.23687093
Web Designing,0.32186142
Web Designing,0.29146475
Web Designing,0.23551995
Accountant,0.4617286
Accountant,0.5348879
Accountant,0.5178884
Advocate,0.39995137
Advocate,0.45636138
Advocate,0.48989844
Agriculture,0.35813722
Agriculture,0.48252222
Agriculture,0.34901527
Apparel,0.44909072
Apparel,0.46970242
Apparel,0.48015645
Architecture,0.41173857
Architecture,0.30925262
Architecture,0.36287117
Arts,0.29673967
Arts,0.32282022
Arts,0.2503112
Automobile,0.41321394
Automobile,0.37358284
Automobile,0.43063834
Aviation,0.3656487
Aviation,0.31730592
Aviation,0.34905824
BPO,0.47696117
BPO,0.43089843
BPO,0.4971626
Banking,0.4989168
Banking,0.42172274
Banking,0.5132068
Blockchain,0.3128285
Blockchain,0.48559996
Blockchain,0.35428542
Building and Construction,0.5063752
Building and Construction,0.3914297
Building and Construction,0.3607738
Business Analyst,0.47645462
Business Analyst,0.49560586
Business Analyst,0.40853533
Civil Engineer,0.4514641
Civil Engineer,0.23690198
Civil Engineer,0.27361736
Consultant,0.28368974
Consultant,0.43050212
Consultant,0.5251369
Data Science,0.3140893
Data Science,0.41924745
Data Science,0.4292387
Database,0.37915972
Database,0.40792537
Database,0.41332075
Designing,0.25248513
Designing,0.28346074
Designing,0.50704306
DevOps,0.31254002
DevOps,0.4351655
DevOps,0.4055664
Digital Media,0.27405527
Digital Media,0.4436407
Digital Media,0.52535045
DotNet Developer,0.3784714
DotNet Developer,0.4281736
DotNet Developer,0.38407674
ETL Developer,0.40290523
ETL Developer,0.39986238
ETL Developer,0.41293186
Education,0.30333936
Education,0.24028815
Education,0.22178563
Electrical Engineering,0.4021296
Electrical Engineering,0.287122
Electrical Engineering,0.42784607
Finance,0.5471986
Finance,0.46948764
Finance,0.49063683
Food and Beverages,0.37807357
Food and Beverages,0.41269112
Food and Beverages,0.398066
Health and Fitness,0.33730596
Health and Fitness,0.3588335
Health and Fitness,0.28401923
Human Resources,0.47446695
Human Resources,0.33950898
Human Resources,0.45741007
Information Technology,0.446336
Information Technology,0.5047578
Information Technology,0.5748135
Java Developer,0.3719632
Java Developer,0.29513228
Java Developer,0.36195555
Management,0.51989424
Management,0.3780487
Management,0.38137138
Mechanical Engineer,0.3178528
Mechanical Engineer,0.43656996
Mechanical Engineer,0.41379443
Network Security Engineer,0.3137867
Network Security Engineer,0.4090089
Network Security Engineer,0.4348732
Operations Manager,0.49317935
Operations Manager,0.47137272
Operations Manager,0.5298549
PMO,0.4376454
PMO,0.4173934
PMO,0.52135515
Public Relations,0.36747828
Public Relations,0.4348893
Public Relations,0.2596154
Python Developer,0.38158515
Python Developer,0.2787641
Python Developer,0.3563794
React Developer,0.3695467
React Developer,0.38409585
React Developer,0.4548452
SAP Developer,0.4166125
SAP Developer,0.49956098
SAP Developer,0.43580857
SQL Developer,0.3523798
SQL Developer,0.42512876
SQL Developer,0.45985356
Sales,0.4981436
Sales,0.5476974
Sales,0.46609473
Testing,0.33413368
Testing,0.30743682
Testing,0.28864354
Web Designing,0.35521987
Web Designing,0.3676874
Web Designing,0.28755137
Accountant,0.34223416
Accountant,0.40802017
Accountant,0.31487265
Advocate,0.40965188
Advocate,0.4088935
Advocate,0.40367368
Agriculture,0.26922366
Agriculture,0.36271676
Agriculture,0.2573023
Apparel,0.34505957
Apparel,0.31542188
Apparel,0.3208803
Architecture,0.2980984
Architecture,0.2548023
Architecture,0.3493294
Arts,0.26772782
Arts,0.37515718
Arts,0.25907743
Automobile,0.3411448
Automobile,0.32244986
Automobile,0.38452157
Aviation,0.29041108
Aviation,0.2546108
Aviation,0.28597987
BPO,0.3153428
BPO,0.23712426
BPO,0.35430148
Banking,0.36731607
Banking,0.29313692
Banking,0.4103798
Blockchain,0.2294668
Blockchain,0.3316727
Blockchain,0.17486776
Building and Construction,0.35151267
Building and Construction,0.34011018
Building and Construction,0.3262676
Business Analyst,0.32092762
Business Analyst,0.2691291
Business Analyst,0.2958307
Civil Engineer,0.38291976
Civil Engineer,0.30589205
Civil Engineer,0.25550443
Consultant,0.34961486
Consultant,0.28349343
Consultant,0.31459913
Data Science,0.31340078
Data Science,0.33284348
Data Science,0.3435878
Database,0.3007151
Database,0.3070781
Database,0.26003975
Designing,0.17439318
Designing,0.21404786
Designing,0.28522843
DevOps,0.1933664
DevOps,0.30950612
DevOps,0.31333375
Digital Media,0.2457666
Digital Media,0.2996827
Digital Media,0.30740452
DotNet Developer,0.27395663
DotNet Developer,0.29022706
DotNet Developer,0.2918729
ETL Developer,0.23174503
ETL Developer,0.23842613
ETL Developer,0.31147784
Education,0.32263383
Education,0.24593687
Education,0.2559715
Electrical Engineering,0.35900044
Electrical Engineering,0.3310239
Electrical Engineering,0.3813592
Finance,0.35614404
Finance,0.27600312
Finance,0.3168837
Food and Beverages,0.31443986
Food and Beverages,0.32732952
Food and Beverages,0.32325912
Health and Fitness,0.33745193
Health and Fitness,0.42716685
Health and Fitness,0.32751998
Human Resources,0.35534057
Human Resources,0.30317155
Human Resources,0.4109571
Information Technology,0.29494008
Information Technology,0.30948833
Information Technology,0.34155983
Java Developer,0.27365535
Java Developer,0.17291312
Java Developer,0.25014314
Management,0.33058193
Management,0.28478742
Management,0.23576452
Mechanical Engineer,0.33752146
Mechanical Engineer,0.31414127
Mechanical Engineer,0.3277726
Network Security Engineer,0.23767921
Network Security Engineer,0.34433585
Network Security Engineer,0.3119509
Operations Manager,0.34962678
Operations Manager,0.3884426
Operations Manager,0.3838276
PMO,0.25354502
PMO,0.3067709
PMO,0.30951673
Public Relations,0.27932194
Public Relations,0.37543762
Public Relations,0.3615103
Python Developer,0.26669416
Python Developer,0.21993707
Python Developer,0.25932235
React Developer,0.22807705
React Developer,0.27497664
React Developer,0.4693593
SAP Developer,0.30190054
SAP Developer,0.37481266
SAP Developer,0.30575722
SQL Developer,0.25278565
SQL Developer,0.3186453
SQL Developer,0.2504731
Sales,0.42497337
Sales,0.28119785
Sales,0.38245478
Testing,0.37928727
Testing,0.43772087
Testing,0.3736187
Web Designing,0.2699897
Web Designing,0.29206362
Web Designing,0.23409475
Accountant,0.3321437
Accountant,0.46494833
Accountant,0.3750922
Advocate,0.32027662
Advocate,0.43968582
Advocate,0.40463227
Agriculture,0.29988953
Agriculture,0.4167699
Agriculture,0.29115623
Apparel,0.41588038
Apparel,0.3977789
Apparel,0.4115271
Architecture,0.3326109
Architecture,0.2875801
Architecture,0.34785584
Arts,0.26637372
Arts,0.29446644
Arts,0.23791185
Automobile,0.3560089
Automobile,0.3071939
Automobile,0.45357952
Aviation,0.2782165
Aviation,0.28051412
Aviation,0.2757962
BPO,0.44797918
BPO,0.321526
BPO,0.41227147
Banking,0.41520768
Banking,0.3422765
Banking,0.38785893
Blockchain,0.23055203
Blockchain,0.4389169
Blockchain,0.23960999
Building and Construction,0.42673838
Building and Construction,0.35152856
Building and Construction,0.34897032
Business Analyst,0.3638198
Business Analyst,0.39441964
Business Analyst,0.32596356
Civil Engineer,0.36891118
Civil Engineer,0.23468643
Civil Engineer,0.23991735
Consultant,0.25529823
Consultant,0.34815302
Consultant,0.43276942
Data Science,0.30196354
Data Science,0.34092042
Data Science,0.37356335
Database,0.33450973
Database,0.338901
Database,0.30652276
Designing,0.23074247
Designing,0.2876726
Designing,0.3701613
DevOps,0.24560824
DevOps,0.3718912
DevOps,0.33940983
Digital Media,0.28546324
Digital Media,0.3727962
Digital Media,0.45372888
DotNet Developer,0.3345171
DotNet Developer,0.34281093
DotNet Developer,0.28785607
ETL Developer,0.33830234
ETL Developer,0.32462987
ETL Developer,0.35587528
Education,0.25723225
Education,0.220107
Education,0.21522704
Electrical Engineering,0.3350098
Electrical Engineering,0.27818456
Electrical Engineering,0.4113197
Finance,0.42185834
Finance,0.35105053
Finance,0.3651955
Food and Beverages,0.3317197
Food and Beverages,0.4375097
Food and Beverages,0.4245582
Health and Fitness,0.3145805
Health and Fitness,0.34712392
Health and Fitness,0.2723113
Human Resources,0.38359448
Human Resources,0.2613933
Human Resources,0.37343928
Information Technology,0.34710005
Information Technology,0.3829876
Information Technology,0.46457592
Java Developer,0.2982912
Java Developer,0.24085729
Java Developer,0.31759015
Management,0.43735406
Management,0.31037372
Management,0.31471357
Mechanical Engineer,0.30626628
Mechanical Engineer,0.4095284
Mechanical Engineer,0.38084695
Network Security Engineer,0.25577772
Network Security Engineer,0.36434242
Network Security Engineer,0.35375777
Operations Manager,0.44488838
Operations Manager,0.43771812
Operations Manager,0.4660403
PMO,0.3186115
PMO,0.3395449
PMO,0.37806097
Public Relations,0.35925025
Public Relations,0.4441116
Public Relations,0.28330615
Python Developer,0.31497163
Python Developer,0.20931937
Python Developer,0.28231943
React Developer,0.31648335
React Developer,0.2905595
React Developer,0.41427043
SAP Developer,0.31910127
SAP Developer,0.41327697
SAP Developer,0.38030526
SQL Developer,0.24717438
SQL Developer,0.40903768
SQL Developer,0.3374337
Sales,0.43360725
Sales,0.41096494
Sales,0.4119929
Testing,0.27225927
Testing,0.27890766
Testing,0.24853349
Web Designing,0.2930591
Web Designing,0.34251225
Web Designing,0.27912006
Accountant,0.33203346
Accountant,0.35448378
Accountant,0.3214435
Advocate,0.29122874
Advocate,0.37866393
Advocate,0.29695395
Agriculture,0.24110033
Agriculture,0.34749004
Agriculture,0.23803963
Apparel,0.34293348
Apparel,0.31484234
Apparel,0.33344346
Architecture,0.30434164
Architecture,0.2524874
Architecture,0.30582738
Arts,0.22091843
Arts,0.25629508
Arts,0.22260551
Automobile,0.38601646
Automobile,0.380282
Automobile,0.4127063
Aviation,0.29999033
Aviation,0.30375755
Aviation,0.3051282
BPO,0.3305346
BPO,0.30785704
BPO,0.34966776
Banking,0.34599903
Banking,0.289032
Banking,0.3166439
Blockchain,0.2190752
Blockchain,0.30582336
Blockchain,0.23294614
Building and Construction,0.37058708
Building and Construction,0.34846666
Building and Construction,0.32456103
Business Analyst,0.3166763
Business Analyst,0.30188182
Business Analyst,0.25111002
Civil Engineer,0.32006323
Civil Engineer,0.28069925
Civil Engineer,0.28014156
Consultant,0.1887227
Consultant,0.3061511
Consultant,0.34354508
Data Science,0.25703195
Data Science,0.27611545
Data Science,0.33467233
Database,0.29999945
Database,0.27808225
Database,0.28268865
Designing,0.18936259
Designing,0.18036833
Designing,0.26341385
DevOps,0.20804429
DevOps,0.31075218
DevOps,0.2942389
Digital Media,0.2401567
Digital Media,0.25279653
Digital Media,0.3000866
DotNet Developer,0.277525
DotNet Developer,0.30247825
DotNet Developer,0.24333487
ETL Developer,0.25998917
ETL Developer,0.2528548
ETL Developer,0.3092291
Education,0.2305769
Education,0.21298586
Education,0.20649384
Electrical Engineering,0.3328263
Electrical Engineering,0.33683088
Electrical Engineering,0.34310973
Finance,0.3255999
Finance,0.2995038
Finance,0.284056
Food and Beverages,0.32376948
Food and Beverages,0.26434925
Food and Beverages,0.2526603
Health and Fitness,0.24764954
Health and Fitness,0.30486965
Health and Fitness,0.24334049
Human Resources,0.3635733
Human Resources,0.30621752
Human Resources,0.33024466
Information Technology,0.29232222
Information Technology,0.33422717
Information Technology,0.3522112
Java Developer,0.27998468
Java Developer,0.21925806
Java Developer,0.2476358
Management,0.32425568
Management,0.26643792
Management,0.31008598
Mechanical Engineer,0.34679392
Mechanical Engineer,0.31456634
Mechanical Engineer,0.35556376
Network Security Engineer,0.2789445
Network Security Engineer,0.33515722
Network Security Engineer,0.3419021
Operations Manager,0.31912124
Operations Manager,0.35968477
Operations Manager,0.36496738
PMO,0.2887565
PMO,0.31258184
PMO,0.33355823
Public Relations,0.2316882
Public Relations,0.28262347
Public Relations,0.22001463
Python Developer,0.26843044
Python Developer,0.1934276
Python Developer,0.27205056
React Developer,0.23001198
React Developer,0.26488465
React Developer,0.35427076
SAP Developer,0.2915161
SAP Developer,0.32892025
SAP Developer,0.30699956
SQL Developer,0.23486203
SQL Developer,0.31207407
SQL Developer,0.28915286
Sales,0.3485266
Sales,0.3258552
Sales,0.32000035
Testing,0.26234874
Testing,0.23151983
Testing,0.26047504
Web Designing,0.27342492
Web Designing,0.24991928
Web Designing,0.20713449
Accountant,0.34111655
Accountant,0.44060427
Accountant,0.35672775
Advocate,0.356899
Advocate,0.41450235
Advocate,0.37910986
Agriculture,0.29991776
Agriculture,0.40386823
Agriculture,0.29990792
Apparel,0.3449075
Apparel,0.3940928
Apparel,0.3726127
Architecture,0.32518733
Architecture,0.2998949
Architecture,0.36101013
Arts,0.29358098
Arts,0.31450328
Arts,0.21724975
Automobile,0.3159002
Automobile,0.3201313
Automobile,0.4040943
Aviation,0.33984348
Aviation,0.2685929
Aviation,0.33626094
BPO,0.33374554
BPO,0.3648888
BPO,0.43126017
Banking,0.37699154
Banking,0.33111942
Banking,0.40621296
Blockchain,0.27516186
Blockchain,0.4014525
Blockchain,0.26709953
Building and Construction,0.40243658
Building and Construction,0.3837508
Building and Construction,0.33062202
Business Analyst,0.40505803
Business Analyst,0.3743605
Business Analyst,0.37001225
Civil Engineer,0.365832
Civil Engineer,0.22943579
Civil Engineer,0.26604342
Consultant,0.23703027
Consultant,0.37506995
Consultant,0.41869617
Data Science,0.29469252
Data Science,0.3318116
Data Science,0.35804948
Database,0.3535413
Database,0.34115013
Database,0.3198101
Designing,0.24582006
Designing,0.2646277
Designing,0.3179748
DevOps,0.2827684
DevOps,0.37046868
DevOps,0.36784086
Digital Media,0.28414088
Digital Media,0.3746024
Digital Media,0.3475663
DotNet Developer,0.34449536
DotNet Developer,0.32627308
DotNet Developer,0.3385852
ETL Developer,0.3090015
ETL Developer,0.33282536
ETL Developer,0.4009564
Education,0.28724113
Education,0.26251918
Education,0.27629474
Electrical Engineering,0.3701761
Electrical Engineering,0.28160834
Electrical Engineering,0.39580673
Finance,0.41192788
Finance,0.37203753
Finance,0.3813539
Food and Beverages,0.34643924
Food and Beverages,0.36659
Food and Beverages,0.37466824
Health and Fitness,0.31329542
Health and Fitness,0.3340878
Health and Fitness,0.29125395
Human Resources,0.45349523
Human Resources,0.3393105
Human Resources,0.4118505
Information Technology,0.39021558
Information Technology,0.40635288
Information Technology,0.3921795
Java Developer,0.337889
Java Developer,0.2634399
Java Developer,0.3237191
Management,0.384913
Management,0.34139845
Management,0.32318106
Mechanical Engineer,0.32517928
Mechanical Engineer,0.35665536
Mechanical Engineer,0.3711688
Network Security Engineer,0.3038438
Network Security Engineer,0.39470935
Network Security Engineer,0.35481864
Operations Manager,0.36734697
Operations Manager,0.4175154
Operations Manager,0.43901473
PMO,0.34961942
PMO,0.38444343
PMO,0.3808071
Public Relations,0.31420958
Public Relations,0.38014287
Public Relations,0.28439263
Python Developer,0.32921854
Python Developer,0.24141952
Python Developer,0.3258487
React Developer,0.30974975
React Developer,0.34574243
React Developer,0.44405907
SAP Developer,0.36243734
SAP Developer,0.41126692
SAP Developer,0.36169112
SQL Developer,0.32009932
SQL Developer,0.3611574
SQL Developer,0.36443365
Sales,0.39820096
Sales,0.3662047
Sales,0.36042765
Testing,0.30123976
Testing,0.29412457
Testing,0.28090683
Web Designing,0.3484829
Web Designing,0.34541643
Web Designing,0.2938999
Accountant,0.35157835
Accountant,0.4986199
Accountant,0.39611202
Advocate,0.3513794
Advocate,0.4419697
Advocate,0.41452315
Agriculture,0.36814815
Agriculture,0.4443448
Agriculture,0.34413606
Apparel,0.45800725
Apparel,0.4189811
Apparel,0.42505497
Architecture,0.4332367
Architecture,0.27740636
Architecture,0.35360473
Arts,0.26402035
Arts,0.34876037
Arts,0.20042303
Automobile,0.4088341
Automobile,0.37368637
Automobile,0.46753666
Aviation,0.40478736
Aviation,0.39586166
Aviation,0.4039008
BPO,0.3824802
BPO,0.37171286
BPO,0.45204458
Banking,0.40224385
Banking,0.3200289
Banking,0.43756503
Blockchain,0.27105933
Blockchain,0.4206012
Blockchain,0.3118858
Building and Construction,0.5098289
Building and Construction,0.47911248
Building and Construction,0.3804981
Business Analyst,0.39864254
Business Analyst,0.39180684
Business Analyst,0.36930162
Civil Engineer,0.3915452
Civil Engineer,0.25144812
Civil Engineer,0.3084003
Consultant,0.22363256
Consultant,0.38118392
Consultant,0.44902787
Data Science,0.34457687
Data Science,0.34638312
Data Science,0.42012012
Database,0.3864807
Database,0.3608452
Database,0.3446312
Designing,0.2100313
Designing,0.26679647
Designing,0.31662202
DevOps,0.29814297
DevOps,0.38858813
DevOps,0.41581807
Digital Media,0.2620057
Digital Media,0.3654153
Digital Media,0.39519396
DotNet Developer,0.30758396
DotNet Developer,0.36166015
DotNet Developer,0.33733273
ETL Developer,0.34220353
ETL Developer,0.36285034
ETL Developer,0.4206445
Education,0.28481847
Education,0.2212165
Education,0.22543925
Electrical Engineering,0.46779618
Electrical Engineering,0.32932362
Electrical Engineering,0.4942803
Finance,0.44461384
Finance,0.39743137
Finance,0.41933888
Food and Beverages,0.4264596
Food and Beverages,0.40589723
Food and Beverages,0.35726357
Health and Fitness,0.3340101
Health and Fitness,0.36035407
Health and Fitness,0.27969635
Human Resources,0.44410133
Human Resources,0.35123432
Human Resources,0.47171223
Information Technology,0.40507072
Information Technology,0.42065024
Information Technology,0.47330514
Java Developer,0.33903542
Java Developer,0.28705317
Java Developer,0.331725
Management,0.45817515
Management,0.36050597
Management,0.41666478
Mechanical Engineer,0.38099152
Mechanical Engineer,0.42926383
Mechanical Engineer,0.42596018
Network Security Engineer,0.3112547
Network Security Engineer,0.41534272
Network Security Engineer,0.40054747
Operations Manager,0.42096293
Operations Manager,0.48065612
Operations Manager,0.51779616
PMO,0.3962162
PMO,0.43092042
PMO,0.40402594
Public Relations,0.30306664
Public Relations,0.42255142
Public Relations,0.23212874
Python Developer,0.317646
Python Developer,0.2558712
Python Developer,0.3371978
React Developer,0.30306587
React Developer,0.350448
React Developer,0.4488352
SAP Developer,0.37782073
SAP Developer,0.43116936
SAP Developer,0.40100643
SQL Developer,0.33350724
SQL Developer,0.4071826
SQL Developer,0.39209735
Sales,0.4500844
Sales,0.4058329
Sales,0.42155674
Testing,0.3671564
Testing,0.33728847
Testing,0.32064196
Web Designing,0.33651966
Web Designing,0.37272397
Web Designing,0.22658636
Accountant,0.3468737
Accountant,0.41900948
Accountant,0.40449995
Advocate,0.35888007
Advocate,0.38471466
Advocate,0.3433874
Agriculture,0.31592622
Agriculture,0.38137996
Agriculture,0.29258025
Apparel,0.36987412
Apparel,0.3585876
Apparel,0.33099845
Architecture,0.36657062
Architecture,0.29969275
Architecture,0.35746023
Arts,0.26348892
Arts,0.3032729
Arts,0.18722445
Automobile,0.35531366
Automobile,0.30797455
Automobile,0.40705782
Aviation,0.35558096
Aviation,0.31768844
Aviation,0.37958276
BPO,0.2985461
BPO,0.3628055
BPO,0.4075743
Banking,0.37526825
Banking,0.31823137
Banking,0.40400025
Blockchain,0.32133955
Blockchain,0.37953416
Blockchain,0.3180967
Building and Construction,0.3836698
Building and Construction,0.37109336
Building and Construction,0.33659765
Business Analyst,0.39598387
Business Analyst,0.3879431
Business Analyst,0.35560787
Civil Engineer,0.37037206
Civil Engineer,0.23725893
Civil Engineer,0.3143065
Consultant,0.20958379
Consultant,0.399862
Consultant,0.39526156
Data Science,0.27186197
Data Science,0.27689442
Data Science,0.3515315
Database,0.39602923
Database,0.39203054
Database,0.34353295
Designing,0.22310688
Designing,0.23929471
Designing,0.31204203
DevOps,0.35850742
DevOps,0.4163617
DevOps,0.3762706
Digital Media,0.28563568
Digital Media,0.34855756
Digital Media,0.3389501
DotNet Developer,0.3803644
DotNet Developer,0.38763842
DotNet Developer,0.37633005
ETL Developer,0.38097873
ETL Developer,0.35728768
ETL Developer,0.40155694
Education,0.2617101
Education,0.24738915
Education,0.24164535
Electrical Engineering,0.37231204
Electrical Engineering,0.28253058
Electrical Engineering,0.39678392
Finance,0.37787527
Finance,0.35915515
Finance,0.38601884
Food and Beverages,0.33122444
Food and Beverages,0.33936828
Food and Beverages,0.30782005
Health and Fitness,0.26765138
Health and Fitness,0.2985305
Health and Fitness,0.22207692
Human Resources,0.38163322
Human Resources,0.3281029
Human Resources,0.38278872
Information Technology,0.389274
Information Technology,0.43554157
Information Technology,0.38785174
Java Developer,0.37460107
Java Developer,0.33463264
Java Developer,0.35859048
Management,0.3342834
Management,0.38525417
Management,0.38766542
Mechanical Engineer,0.30420703
Mechanical Engineer,0.34072673
Mechanical Engineer,0.37049234
Network Security Engineer,0.3718087
Network Security Engineer,0.36808234
Network Security Engineer,0.3984074
Operations Manager,0.34669587
Operations Manager,0.39376318
Operations Manager,0.40832984
PMO,0.38006872
PMO,0.3962772
PMO,0.39382994
Public Relations,0.29959399
Public Relations,0.36959103
Public Relations,0.24917382
Python Developer,0.34021643
Python Developer,0.31177104
Python Developer,0.3666846
React Developer,0.30380297
React Developer,0.37607312
React Developer,0.38270873
SAP Developer,0.38125733
SAP Developer,0.40916643
SAP Developer,0.38285306
SQL Developer,0.35634753
SQL Developer,0.39215672
SQL Developer,0.40046322
Sales,0.37445983
Sales,0.30581838
Sales,0.31598324
Testing,0.2948088
Testing,0.27833846
Testing,0.28441462
Web Designing,0.42583638
Web Designing,0.392743
Web Designing,0.26455227
Accountant,0.35174644
Accountant,0.3776525
Accountant,0.3827416
Advocate,0.34985843
Advocate,0.40487686
Advocate,0.35843694
Agriculture,0.25775197
Agriculture,0.3220458
Agriculture,0.24944347
Apparel,0.32498467
Apparel,0.29915246
Apparel,0.2945315
Architecture,0.33000582
Architecture,0.25982207
Architecture,0.36342
Arts,0.23207527
Arts,0.3196913
Arts,0.2113401
Automobile,0.35212076
Automobile,0.3173949
Automobile,0.35559553
Aviation,0.35408387
Aviation,0.2740002
Aviation,0.38615865
BPO,0.24925077
BPO,0.28427958
BPO,0.39177084
Banking,0.3465447
Banking,0.3244247
Banking,0.40066323
Blockchain,0.2564267
Blockchain,0.33828267
Blockchain,0.21078458
Building and Construction,0.3639742
Building and Construction,0.34601465
Building and Construction,0.32447016
Business Analyst,0.3590621
Business Analyst,0.32808524
Business Analyst,0.27526042
Civil Engineer,0.39123422
Civil Engineer,0.2761229
Civil Engineer,0.26339275
Consultant,0.21198356
Consultant,0.30945635
Consultant,0.33191276
Data Science,0.3058847
Data Science,0.31126532
Data Science,0.44658422
Database,0.31680864
Database,0.30101416
Database,0.2967907
Designing,0.17301907
Designing,0.25535038
Designing,0.255719
DevOps,0.23541164
DevOps,0.33394784
DevOps,0.32714123
Digital Media,0.3310275
Digital Media,0.28698918
Digital Media,0.22603494
DotNet Developer,0.28172156
DotNet Developer,0.3127452
DotNet Developer,0.27938628
ETL Developer,0.27913108
ETL Developer,0.26888615
ETL Developer,0.35163176
Education,0.27707192
Education,0.23530777
Education,0.2692562
Electrical Engineering,0.3503616
Electrical Engineering,0.28222612
Electrical Engineering,0.39133805
Finance,0.38521367
Finance,0.3201991
Finance,0.33993483
Food and Beverages,0.32942924
Food and Beverages,0.2948605
Food and Beverages,0.32136837
Health and Fitness,0.30322623
Health and Fitness,0.33125293
Health and Fitness,0.26733962
Human Resources,0.4182133
Human Resources,0.34935534
Human Resources,0.42030412
Information Technology,0.32390767
Information Technology,0.35826057
Information Technology,0.36468247
Java Developer,0.27982837
Java Developer,0.22509523
Java Developer,0.2696465
Management,0.3258174
Management,0.3664382
Management,0.27210087
Mechanical Engineer,0.28455794
Mechanical Engineer,0.32893223
Mechanical Engineer,0.3517508
Network Security Engineer,0.29907373
Network Security Engineer,0.32593012
Network Security Engineer,0.3264571
Operations Manager,0.29765058
Operations Manager,0.35249454
Operations Manager,0.3631153
PMO,0.29936054
PMO,0.3320098
PMO,0.29718256
Public Relations,0.255031
Public Relations,0.3493893
Public Relations,0.26466656
Python Developer,0.31414548
Python Developer,0.23760419
Python Developer,0.3034447
React Developer,0.21055253
React Developer,0.28432056
React Developer,0.43773693
SAP Developer,0.36172286
SAP Developer,0.34421608
SAP Developer,0.31515107
SQL Developer,0.29107752
SQL Developer,0.31639063
SQL Developer,0.3188212
Sales,0.36420423
Sales,0.27076012
Sales,0.27458778
Testing,0.3294557
Testing,0.35840553
Testing,0.30606776
Web Designing,0.3208949
Web Designing,0.30003625
Web Designing,0.24857612
Accountant,0.39543122
Accountant,0.43419835
Accountant,0.38839346
Advocate,0.355378
Advocate,0.4295557
Advocate,0.39643192
Agriculture,0.3233842
Agriculture,0.39356497
Agriculture,0.31506908
Apparel,0.32974195
Apparel,0.40252537
Apparel,0.3804388
Architecture,0.4391028
Architecture,0.3352693
Architecture,0.37551007
Arts,0.2606249
Arts,0.3293805
Arts,0.19796659
Automobile,0.37612408
Automobile,0.35608354
Automobile,0.43007213
Aviation,0.36059663
Aviation,0.36597368
Aviation,0.4458589
BPO,0.29957283
BPO,0.419861
BPO,0.46565217
Banking,0.36588004
Banking,0.3918497
Banking,0.39556617
Blockchain,0.4091909
Blockchain,0.44759226
Blockchain,0.40006027
Building and Construction,0.43342188
Building and Construction,0.43114287
Building and Construction,0.37992144
Business Analyst,0.46760455
Business Analyst,0.4221729
Business Analyst,0.4315556
Civil Engineer,0.39466202
Civil Engineer,0.28339612
Civil Engineer,0.31511462
Consultant,0.21456641
Consultant,0.48410937
Consultant,0.39505398
Data Science,0.30277413
Data Science,0.34647375
Data Science,0.3944825
Database,0.43648875
Database,0.52121675
Database,0.40262887
Designing,0.2519133
Designing,0.33177465
Designing,0.35870376
DevOps,0.43661797
DevOps,0.44704342
DevOps,0.49179214
Digital Media,0.32103106
Digital Media,0.37825996
Digital Media,0.3216535
DotNet Developer,0.46982893
DotNet Developer,0.43271765
DotNet Developer,0.41004097
ETL Developer,0.4264875
ETL Developer,0.39052004
ETL Developer,0.46888658
Education,0.32487953
Education,0.2615312
Education,0.27327067
Electrical Engineering,0.42968494
Electrical Engineering,0.3777672
Electrical Engineering,0.4425124
Finance,0.3834954
Finance,0.34711105
Finance,0.4121828
Food and Beverages,0.3835856
Food and Beverages,0.37821802
Food and Beverages,0.41123486
Health and Fitness,0.32653928
Health and Fitness,0.380759
Health and Fitness,0.29173195
Human Resources,0.42523795
Human Resources,0.3255918
Human Resources,0.39897972
Information Technology,0.48152906
Information Technology,0.4791796
Information Technology,0.5124756
Java Developer,0.4570482
Java Developer,0.43535638
Java Developer,0.45182526
Management,0.3536739
Management,0.3578596
Management,0.35679457
Mechanical Engineer,0.3812858
Mechanical Engineer,0.4180454
Mechanical Engineer,0.42835099
Network Security Engineer,0.45341453
Network Security Engineer,0.51717055
Network Security Engineer,0.48622927
Operations Manager,0.3501082
Operations Manager,0.399123
Operations Manager,0.43065828
PMO,0.38377714
PMO,0.4217617
PMO,0.4355773
Public Relations,0.31420335
Public Relations,0.43410483
Public Relations,0.277956
Python Developer,0.4196324
Python Developer,0.37604937
Python Developer,0.5112468
React Developer,0.37511632
React Developer,0.44862175
React Developer,0.42546934
SAP Developer,0.46268538
SAP Developer,0.46059948
SAP Developer,0.42946044
SQL Developer,0.4461188
SQL Developer,0.4797703
SQL Developer,0.43308765
Sales,0.42565137
Sales,0.35859013
Sales,0.3254134
Testing,0.34107482
Testing,0.32635748
Testing,0.31536523
Web Designing,0.46388572
Web Designing,0.41879398
Web Designing,0.2766679
Accountant,0.33183834
Accountant,0.49857682
Accountant,0.3958954
Advocate,0.356605
Advocate,0.41255912
Advocate,0.39018705
Agriculture,0.32983473
Agriculture,0.45104304
Agriculture,0.29223582
Apparel,0.35731006
Apparel,0.4358532
Apparel,0.44432688
Architecture,0.34236732
Architecture,0.27949756
Architecture,0.3485209
Arts,0.308169
Arts,0.34038973
Arts,0.24848133
Automobile,0.3443424
Automobile,0.3406978
Automobile,0.3750229
Aviation,0.34690747
Aviation,0.24870138
Aviation,0.32551578
BPO,0.41211984
BPO,0.4046842
BPO,0.4746422
Banking,0.41602975
Banking,0.40592918
Banking,0.39827347
Blockchain,0.27217495
Blockchain,0.47525606
Blockchain,0.29861668
Building and Construction,0.42842847
Building and Construction,0.35707042
Building and Construction,0.34467232
Business Analyst,0.41224763
Business Analyst,0.43869674
Business Analyst,0.39463094
Civil Engineer,0.36792526
Civil Engineer,0.24307503
Civil Engineer,0.3013719
Consultant,0.25166985
Consultant,0.39916155
Consultant,0.4924389
Data Science,0.3516828
Data Science,0.3637228
Data Science,0.29218113
Database,0.3765071
Database,0.38737124
Database,0.42926902
Designing,0.29881704
Designing,0.20620523
Designing,0.40373042
DevOps,0.31122124
DevOps,0.4062438
DevOps,0.3784169
Digital Media,0.38386935
Digital Media,0.49274227
Digital Media,0.52955204
DotNet Developer,0.36444256
DotNet Developer,0.399835
DotNet Developer,0.3829238
ETL Developer,0.4195418
ETL Developer,0.3942292
ETL Developer,0.44067523
Education,0.30052963
Education,0.2431703
Education,0.23619093
Electrical Engineering,0.36457387
Electrical Engineering,0.2468186
Electrical Engineering,0.40348756
Finance,0.44389465
Finance,0.42948624
Finance,0.44565418
Food and Beverages,0.36370078
Food and Beverages,0.37699357
Food and Beverages,0.3650583
Health and Fitness,0.31996244
Health and Fitness,0.33609292
Health and Fitness,0.2951543
Human Resources,0.42888534
Human Resources,0.29762813
Human Resources,0.3936911
Information Technology,0.44497013
Information Technology,0.4538957
Information Technology,0.47675076
Java Developer,0.37370607
Java Developer,0.2604011
Java Developer,0.35640985
Management,0.4655512
Management,0.36201632
Management,0.33699104
Mechanical Engineer,0.2743351
Mechanical Engineer,0.3781806
Mechanical Engineer,0.38510206
Network Security Engineer,0.2691928
Network Security Engineer,0.3702258
Network Security Engineer,0.41480592
Operations Manager,0.40694103
Operations Manager,0.44211093
Operations Manager,0.48844928
PMO,0.44662234
PMO,0.3895262
PMO,0.45650446
Public Relations,0.45313606
Public Relations,0.4049099
Public Relations,0.3345048
Python Developer,0.4131151
Python Developer,0.26649284
Python Developer,0.3443487
React Developer,0.36487848
React Developer,0.35918063
React Developer,0.4222498
SAP Developer,0.34282467
SAP Developer,0.48821956
SAP Developer,0.38002175
SQL Developer,0.3440577
SQL Developer,0.41318455
SQL Developer,0.43446863
Sales,0.41380948
Sales,0.4645405
Sales,0.41228056
Testing,0.3006581
Testing,0.2915011
Testing,0.28384918
Web Designing,0.39920318
Web Designing,0.35661343
Web Designing,0.3304313
Accountant,0.28847343
Accountant,0.3228401
Accountant,0.29773918
Advocate,0.2823184
Advocate,0.36664253
Advocate,0.29302543
Agriculture,0.2454717
Agriculture,0.27983624
Agriculture,0.21998873
Apparel,0.29943252
Apparel,0.29712054
Apparel,0.29662743
Architecture,0.30001798
Architecture,0.3012621
Architecture,0.32616544
Arts,0.26903027
Arts,0.30729255
Arts,0.26716813
Automobile,0.24975015
Automobile,0.28387177
Automobile,0.3237305
Aviation,0.2828032
Aviation,0.21617289
Aviation,0.26703274
BPO,0.28824067
BPO,0.22599028
BPO,0.3177286
Banking,0.30630147
Banking,0.2890697
Banking,0.32542926
Blockchain,0.29030266
Blockchain,0.3085559
Blockchain,0.24703719
Building and Construction,0.30212003
Building and Construction,0.28823227
Building and Construction,0.339022
Business Analyst,0.3071931
Business Analyst,0.32242078
Business Analyst,0.2581776
Civil Engineer,0.29096755
Civil Engineer,0.24113166
Civil Engineer,0.23617752
Consultant,0.23663357
Consultant,0.26237845
Consultant,0.3315952
Data Science,0.29516828
Data Science,0.29048097
Data Science,0.2961794
Database,0.30435833
Database,0.29086214
Database,0.29439655
Designing,0.22081737
Designing,0.2139302
Designing,0.3147092
DevOps,0.23634303
DevOps,0.29886574
DevOps,0.3157534
Digital Media,0.28567934
Digital Media,0.29911095
Digital Media,0.30375588
DotNet Developer,0.26604897
DotNet Developer,0.30437917
DotNet Developer,0.30360523
ETL Developer,0.24197893
ETL Developer,0.23785411
ETL Developer,0.2957698
Education,0.25348896
Education,0.24786279
Education,0.25351432
Electrical Engineering,0.30354077
Electrical Engineering,0.23619464
Electrical Engineering,0.31897333
Finance,0.2928358
Finance,0.25597525
Finance,0.27954254
Food and Beverages,0.2980784
Food and Beverages,0.30557957
Food and Beverages,0.3267824
Health and Fitness,0.3040577
Health and Fitness,0.3663611
Health and Fitness,0.2541727
Human Resources,0.328661
Human Resources,0.25637713
Human Resources,0.31831846
Information Technology,0.31074747
Information Technology,0.32440636
Information Technology,0.34075037
Java Developer,0.27671266
Java Developer,0.24775408
Java Developer,0.29031846
Management,0.27152944
Management,0.22748049
Management,0.27061713
Mechanical Engineer,0.27640495
Mechanical Engineer,0.2910284
Mechanical Engineer,0.30305544
Network Security Engineer,0.24707305
Network Security Engineer,0.29162145
Network Security Engineer,0.29455099
Operations Manager,0.28835544
Operations Manager,0.36080235
Operations Manager,0.30968487
PMO,0.2885247
PMO,0.32960907
PMO,0.32999817
Public Relations,0.28571254
Public Relations,0.3503158
Public Relations,0.28503498
Python Developer,0.3111573
Python Developer,0.22277471
Python Developer,0.28791174
React Developer,0.2889932
React Developer,0.27112707
React Developer,0.3369652
SAP Developer,0.2929457
SAP Developer,0.30916452
SAP Developer,0.27888864
SQL Developer,0.2754287
SQL Developer,0.34906596
SQL Developer,0.28640047
Sales,0.34000057
Sales,0.28150627
Sales,0.3431689
Testing,0.29464105
Testing,0.29663697
Testing,0.27329692
Web Designing,0.31359667
Web Designing,0.27622333
Web Designing,0.2887154
Accountant,0.31611457
Accountant,0.35762188
Accountant,0.28235143
Advocate,0.3954785
Advocate,0.4200317
Advocate,0.37931523
Agriculture,0.29269135
Agriculture,0.33946243
Agriculture,0.25889325
Apparel,0.34825104
Apparel,0.30544463
Apparel,0.31162497
Architecture,0.31964612
Architecture,0.27834326
Architecture,0.37580773
Arts,0.21850134
Arts,0.4695824
Arts,0.35363773
Automobile,0.28221643
Automobile,0.27070946
Automobile,0.360734
Aviation,0.31666034
Aviation,0.23731011
Aviation,0.31272498
BPO,0.25399455
BPO,0.25346854
BPO,0.37272575
Banking,0.31381068
Banking,0.30160525
Banking,0.43288577
Blockchain,0.22674201
Blockchain,0.2999877
Blockchain,0.19463918
Building and Construction,0.33444214
Building and Construction,0.34464654
Building and Construction,0.30488673
Business Analyst,0.31218472
Business Analyst,0.29546556
Business Analyst,0.25459138
Civil Engineer,0.33980742
Civil Engineer,0.294834
Civil Engineer,0.2454495
Consultant,0.37330723
Consultant,0.252596
Consultant,0.33659515
Data Science,0.4154118
Data Science,0.4652329
Data Science,0.35114726
Database,0.26082242
Database,0.2734438
Database,0.23502325
Designing,0.16949749
Designing,0.2417837
Designing,0.28388643
DevOps,0.19261038
DevOps,0.2928299
DevOps,0.33495083
Digital Media,0.25709477
Digital Media,0.25887898
Digital Media,0.26328814
DotNet Developer,0.24651222
DotNet Developer,0.24882548
DotNet Developer,0.25720316
ETL Developer,0.19818945
ETL Developer,0.22203314
ETL Developer,0.3255961
Education,0.43116137
Education,0.3761419
Education,0.34594178
Electrical Engineering,0.3165265
Electrical Engineering,0.25635153
Electrical Engineering,0.3458967
Finance,0.34674987
Finance,0.28062814
Finance,0.31731468
Food and Beverages,0.30376616
Food and Beverages,0.31149313
Food and Beverages,0.29728904
Health and Fitness,0.35862947
Health and Fitness,0.38278985
Health and Fitness,0.3656625
Human Resources,0.3914368
Human Resources,0.3254614
Human Resources,0.394691
Information Technology,0.29793653
Information Technology,0.31515396
Information Technology,0.3206594
Java Developer,0.24188237
Java Developer,0.2324649
Java Developer,0.2669623
Management,0.31457216
Management,0.2741238
Management,0.24588647
Mechanical Engineer,0.28909796
Mechanical Engineer,0.28013933
Mechanical Engineer,0.31269112
Network Security Engineer,0.24114566
Network Security Engineer,0.3010313
Network Security Engineer,0.3020702
Operations Manager,0.319978
Operations Manager,0.3168376
Operations Manager,0.35774574
PMO,0.27876794
PMO,0.31122953
PMO,0.28452682
Public Relations,0.31234396
Public Relations,0.33873755
Public Relations,0.3448633
Python Developer,0.25031778
Python Developer,0.19156308
Python Developer,0.24405912
React Developer,0.19511084
React Developer,0.2548532
React Developer,0.44123384
SAP Developer,0.28479376
SAP Developer,0.31740716
SAP Developer,0.28100097
SQL Developer,0.24603613
SQL Developer,0.2993069
SQL Developer,0.28899527
Sales,0.36281753
Sales,0.24630708
Sales,0.30721205
Testing,0.36646247
Testing,0.38438636
Testing,0.34573245
Web Designing,0.29235798
Web Designing,0.2530458
Web Designing,0.23438323
Accountant,0.3626841
Accountant,0.38341317
Accountant,0.36094102
Advocate,0.33711612
Advocate,0.4241929
Advocate,0.3174907
Agriculture,0.2849684
Agriculture,0.34922656
Agriculture,0.25265208
Apparel,0.3840537
Apparel,0.3196883
Apparel,0.38054824
Architecture,0.3278713
Architecture,0.26860937
Architecture,0.31927338
Arts,0.23092143
Arts,0.26941207
Arts,0.22842805
Automobile,0.3966047
Automobile,0.36816195
Automobile,0.43498147
Aviation,0.33819053
Aviation,0.34354246
Aviation,0.33417058
BPO,0.33957973
BPO,0.2523784
BPO,0.3915178
Banking,0.35076132
Banking,0.26717353
Banking,0.3497442
Blockchain,0.21834572
Blockchain,0.3171905
Blockchain,0.22181077
Building and Construction,0.42041084
Building and Construction,0.3975333
Building and Construction,0.33571562
Business Analyst,0.29569694
Business Analyst,0.30178407
Business Analyst,0.26224902
Civil Engineer,0.3252336
Civil Engineer,0.26735547
Civil Engineer,0.2809987
Consultant,0.21263106
Consultant,0.3072046
Consultant,0.34388125
Data Science,0.26585436
Data Science,0.2763355
Data Science,0.33490017
Database,0.29740956
Database,0.2691841
Database,0.27526727
Designing,0.17447597
Designing,0.21000691
Designing,0.25732505
DevOps,0.23517792
DevOps,0.31745133
DevOps,0.32858598
Digital Media,0.25387946
Digital Media,0.2672216
Digital Media,0.2959434
DotNet Developer,0.26178092
DotNet Developer,0.3160073
DotNet Developer,0.24936418
ETL Developer,0.26415682
ETL Developer,0.25779784
ETL Developer,0.3103594
Education,0.21900284
Education,0.20172429
Education,0.21545315
Electrical Engineering,0.35093275
Electrical Engineering,0.32052234
Electrical Engineering,0.36371627
Finance,0.35806552
Finance,0.31543753
Finance,0.278137
Food and Beverages,0.33875802
Food and Beverages,0.29019952
Food and Beverages,0.2791681
Health and Fitness,0.28265622
Health and Fitness,0.3222481
Health and Fitness,0.28496197
Human Resources,0.40313205
Human Resources,0.33126095
Human Resources,0.38580766
Information Technology,0.2709231
Information Technology,0.31083706
Information Technology,0.36135116
Java Developer,0.28096056
Java Developer,0.21769463
Java Developer,0.26407844
Management,0.35896134
Management,0.28358072
Management,0.36041653
Mechanical Engineer,0.35435924
Mechanical Engineer,0.35279712
Mechanical Engineer,0.3595184
Network Security Engineer,0.25562203
Network Security Engineer,0.32456815
Network Security Engineer,0.32043186
Operations Manager,0.33126858
Operations Manager,0.3790408
Operations Manager,0.3818477
PMO,0.29064563
PMO,0.30734274
PMO,0.3119673
Public Relations,0.23469378
Public Relations,0.3053104
Public Relations,0.24692452
Python Developer,0.27631232
Python Developer,0.24066164
Python Developer,0.2805675
React Developer,0.21855557
React Developer,0.27117288
React Developer,0.38165078
SAP Developer,0.3177495
SAP Developer,0.34309122
SAP Developer,0.33028015
SQL Developer,0.2459575
SQL Developer,0.311022
SQL Developer,0.27671948
Sales,0.3834741
Sales,0.32148048
Sales,0.32353413
Testing,0.29361618
Testing,0.27123657
Testing,0.28331748
Web Designing,0.26229066
Web Designing,0.27505553
Web Designing,0.19660334
Accountant,0.3457656
Accountant,0.37158552
Accountant,0.30786648
Advocate,0.4677011
Advocate,0.45194522
Advocate,0.47588143
Agriculture,0.27568233
Agriculture,0.38414422
Agriculture,0.35525146
Apparel,0.35861135
Apparel,0.30725187
Apparel,0.31019232
Architecture,0.31320104
Architecture,0.2955791
Architecture,0.39522195
Arts,0.22881615
Arts,0.42417526
Arts,0.26216033
Automobile,0.32042247
Automobile,0.290421
Automobile,0.39797273
Aviation,0.33084893
Aviation,0.27224544
Aviation,0.40185142
BPO,0.24178576
BPO,0.26876485
BPO,0.3773644
Banking,0.3842915
Banking,0.27973256
Banking,0.4546524
Blockchain,0.20968102
Blockchain,0.3184234
Blockchain,0.16098256
Building and Construction,0.3951169
Building and Construction,0.38623586
Building and Construction,0.33885503
Business Analyst,0.325039
Business Analyst,0.31226432
Business Analyst,0.31210288
Civil Engineer,0.37635794
Civil Engineer,0.27745315
Civil Engineer,0.24108104
Consultant,0.42391077
Consultant,0.27500713
Consultant,0.35810685
Data Science,0.35275456
Data Science,0.38791904
Data Science,0.43108287
Database,0.3217952
Database,0.35611525
Database,0.29999587
Designing,0.17174526
Designing,0.2000094
Designing,0.25589004
DevOps,0.23164444
DevOps,0.287613
DevOps,0.36066255
Digital Media,0.26529598
Digital Media,0.28541926
Digital Media,0.26290348
DotNet Developer,0.27640662
DotNet Developer,0.31452212
DotNet Developer,0.26698545
ETL Developer,0.22728358
ETL Developer,0.23143612
ETL Developer,0.3536706
Education,0.33887896
Education,0.28449008
Education,0.24586226
Electrical Engineering,0.3622832
Electrical Engineering,0.3062508
Electrical Engineering,0.42017972
Finance,0.38617563
Finance,0.3086638
Finance,0.35028705
Food and Beverages,0.32989267
Food and Beverages,0.3328911
Food and Beverages,0.31524837
Health and Fitness,0.37190315
Health and Fitness,0.43228853
Health and Fitness,0.32270387
Human Resources,0.3899703
Human Resources,0.32229343
Human Resources,0.47600827
Information Technology,0.34533653
Information Technology,0.32642698
Information Technology,0.35169002
Java Developer,0.2649661
Java Developer,0.2540276
Java Developer,0.27169093
Management,0.35541883
Management,0.35780397
Management,0.2685502
Mechanical Engineer,0.31669357
Mechanical Engineer,0.34514436
Mechanical Engineer,0.33966398
Network Security Engineer,0.24463542
Network Security Engineer,0.33601037
Network Security Engineer,0.35307232
Operations Manager,0.36573634
Operations Manager,0.3495129
Operations Manager,0.41396096
PMO,0.30802634
PMO,0.34627876
PMO,0.30021417
Public Relations,0.2986649
Public Relations,0.37752828
Public Relations,0.40679803
Python Developer,0.25297216
Python Developer,0.23122363
Python Developer,0.2511435
React Developer,0.20552866
React Developer,0.24164855
React Developer,0.4442468
SAP Developer,0.35151705
SAP Developer,0.37813267
SAP Developer,0.3310673
SQL Developer,0.2968347
SQL Developer,0.37614384
SQL Developer,0.31446716
Sales,0.4453628
Sales,0.26151934
Sales,0.3473276
Testing,0.53853
Testing,0.5132572
Testing,0.50023025
Web Designing,0.27505207
Web Designing,0.24824522
Web Designing,0.2266484
Accountant,0.3678968
Accountant,0.4438088
Accountant,0.36364105
Advocate,0.3071011
Advocate,0.41212437
Advocate,0.36365333
Agriculture,0.3312188
Agriculture,0.3844751
Agriculture,0.36379334
Apparel,0.46367157
Apparel,0.40446818
Apparel,0.47044602
Architecture,0.40510055
Architecture,0.34019828
Architecture,0.3818487
Arts,0.33771288
Arts,0.36102748
Arts,0.29936963
Automobile,0.3987173
Automobile,0.4102799
Automobile,0.40843144
Aviation,0.32402733
Aviation,0.32581574
Aviation,0.35494575
BPO,0.4291323
BPO,0.39443913
BPO,0.42181763
Banking,0.3748188
Banking,0.33198097
Banking,0.39283183
Blockchain,0.27654812
Blockchain,0.37542757
Blockchain,0.23944686
Building and Construction,0.46364415
Building and Construction,0.40604138
Building and Construction,0.36105454
Business Analyst,0.35904202
Business Analyst,0.4353921
Business Analyst,0.34095994
Civil Engineer,0.39072624
Civil Engineer,0.3019827
Civil Engineer,0.3068137
Consultant,0.24888594
Consultant,0.3756754
Consultant,0.41350627
Data Science,0.33234644
Data Science,0.4039829
Data Science,0.44144115
Database,0.35360608
Database,0.34042847
Database,0.34850886
Designing,0.25062525
Designing,0.4286083
Designing,0.38289955
DevOps,0.28316966
DevOps,0.33694246
DevOps,0.38240132
Digital Media,0.33713368
Digital Media,0.3423592
Digital Media,0.39390865
DotNet Developer,0.31479943
DotNet Developer,0.3879969
DotNet Developer,0.3094758
ETL Developer,0.31943074
ETL Developer,0.32306242
ETL Developer,0.35845518
Education,0.37428546
Education,0.3159829
Education,0.3602204
Electrical Engineering,0.4097424
Electrical Engineering,0.34791994
Electrical Engineering,0.44242382
Finance,0.41210592
Finance,0.3576921
Finance,0.39072028
Food and Beverages,0.40914348
Food and Beverages,0.3649715
Food and Beverages,0.40414277
Health and Fitness,0.41095206
Health and Fitness,0.33968273
Health and Fitness,0.29325604
Human Resources,0.43507493
Human Resources,0.37058127
Human Resources,0.42520615
Information Technology,0.3576821
Information Technology,0.33963117
Information Technology,0.44860938
Java Developer,0.32168397
Java Developer,0.26340088
Java Developer,0.31809282
Management,0.4690356
Management,0.34556332
Management,0.362712
Mechanical Engineer,0.40478823
Mechanical Engineer,0.41469765
Mechanical Engineer,0.4462104
Network Security Engineer,0.29170036
Network Security Engineer,0.37478212
Network Security Engineer,0.35126427
Operations Manager,0.4712495
Operations Manager,0.4244096
Operations Manager,0.4271212
PMO,0.3087525
PMO,0.3417265
PMO,0.35745946
Public Relations,0.31426814
Public Relations,0.41616762
Public Relations,0.25942785
Python Developer,0.31483224
Python Developer,0.20505762
Python Developer,0.32038748
React Developer,0.28110972
React Developer,0.34849596
React Developer,0.41725996
SAP Developer,0.3527025
SAP Developer,0.38951564
SAP Developer,0.3953074
SQL Developer,0.29650632
SQL Developer,0.37594613
SQL Developer,0.34987533
Sales,0.42754057
Sales,0.42737296
Sales,0.45259723
Testing,0.30783647
Testing,0.29817787
Testing,0.2950429
Web Designing,0.3132658
Web Designing,0.3285644
Web Designing,0.31767392
Accountant,0.36090326
Accountant,0.47405788
Accountant,0.40339398
Advocate,0.3643681
Advocate,0.4318086
Advocate,0.43921733
Agriculture,0.31886834
Agriculture,0.42158198
Agriculture,0.2828047
Apparel,0.3946603
Apparel,0.40723673
Apparel,0.39947918
Architecture,0.36362126
Architecture,0.25464278
Architecture,0.36043018
Arts,0.2554987
Arts,0.3345366
Arts,0.23091659
Automobile,0.36301404
Automobile,0.33677468
Automobile,0.42039374
Aviation,0.34622264
Aviation,0.2703075
Aviation,0.3621159
BPO,0.3925059
BPO,0.36969212
BPO,0.4466493
Banking,0.44800282
Banking,0.40372527
Banking,0.4594387
Blockchain,0.26367027
Blockchain,0.4544435
Blockchain,0.28233898
Building and Construction,0.42945462
Building and Construction,0.37485376
Building and Construction,0.32036936
Business Analyst,0.43051782
Business Analyst,0.41395998
Business Analyst,0.36234942
Civil Engineer,0.37701997
Civil Engineer,0.23291588
Civil Engineer,0.24905378
Consultant,0.26360393
Consultant,0.36864385
Consultant,0.4473708
Data Science,0.33819494
Data Science,0.37390965
Data Science,0.37067348
Database,0.34096873
Database,0.36062777
Database,0.36216775
Designing,0.2341373
Designing,0.27613
Designing,0.37376747
DevOps,0.27833495
DevOps,0.38833398
DevOps,0.39754236
Digital Media,0.26173726
Digital Media,0.39148957
Digital Media,0.407573
DotNet Developer,0.34211084
DotNet Developer,0.35331523
DotNet Developer,0.33448192
ETL Developer,0.34088522
ETL Developer,0.33144075
ETL Developer,0.41055095
Education,0.30826128
Education,0.25030208
Education,0.22962499
Electrical Engineering,0.3679453
Electrical Engineering,0.26672697
Electrical Engineering,0.41192186
Finance,0.46526372
Finance,0.39174834
Finance,0.42050686
Food and Beverages,0.3394357
Food and Beverages,0.37929705
Food and Beverages,0.36788332
Health and Fitness,0.35204616
Health and Fitness,0.38139606
Health and Fitness,0.29194763
Human Resources,0.43457958
Human Resources,0.33433545
Human Resources,0.42916238
Information Technology,0.40642413
Information Technology,0.43566877
Information Technology,0.4592283
Java Developer,0.3345723
Java Developer,0.2789099
Java Developer,0.3255677
Management,0.4385601
Management,0.3425077
Management,0.33755663
Mechanical Engineer,0.29601845
Mechanical Engineer,0.38079193
Mechanical Engineer,0.37939334
Network Security Engineer,0.29514286
Network Security Engineer,0.4025307
Network Security Engineer,0.37665546
Operations Manager,0.41580826
Operations Manager,0.42420945
Operations Manager,0.47813874
PMO,0.36782545
PMO,0.38144514
PMO,0.40552458
Public Relations,0.3386528
Public Relations,0.4137205
Public Relations,0.2744898
Python Developer,0.3316423
Python Developer,0.2581471
Python Developer,0.30629417
React Developer,0.30411625
React Developer,0.32255024
React Developer,0.4676685
SAP Developer,0.36502424
SAP Developer,0.43955168
SAP Developer,0.40741974
SQL Developer,0.32006317
SQL Developer,0.39581862
SQL Developer,0.3847909
Sales,0.44016993
Sales,0.4038137
Sales,0.4042652
Testing,0.3360657
Testing,0.32960525
Testing,0.30734184
Web Designing,0.34568918
Web Designing,0.33967713
Web Designing,0.2722919
Accountant,0.3489418
Accountant,0.4231761
Accountant,0.3648389
Advocate,0.33752522
Advocate,0.41600224
Advocate,0.36585802
Agriculture,0.2862747
Agriculture,0.38839892
Agriculture,0.26112035
Apparel,0.34544188
Apparel,0.37435943
Apparel,0.39138684
Architecture,0.34789512
Architecture,0.25777718
Architecture,0.36995563
Arts,0.25739852
Arts,0.34063533
Arts,0.21923535
Automobile,0.33802083
Automobile,0.2953351
Automobile,0.38473138
Aviation,0.3136866
Aviation,0.2705079
Aviation,0.32960987
BPO,0.33420157
BPO,0.3359354
BPO,0.4195866
Banking,0.3970674
Banking,0.3206016
Banking,0.4004559
Blockchain,0.25624362
Blockchain,0.36881575
Blockchain,0.23936509
Building and Construction,0.40030912
Building and Construction,0.35336447
Building and Construction,0.34049684
Business Analyst,0.3602758
Business Analyst,0.3672566
Business Analyst,0.31971765
Civil Engineer,0.38283193
Civil Engineer,0.23904698
Civil Engineer,0.25528973
Consultant,0.25241154
Consultant,0.36592376
Consultant,0.4428034
Data Science,0.34167892
Data Science,0.31852192
Data Science,0.32369998
Database,0.3603305
Database,0.3413423
Database,0.31182885
Designing,0.22157672
Designing,0.22552772
Designing,0.33311352
DevOps,0.2786577
DevOps,0.35705122
DevOps,0.35973045
Digital Media,0.3524744
Digital Media,0.3818389
Digital Media,0.42216364
DotNet Developer,0.31591818
DotNet Developer,0.34833565
DotNet Developer,0.31856298
ETL Developer,0.30860904
ETL Developer,0.3023005
ETL Developer,0.34792787
Education,0.29468063
Education,0.26134712
Education,0.25610065
Electrical Engineering,0.36851582
Electrical Engineering,0.2865853
Electrical Engineering,0.38570452
Finance,0.41395494
Finance,0.3645837
Finance,0.39242786
Food and Beverages,0.32516354
Food and Beverages,0.34990343
Food and Beverages,0.33332512
Health and Fitness,0.2909963
Health and Fitness,0.3310054
Health and Fitness,0.27212873
Human Resources,0.42019615
Human Resources,0.31252012
Human Resources,0.39480624
Information Technology,0.395958
Information Technology,0.402183
Information Technology,0.41318464
Java Developer,0.33088204
Java Developer,0.25476065
Java Developer,0.29370147
Management,0.40574402
Management,0.34972194
Management,0.32341033
Mechanical Engineer,0.29207847
Mechanical Engineer,0.36045486
Mechanical Engineer,0.34456843
Network Security Engineer,0.29119578
Network Security Engineer,0.3731164
Network Security Engineer,0.37037972
Operations Manager,0.38247004
Operations Manager,0.4106973
Operations Manager,0.438399
PMO,0.35082132
PMO,0.36456138
PMO,0.40681106
Public Relations,0.38991466
Public Relations,0.42736426
Public Relations,0.32349262
Python Developer,0.34029216
Python Developer,0.24100237
Python Developer,0.30885583
React Developer,0.298441
React Developer,0.28638735
React Developer,0.4133191
SAP Developer,0.3453653
SAP Developer,0.44248515
SAP Developer,0.34972078
SQL Developer,0.2730356
SQL Developer,0.3593411
SQL Developer,0.3356543
Sales,0.4101598
Sales,0.38376898
Sales,0.3709063
Testing,0.31327868
Testing,0.29679635
Testing,0.29856881
Web Designing,0.34712496
Web Designing,0.32202005
Web Designing,0.28223068
Accountant,0.3337964
Accountant,0.37338972
Accountant,0.33292842
Advocate,0.45269644
Advocate,0.4323608
Advocate,0.41895235
Agriculture,0.2669926
Agriculture,0.34282193
Agriculture,0.24830423
Apparel,0.3436284
Apparel,0.29783756
Apparel,0.2937996
Architecture,0.35251352
Architecture,0.2361834
Architecture,0.39320487
Arts,0.23053193
Arts,0.35012415
Arts,0.2143509
Automobile,0.29932204
Automobile,0.24108711
Automobile,0.34188488
Aviation,0.31767145
Aviation,0.25874072
Aviation,0.34060326
BPO,0.22271755
BPO,0.2562763
BPO,0.4007488
Banking,0.3828756
Banking,0.26888886
Banking,0.4669888
Blockchain,0.28986877
Blockchain,0.33301458
Blockchain,0.21402065
Building and Construction,0.35651043
Building and Construction,0.31007507
Building and Construction,0.30727765
Business Analyst,0.36307803
Business Analyst,0.29303572
Business Analyst,0.28102517
Civil Engineer,0.4024082
Civil Engineer,0.25148615
Civil Engineer,0.22582681
Consultant,0.28692192
Consultant,0.3003917
Consultant,0.32223356
Data Science,0.28526527
Data Science,0.31735483
Data Science,0.39107528
Database,0.3300196
Database,0.3223018
Database,0.2741073
Designing,0.16426621
Designing,0.21577492
Designing,0.25013727
DevOps,0.23129097
DevOps,0.29546556
DevOps,0.34422845
Digital Media,0.27789137
Digital Media,0.25173146
Digital Media,0.25738385
DotNet Developer,0.2595996
DotNet Developer,0.36501613
DotNet Developer,0.2977706
ETL Developer,0.26946208
ETL Developer,0.26227808
ETL Developer,0.31676698
Education,0.29288283
Education,0.2659353
Education,0.26029095
Electrical Engineering,0.3382241
Electrical Engineering,0.24602488
Electrical Engineering,0.37315995
Finance,0.339674
Finance,0.29101604
Finance,0.3494052
Food and Beverages,0.32930002
Food and Beverages,0.3162807
Food and Beverages,0.3194466
Health and Fitness,0.30983695
Health and Fitness,0.36048812
Health and Fitness,0.28364697
Human Resources,0.43121317
Human Resources,0.35488877
Human Resources,0.42190298
Information Technology,0.32252398
Information Technology,0.33392826
Information Technology,0.33169553
Java Developer,0.26515925
Java Developer,0.24573858
Java Developer,0.2640047
Management,0.33499837
Management,0.32026955
Management,0.29897183
Mechanical Engineer,0.28075254
Mechanical Engineer,0.31646731
Mechanical Engineer,0.30662405
Network Security Engineer,0.25930375
Network Security Engineer,0.29023147
Network Security Engineer,0.32561338
Operations Manager,0.34149924
Operations Manager,0.32843688
Operations Manager,0.3651384
PMO,0.313121
PMO,0.34299535
PMO,0.2983059
Public Relations,0.25594357
Public Relations,0.3921306
Public Relations,0.3338017
Python Developer,0.26406375
Python Developer,0.21201248
Python Developer,0.2838934
React Developer,0.2226403
React Developer,0.2585312
React Developer,0.42183384
SAP Developer,0.35686946
SAP Developer,0.36992383
SAP Developer,0.29555094
SQL Developer,0.30028486
SQL Developer,0.38022584
SQL Developer,0.3061753
Sales,0.45406395
Sales,0.2548812
Sales,0.3353681
Testing,0.41760686
Testing,0.42692646
Testing,0.40191177
Web Designing,0.29385173
Web Designing,0.26974744
Web Designing,0.24886379
Accountant,0.39042085
Accountant,0.43317088
Accountant,0.39682606
Advocate,0.3731985
Advocate,0.39796916
Advocate,0.39755172
Agriculture,0.28348655
Agriculture,0.39451417
Agriculture,0.27092114
Apparel,0.37389442
Apparel,0.3817134
Apparel,0.37255317
Architecture,0.3259363
Architecture,0.31100792
Architecture,0.3993563
Arts,0.32117122
Arts,0.40248725
Arts,0.29840702
Automobile,0.32559717
Automobile,0.28163946
Automobile,0.41492036
Aviation,0.3359
Aviation,0.26900312
Aviation,0.34178555
BPO,0.33434334
BPO,0.3625281
BPO,0.39499396
Banking,0.38242143
Banking,0.33083966
Banking,0.41344523
Blockchain,0.25663456
Blockchain,0.35519323
Blockchain,0.23917904
Building and Construction,0.37630126
Building and Construction,0.36750597
Building and Construction,0.36187127
Business Analyst,0.37240025
Business Analyst,0.35650912
Business Analyst,0.35770452
Civil Engineer,0.40739882
Civil Engineer,0.255862
Civil Engineer,0.29650024
Consultant,0.25469008
Consultant,0.33379447
Consultant,0.42503688
Data Science,0.3571951
Data Science,0.3458446
Data Science,0.34620467
Database,0.3256586
Database,0.32119215
Database,0.30224815
Designing,0.22841994
Designing,0.24632359
Designing,0.32769895
DevOps,0.26768422
DevOps,0.36035416
DevOps,0.3615411
Digital Media,0.33730862
Digital Media,0.36933896
Digital Media,0.37157565
DotNet Developer,0.31913438
DotNet Developer,0.31085995
DotNet Developer,0.34919748
ETL Developer,0.26864818
ETL Developer,0.33094135
ETL Developer,0.35314548
Education,0.31074992
Education,0.2618701
Education,0.2593693
Electrical Engineering,0.3647406
Electrical Engineering,0.28071398
Electrical Engineering,0.39411905
Finance,0.39550242
Finance,0.372936
Finance,0.43126643
Food and Beverages,0.33588034
Food and Beverages,0.36592078
Food and Beverages,0.35871083
Health and Fitness,0.33173692
Health and Fitness,0.33943158
Health and Fitness,0.28176525
Human Resources,0.43589988
Human Resources,0.32940686
Human Resources,0.38991356
Information Technology,0.3959187
Information Technology,0.3652257
Information Technology,0.38250566
Java Developer,0.29008552
Java Developer,0.24841249
Java Developer,0.29951346
Management,0.36784357
Management,0.38068926
Management,0.321499
Mechanical Engineer,0.29739448
Mechanical Engineer,0.33959597
Mechanical Engineer,0.33317173
Network Security Engineer,0.2710994
Network Security Engineer,0.3183473
Network Security Engineer,0.34851325
Operations Manager,0.3440399
Operations Manager,0.374439
Operations Manager,0.4163015
PMO,0.35816133
PMO,0.38263154
PMO,0.38671902
Public Relations,0.41845915
Public Relations,0.41191292
Public Relations,0.35346204
Python Developer,0.31766546
Python Developer,0.22258733
Python Developer,0.27925104
React Developer,0.28141695
React Developer,0.30539885
React Developer,0.43520656
SAP Developer,0.34670758
SAP Developer,0.39996308
SAP Developer,0.35457224
SQL Developer,0.28931275
SQL Developer,0.34434277
SQL Developer,0.33184257
Sales,0.38631916
Sales,0.35396695
Sales,0.35605833
Testing,0.30242276
Testing,0.29405716
Testing,0.2669412
Web Designing,0.34479696
Web Designing,0.31319416
Web Designing,0.29413018
Accountant,0.39821583
Accountant,0.54122096
Accountant,0.432586
Advocate,0.4243764
Advocate,0.5387303
Advocate,0.4443474
Agriculture,0.3316017
Agriculture,0.48446614
Agriculture,0.37445778
Apparel,0.38582456
Apparel,0.43855137
Apparel,0.47341332
Architecture,0.40430632
Architecture,0.33992687
Architecture,0.4683363
Arts,0.3250136
Arts,0.3646571
Arts,0.2557705
Automobile,0.40721282
Automobile,0.39766142
Automobile,0.4930157
Aviation,0.39237025
Aviation,0.31830963
Aviation,0.4038477
BPO,0.4576196
BPO,0.4231198
BPO,0.4874145
Banking,0.463992
Banking,0.4217423
Banking,0.48772082
Blockchain,0.3103873
Blockchain,0.49811766
Blockchain,0.32246655
Building and Construction,0.44832537
Building and Construction,0.42006215
Building and Construction,0.36699787
Business Analyst,0.44046563
Business Analyst,0.43644613
Business Analyst,0.4321775
Civil Engineer,0.4556925
Civil Engineer,0.27515897
Civil Engineer,0.28777143
Consultant,0.3099983
Consultant,0.41886786
Consultant,0.51740813
Data Science,0.37648153
Data Science,0.43706334
Data Science,0.39849147
Database,0.37888873
Database,0.40744013
Database,0.37709457
Designing,0.26598653
Designing,0.3288734
Designing,0.3752415
DevOps,0.3085648
DevOps,0.45062098
DevOps,0.41217858
Digital Media,0.3226069
Digital Media,0.41954356
Digital Media,0.47518095
DotNet Developer,0.3945545
DotNet Developer,0.36553422
DotNet Developer,0.36841547
ETL Developer,0.3586647
ETL Developer,0.36483723
ETL Developer,0.4166586
Education,0.35563987
Education,0.3063364
Education,0.3175732
Electrical Engineering,0.40949586
Electrical Engineering,0.3242141
Electrical Engineering,0.44748858
Finance,0.4810392
Finance,0.42157075
Finance,0.45816892
Food and Beverages,0.3727434
Food and Beverages,0.45825386
Food and Beverages,0.45393166
Health and Fitness,0.4411706
Health and Fitness,0.4605004
Health and Fitness,0.33347785
Human Resources,0.4679453
Human Resources,0.37755132
Human Resources,0.47787178
Information Technology,0.46402037
Information Technology,0.46378312
Information Technology,0.47507796
Java Developer,0.36348957
Java Developer,0.30174053
Java Developer,0.37649256
Management,0.4654699
Management,0.38497463
Management,0.35670334
Mechanical Engineer,0.37320054
Mechanical Engineer,0.42180046
Mechanical Engineer,0.45108816
Network Security Engineer,0.34548274
Network Security Engineer,0.4632932
Network Security Engineer,0.3908112
Operations Manager,0.44560274
Operations Manager,0.49694932
Operations Manager,0.51148325
PMO,0.3991371
PMO,0.40131062
PMO,0.44196978
Public Relations,0.38857448
Public Relations,0.4823154
Public Relations,0.32940626
Python Developer,0.4012859
Python Developer,0.26627877
Python Developer,0.3562297
React Developer,0.3469639
React Developer,0.40376887
React Developer,0.5256922
SAP Developer,0.35759255
SAP Developer,0.44203413
SAP Developer,0.4014288
SQL Developer,0.35826337
SQL Developer,0.39900857
SQL Developer,0.4978695
Sales,0.55351853
Sales,0.4549737
Sales,0.45297801
Testing,0.37973988
Testing,0.35100538
Testing,0.32710543
Web Designing,0.3638944
Web Designing,0.36399737
Web Designing,0.36855987
Accountant,0.31896278
Accountant,0.4937954
Accountant,0.342889
Advocate,0.3569304
Advocate,0.45440483
Advocate,0.405586
Agriculture,0.30085954
Agriculture,0.42664182
Agriculture,0.34378695
Apparel,0.39462876
Apparel,0.48790088
Apparel,0.44217443
Architecture,0.37321037
Architecture,0.38641015
Architecture,0.38026327
Arts,0.3737372
Arts,0.36646914
Arts,0.34610695
Automobile,0.3616735
Automobile,0.38867372
Automobile,0.45132107
Aviation,0.27598223
Aviation,0.26616856
Aviation,0.31233802
BPO,0.4884249
BPO,0.3642497
BPO,0.44302717
Banking,0.42423272
Banking,0.4096848
Banking,0.36501572
Blockchain,0.29286507
Blockchain,0.4647943
Blockchain,0.27625832
Building and Construction,0.4410299
Building and Construction,0.40185085
Building and Construction,0.4038881
Business Analyst,0.40285087
Business Analyst,0.40367666
Business Analyst,0.4292602
Civil Engineer,0.35472333
Civil Engineer,0.27361643
Civil Engineer,0.27510458
Consultant,0.3213531
Consultant,0.35802016
Consultant,0.43231866
Data Science,0.33278015
Data Science,0.4102153
Data Science,0.32160458
Database,0.32520616
Database,0.3564013
Database,0.33005214
Designing,0.34898594
Designing,0.4328029
Designing,0.48928037
DevOps,0.26051313
DevOps,0.38785607
DevOps,0.38707152
Digital Media,0.32329178
Digital Media,0.3872769
Digital Media,0.4709609
DotNet Developer,0.37550047
DotNet Developer,0.3539817
DotNet Developer,0.3185102
ETL Developer,0.30977353
ETL Developer,0.34808663
ETL Developer,0.39711812
Education,0.3472966
Education,0.30159986
Education,0.30148065
Electrical Engineering,0.35788113
Electrical Engineering,0.343169
Electrical Engineering,0.41342553
Finance,0.4319069
Finance,0.3574911
Finance,0.35636637
Food and Beverages,0.36672413
Food and Beverages,0.42571485
Food and Beverages,0.41372928
Health and Fitness,0.41639417
Health and Fitness,0.43745714
Health and Fitness,0.32877588
Human Resources,0.3884894
Human Resources,0.29485446
Human Resources,0.39854968
Information Technology,0.38471568
Information Technology,0.40570816
Information Technology,0.4738602
Java Developer,0.3464727
Java Developer,0.26149097
Java Developer,0.3293153
Management,0.45519996
Management,0.32214272
Management,0.30707085
Mechanical Engineer,0.3867659
Mechanical Engineer,0.41365856
Mechanical Engineer,0.43865255
Network Security Engineer,0.2651587
Network Security Engineer,0.398575
Network Security Engineer,0.36398536
Operations Manager,0.47522262
Operations Manager,0.4573492
Operations Manager,0.4747374
PMO,0.33220714
PMO,0.37079254
PMO,0.394735
Public Relations,0.3401635
Public Relations,0.46803954
Public Relations,0.32948372
Python Developer,0.31870437
Python Developer,0.280208
Python Developer,0.30603012
React Developer,0.40616226
React Developer,0.3468881
React Developer,0.4644499
SAP Developer,0.3174045
SAP Developer,0.4393764
SAP Developer,0.40021226
SQL Developer,0.29792616
SQL Developer,0.39049143
SQL Developer,0.3614545
Sales,0.46279144
Sales,0.45103323
Sales,0.44361877
Testing,0.309586
Testing,0.32700458
Testing,0.3013288
Web Designing,0.32198656
Web Designing,0.34268978
Web Designing,0.39468175
Accountant,0.40647104
Accountant,0.47510996
Accountant,0.4495357
Advocate,0.38461304
Advocate,0.41882262
Advocate,0.3720356
Agriculture,0.2920064
Agriculture,0.35325232
Agriculture,0.3272468
Apparel,0.3782852
Apparel,0.3665242
Apparel,0.4035232
Architecture,0.32235664
Architecture,0.2927543
Architecture,0.3549753
Arts,0.3148072
Arts,0.30976
Arts,0.25653133
Automobile,0.33149433
Automobile,0.3616182
Automobile,0.3839766
Aviation,0.3510436
Aviation,0.27462792
Aviation,0.3282896
BPO,0.35446858
BPO,0.3550255
BPO,0.4337945
Banking,0.41123343
Banking,0.3701223
Banking,0.43264595
Blockchain,0.31629017
Blockchain,0.3932499
Blockchain,0.31277913
Building and Construction,0.38829795
Building and Construction,0.35614395
Building and Construction,0.34256792
Business Analyst,0.41235515
Business Analyst,0.38854697
Business Analyst,0.32383057
Civil Engineer,0.41600648
Civil Engineer,0.25482365
Civil Engineer,0.29294753
Consultant,0.23278469
Consultant,0.36642933
Consultant,0.41550088
Data Science,0.29420802
Data Science,0.34672847
Data Science,0.34639588
Database,0.37701187
Database,0.34346434
Database,0.37466192
Designing,0.24325679
Designing,0.2757171
Designing,0.3671346
DevOps,0.32225707
DevOps,0.3424243
DevOps,0.35392857
Digital Media,0.3256536
Digital Media,0.35284415
Digital Media,0.3627673
DotNet Developer,0.37068117
DotNet Developer,0.3347509
DotNet Developer,0.35883304
ETL Developer,0.33387193
ETL Developer,0.33576497
ETL Developer,0.36788356
Education,0.30296353
Education,0.29167488
Education,0.30614808
Electrical Engineering,0.37495673
Electrical Engineering,0.31177744
Electrical Engineering,0.3723823
Finance,0.42861286
Finance,0.39069518
Finance,0.37777844
Food and Beverages,0.34603575
Food and Beverages,0.37790093
Food and Beverages,0.35888603
Health and Fitness,0.32136366
Health and Fitness,0.3277156
Health and Fitness,0.28260425
Human Resources,0.44886675
Human Resources,0.38509527
Human Resources,0.41557646
Information Technology,0.3593717
Information Technology,0.38989687
Information Technology,0.4166526
Java Developer,0.34702194
Java Developer,0.30274865
Java Developer,0.33535662
Management,0.40551528
Management,0.39773855
Management,0.3235074
Mechanical Engineer,0.29887366
Mechanical Engineer,0.3587474
Mechanical Engineer,0.37072524
Network Security Engineer,0.32845333
Network Security Engineer,0.3212895
Network Security Engineer,0.34686887
Operations Manager,0.34744453
Operations Manager,0.39678827
Operations Manager,0.41350195
PMO,0.3446248
PMO,0.36314678
PMO,0.3726085
Public Relations,0.3173639
Public Relations,0.4003979
Public Relations,0.29164365
Python Developer,0.35499325
Python Developer,0.26136068
Python Developer,0.34056196
React Developer,0.29167894
React Developer,0.33139196
React Developer,0.43295088
SAP Developer,0.3668865
SAP Developer,0.38763964
SAP Developer,0.38275635
SQL Developer,0.3375574
SQL Developer,0.37257788
SQL Developer,0.35265458
Sales,0.40016022
Sales,0.38956466
Sales,0.38890812
Testing,0.26930228
Testing,0.28962988
Testing,0.2592019
Web Designing,0.365894
Web Designing,0.3276296
Web Designing,0.3100791
Accountant,0.43550873
Accountant,0.51870894
Accountant,0.4650711
Advocate,0.4259842
Advocate,0.45455104
Advocate,0.40127307
Agriculture,0.33125225
Agriculture,0.367232
Agriculture,0.311654
Apparel,0.3847704
Apparel,0.38505417
Apparel,0.43169042
Architecture,0.42394537
Architecture,0.36420435
Architecture,0.43703657
Arts,0.27497622
Arts,0.43225792
Arts,0.26455644
Automobile,0.37678292
Automobile,0.34104162
Automobile,0.39867094
Aviation,0.35440952
Aviation,0.25616217
Aviation,0.47378224
BPO,0.3254501
BPO,0.41994905
BPO,0.4705453
Banking,0.44944444
Banking,0.42476088
Banking,0.41991857
Blockchain,0.3356021
Blockchain,0.40871194
Blockchain,0.24740578
Building and Construction,0.36558914
Building and Construction,0.38693753
Building and Construction,0.4020454
Business Analyst,0.4285819
Business Analyst,0.46027383
Business Analyst,0.3642651
Civil Engineer,0.49525526
Civil Engineer,0.32628766
Civil Engineer,0.27448162
Consultant,0.24293137
Consultant,0.46057478
Consultant,0.42017055
Data Science,0.35282418
Data Science,0.4189983
Data Science,0.36919096
Database,0.43056512
Database,0.43802768
Database,0.40566427
Designing,0.2157117
Designing,0.3410388
Designing,0.35989878
DevOps,0.40003845
DevOps,0.38853413
DevOps,0.39261106
Digital Media,0.3362898
Digital Media,0.3848371
Digital Media,0.38701105
DotNet Developer,0.3786016
DotNet Developer,0.43525824
DotNet Developer,0.38455883
ETL Developer,0.36413115
ETL Developer,0.31371683
ETL Developer,0.40449938
Education,0.35996076
Education,0.39144376
Education,0.34103084
Electrical Engineering,0.38257957
Electrical Engineering,0.30683163
Electrical Engineering,0.41024905
Finance,0.40318766
Finance,0.3924357
Finance,0.45593145
Food and Beverages,0.40136737
Food and Beverages,0.40781328
Food and Beverages,0.4498265
Health and Fitness,0.3355658
Health and Fitness,0.35268602
Health and Fitness,0.27358416
Human Resources,0.51531357
Human Resources,0.38164496
Human Resources,0.49617785
Information Technology,0.4378069
Information Technology,0.4246023
Information Technology,0.47765136
Java Developer,0.40265328
Java Developer,0.33703795
Java Developer,0.37959844
Management,0.42954773
Management,0.425056
Management,0.31102487
Mechanical Engineer,0.32213068
Mechanical Engineer,0.37223768
Mechanical Engineer,0.40887767
Network Security Engineer,0.33103514
Network Security Engineer,0.38333744
Network Security Engineer,0.38415608
Operations Manager,0.39402628
Operations Manager,0.370985
Operations Manager,0.48940763
PMO,0.37931213
PMO,0.37242892
PMO,0.39685583
Public Relations,0.38846186
Public Relations,0.5295896
Public Relations,0.40008107
Python Developer,0.38423735
Python Developer,0.31313983
Python Developer,0.36987427
React Developer,0.31486103
React Developer,0.35347587
React Developer,0.445922
SAP Developer,0.39593747
SAP Developer,0.46883398
SAP Developer,0.423749
SQL Developer,0.38243636
SQL Developer,0.42259863
SQL Developer,0.3965539
Sales,0.48437357
Sales,0.35515735
Sales,0.3738645
Testing,0.3444245
Testing,0.34252372
Testing,0.32119426
Web Designing,0.3908851
Web Designing,0.3536841
Web Designing,0.33370712
Accountant,0.3354248
Accountant,0.41526517
Accountant,0.35849985
Advocate,0.4054318
Advocate,0.41992846
Advocate,0.45143342
Agriculture,0.3000888
Agriculture,0.36920467
Agriculture,0.2513084
Apparel,0.34033513
Apparel,0.3338459
Apparel,0.32565936
Architecture,0.3228179
Architecture,0.24962628
Architecture,0.36923152
Arts,0.21740487
Arts,0.37709877
Arts,0.21621783
Automobile,0.30641916
Automobile,0.27397767
Automobile,0.37768793
Aviation,0.32996625
Aviation,0.2757071
Aviation,0.35984963
BPO,0.265279
BPO,0.3088467
BPO,0.41137347
Banking,0.37939787
Banking,0.30764115
Banking,0.4502473
Blockchain,0.2616995
Blockchain,0.34987122
Blockchain,0.2010162
Building and Construction,0.39958876
Building and Construction,0.36676645
Building and Construction,0.2958085
Business Analyst,0.39544472
Business Analyst,0.33213195
Business Analyst,0.27751148
Civil Engineer,0.35024825
Civil Engineer,0.22940445
Civil Engineer,0.24732953
Consultant,0.29921928
Consultant,0.30349445
Consultant,0.40384415
Data Science,0.3245149
Data Science,0.31570408
Data Science,0.36736062
Database,0.32332444
Database,0.31769457
Database,0.29657412
Designing,0.16921403
Designing,0.187529
Designing,0.2794587
DevOps,0.26531878
DevOps,0.30404478
DevOps,0.3646197
Digital Media,0.22903
Digital Media,0.3001899
Digital Media,0.3116768
DotNet Developer,0.25050333
DotNet Developer,0.36487487
DotNet Developer,0.2858804
ETL Developer,0.24978536
ETL Developer,0.25617188
ETL Developer,0.3845654
Education,0.3050257
Education,0.24333702
Education,0.2089787
Electrical Engineering,0.38563213
Electrical Engineering,0.2367708
Electrical Engineering,0.37902358
Finance,0.38653922
Finance,0.35949704
Finance,0.39607227
Food and Beverages,0.3338783
Food and Beverages,0.3655461
Food and Beverages,0.32773045
Health and Fitness,0.34178486
Health and Fitness,0.37298393
Health and Fitness,0.26173955
Human Resources,0.4071492
Human Resources,0.309783
Human Resources,0.4127128
Information Technology,0.36936247
Information Technology,0.38157701
Information Technology,0.35873285
Java Developer,0.29417488
Java Developer,0.23329107
Java Developer,0.273854
Management,0.37562987
Management,0.31483403
Management,0.3071373
Mechanical Engineer,0.27113762
Mechanical Engineer,0.34243277
Mechanical Engineer,0.342748
Network Security Engineer,0.23516144
Network Security Engineer,0.3462326
Network Security Engineer,0.36173213
Operations Manager,0.36744395
Operations Manager,0.37408942
Operations Manager,0.42738083
PMO,0.350489
PMO,0.3913993
PMO,0.3805593
Public Relations,0.34292114
Public Relations,0.38100854
Public Relations,0.31105292
Python Developer,0.24082743
Python Developer,0.19436379
Python Developer,0.2673582
React Developer,0.24185644
React Developer,0.25800908
React Developer,0.42489076
SAP Developer,0.33231482
SAP Developer,0.39360943
SAP Developer,0.3199592
SQL Developer,0.29022262
SQL Developer,0.37564313
SQL Developer,0.32341343
Sales,0.41652367
Sales,0.32940885
Sales,0.33555964
Testing,0.43793592
Testing,0.41825095
Testing,0.40914106
Web Designing,0.29600018
Web Designing,0.28552917
Web Designing,0.21634255
Accountant,0.33357647
Accountant,0.44685116
Accountant,0.35577866
Advocate,0.30821645
Advocate,0.4451223
Advocate,0.4291941
Agriculture,0.30034134
Agriculture,0.44537926
Agriculture,0.27498996
Apparel,0.3536851
Apparel,0.368425
Apparel,0.36509585
Architecture,0.34384102
Architecture,0.25686812
Architecture,0.3869412
Arts,0.23694049
Arts,0.3385697
Arts,0.23923674
Automobile,0.42813092
Automobile,0.41673785
Automobile,0.5137809
Aviation,0.39316666
Aviation,0.35743102
Aviation,0.4125053
BPO,0.33899572
BPO,0.35701427
BPO,0.43370733
Banking,0.38892776
Banking,0.27919
Banking,0.38359675
Blockchain,0.23573016
Blockchain,0.37064064
Blockchain,0.26744533
Building and Construction,0.48955888
Building and Construction,0.4744504
Building and Construction,0.37586904
Business Analyst,0.37235993
Business Analyst,0.33802298
Business Analyst,0.3448821
Civil Engineer,0.4190677
Civil Engineer,0.26123106
Civil Engineer,0.28621188
Consultant,0.19856781
Consultant,0.351797
Consultant,0.38901338
Data Science,0.33732808
Data Science,0.34973532
Data Science,0.42463985
Database,0.38744715
Database,0.38134205
Database,0.2928838
Designing,0.24775094
Designing,0.24584438
Designing,0.2676022
DevOps,0.22454537
DevOps,0.3717333
DevOps,0.44612354
Digital Media,0.25076592
Digital Media,0.35270837
Digital Media,0.32043007
DotNet Developer,0.3081567
DotNet Developer,0.2892584
DotNet Developer,0.33272144
ETL Developer,0.30146196
ETL Developer,0.3439185
ETL Developer,0.3979979
Education,0.30635652
Education,0.22222276
Education,0.23516247
Electrical Engineering,0.46627837
Electrical Engineering,0.35739222
Electrical Engineering,0.44763955
Finance,0.42182586
Finance,0.3285681
Finance,0.3991267
Food and Beverages,0.45102707
Food and Beverages,0.37047476
Food and Beverages,0.36335674
Health and Fitness,0.35569647
Health and Fitness,0.380234
Health and Fitness,0.32368144
Human Resources,0.4563185
Human Resources,0.30912945
Human Resources,0.46455112
Information Technology,0.39456248
Information Technology,0.37808102
Information Technology,0.42888597
Java Developer,0.2870291
Java Developer,0.26717955
Java Developer,0.28540045
Management,0.38839617
Management,0.35208097
Management,0.27998102
Mechanical Engineer,0.3449261
Mechanical Engineer,0.39723033
Mechanical Engineer,0.44172275
Network Security Engineer,0.289644
Network Security Engineer,0.4409303
Network Security Engineer,0.42172134
Operations Manager,0.39561307
Operations Manager,0.46102628
Operations Manager,0.46040872
PMO,0.34468716
PMO,0.3450242
PMO,0.37597784
Public Relations,0.2880172
Public Relations,0.4160084
Public Relations,0.21756028
Python Developer,0.30437082
Python Developer,0.26269454
Python Developer,0.3116129
React Developer,0.24565472
React Developer,0.31461182
React Developer,0.47064415
SAP Developer,0.374696
SAP Developer,0.40851924
SAP Developer,0.354555
SQL Developer,0.28914425
SQL Developer,0.3769849
SQL Developer,0.34255597
Sales,0.40858686
Sales,0.33212516
Sales,0.30645326
Testing,0.3692439
Testing,0.3532533
Testing,0.3594711
Web Designing,0.29985386
Web Designing,0.37787718
Web Designing,0.18947987
Accountant,0.44932327
Accountant,0.5138974
Accountant,0.4465328
Advocate,0.32471222
Advocate,0.39798287
Advocate,0.402052
Agriculture,0.2758283
Agriculture,0.36157948
Agriculture,0.27094436
Apparel,0.40202457
Apparel,0.363089
Apparel,0.3758919
Architecture,0.41656724
Architecture,0.29054308
Architecture,0.3862843
Arts,0.38234735
Arts,0.37632388
Arts,0.23784661
Automobile,0.4017664
Automobile,0.2944036
Automobile,0.36433715
Aviation,0.34906664
Aviation,0.29572985
Aviation,0.40764743
BPO,0.28262126
BPO,0.3280937
BPO,0.46098343
Banking,0.45040837
Banking,0.35876507
Banking,0.42685467
Blockchain,0.27981025
Blockchain,0.32996887
Blockchain,0.23698318
Building and Construction,0.4006698
Building and Construction,0.4061687
Building and Construction,0.40504614
Business Analyst,0.42766896
Business Analyst,0.4211018
Business Analyst,0.3576723
Civil Engineer,0.49380717
Civil Engineer,0.21783912
Civil Engineer,0.29696268
Consultant,0.1850497
Consultant,0.37545213
Consultant,0.42144805
Data Science,0.3151857
Data Science,0.35520053
Data Science,0.36760792
Database,0.35967785
Database,0.38614997
Database,0.38912517
Designing,0.17482552
Designing,0.28035063
Designing,0.34102297
DevOps,0.2612614
DevOps,0.31154418
DevOps,0.3143612
Digital Media,0.32982698
Digital Media,0.3299908
Digital Media,0.40486765
DotNet Developer,0.3576699
DotNet Developer,0.37601757
DotNet Developer,0.40846533
ETL Developer,0.36533007
ETL Developer,0.3679592
ETL Developer,0.38085425
Education,0.31291735
Education,0.30999497
Education,0.26408
Electrical Engineering,0.42711622
Electrical Engineering,0.28484458
Electrical Engineering,0.38420916
Finance,0.39286703
Finance,0.3311826
Finance,0.44128537
Food and Beverages,0.4441363
Food and Beverages,0.3381191
Food and Beverages,0.35962287
Health and Fitness,0.27524954
Health and Fitness,0.28539628
Health and Fitness,0.24008867
Human Resources,0.5163421
Human Resources,0.35735875
Human Resources,0.49517226
Information Technology,0.34808534
Information Technology,0.3694982
Information Technology,0.38844535
Java Developer,0.35505557
Java Developer,0.32159454
Java Developer,0.32752806
Management,0.40218687
Management,0.48969498
Management,0.2782973
Mechanical Engineer,0.2769193
Mechanical Engineer,0.40381184
Mechanical Engineer,0.3812644
Network Security Engineer,0.22885188
Network Security Engineer,0.3265271
Network Security Engineer,0.36272746
Operations Manager,0.34214872
Operations Manager,0.38324565
Operations Manager,0.40866488
PMO,0.36460707
PMO,0.3595442
PMO,0.3977104
Public Relations,0.28162476
Public Relations,0.48009762
Public Relations,0.26403207
Python Developer,0.35367385
Python Developer,0.26576486
Python Developer,0.2949648
React Developer,0.25313848
React Developer,0.32727948
React Developer,0.40504608
SAP Developer,0.4330032
SAP Developer,0.41211826
SAP Developer,0.45115075
SQL Developer,0.35165927
SQL Developer,0.39293876
SQL Developer,0.43785247
Sales,0.46708894
Sales,0.31008667
Sales,0.35744017
Testing,0.30541813
Testing,0.36443162
Testing,0.33379415
Web Designing,0.3163653
Web Designing,0.35261244
Web Designing,0.23992734
Accountant,0.33654445
Accountant,0.5226728
Accountant,0.3652475
Advocate,0.33630514
Advocate,0.47285628
Advocate,0.4141516
Agriculture,0.28135425
Agriculture,0.4521243
Agriculture,0.314867
Apparel,0.43921432
Apparel,0.51288426
Apparel,0.48184022
Architecture,0.40231818
Architecture,0.3516085
Architecture,0.39217934
Arts,0.37643299
Arts,0.32783312
Arts,0.3089738
Automobile,0.39132208
Automobile,0.44004503
Automobile,0.4741797
Aviation,0.27348104
Aviation,0.30586508
Aviation,0.3122956
BPO,0.54599816
BPO,0.3806034
BPO,0.4422253
Banking,0.4730815
Banking,0.43496314
Banking,0.37433463
Blockchain,0.29010186
Blockchain,0.48975664
Blockchain,0.3070393
Building and Construction,0.46092802
Building and Construction,0.43552428
Building and Construction,0.40678278
Business Analyst,0.39004236
Business Analyst,0.40215635
Business Analyst,0.40797797
Civil Engineer,0.38201797
Civil Engineer,0.25699332
Civil Engineer,0.2640124
Consultant,0.27026147
Consultant,0.36240834
Consultant,0.4613594
Data Science,0.2941385
Data Science,0.4296054
Data Science,0.3450168
Database,0.33304667
Database,0.39472747
Database,0.33871567
Designing,0.36481056
Designing,0.42536694
Designing,0.5052876
DevOps,0.28103527
DevOps,0.3989318
DevOps,0.38324562
Digital Media,0.32133177
Digital Media,0.378397
Digital Media,0.5330512
DotNet Developer,0.3665263
DotNet Developer,0.39544886
DotNet Developer,0.32122216
ETL Developer,0.34783798
ETL Developer,0.34095672
ETL Developer,0.3874083
Education,0.3199663
Education,0.26935998
Education,0.28038922
Electrical Engineering,0.37416202
Electrical Engineering,0.3412637
Electrical Engineering,0.43423462
Finance,0.4465576
Finance,0.36414096
Finance,0.35939592
Food and Beverages,0.37524444
Food and Beverages,0.45768318
Food and Beverages,0.44964188
Health and Fitness,0.4186706
Health and Fitness,0.40912548
Health and Fitness,0.2679644
Human Resources,0.41062802
Human Resources,0.2671989
Human Resources,0.43470997
Information Technology,0.39710125
Information Technology,0.42651263
Information Technology,0.5523373
Java Developer,0.37813187
Java Developer,0.2663727
Java Developer,0.3190778
Management,0.49688324
Management,0.34134668
Management,0.32977143
Mechanical Engineer,0.36230364
Mechanical Engineer,0.47071677
Mechanical Engineer,0.47248492
Network Security Engineer,0.25044852
Network Security Engineer,0.41416997
Network Security Engineer,0.3561799
Operations Manager,0.5013461
Operations Manager,0.46973068
Operations Manager,0.48742104
PMO,0.31381935
PMO,0.33793804
PMO,0.42598265
Public Relations,0.34174785
Public Relations,0.5195119
Public Relations,0.29339755
Python Developer,0.3348369
Python Developer,0.2620842
Python Developer,0.31194624
React Developer,0.4006412
React Developer,0.3216325
React Developer,0.440919
SAP Developer,0.3009754
SAP Developer,0.43846956
SAP Developer,0.39143223
SQL Developer,0.2761057
SQL Developer,0.39173454
SQL Developer,0.36935204
Sales,0.50078595
Sales,0.48621464
Sales,0.47050056
Testing,0.28856093
Testing,0.2877663
Testing,0.289216
Web Designing,0.32419306
Web Designing,0.35448065
Web Designing,0.38798064
Accountant,0.33256206
Accountant,0.47941697
Accountant,0.40237406
Advocate,0.35016835
Advocate,0.44359705
Advocate,0.36843202
Agriculture,0.34570518
Agriculture,0.39024282
Agriculture,0.35370767
Apparel,0.36597192
Apparel,0.419377
Apparel,0.4296445
Architecture,0.3111445
Architecture,0.35379383
Architecture,0.38886377
Arts,0.34967297
Arts,0.35955203
Arts,0.28984514
Automobile,0.33065155
Automobile,0.37103933
Automobile,0.40970844
Aviation,0.34149942
Aviation,0.23288475
Aviation,0.33724004
BPO,0.44834852
BPO,0.4035843
BPO,0.4261979
Banking,0.41577438
Banking,0.42635757
Banking,0.3976471
Blockchain,0.30651265
Blockchain,0.46830893
Blockchain,0.30545357
Building and Construction,0.41874176
Building and Construction,0.36554423
Building and Construction,0.34538168
Business Analyst,0.3891753
Business Analyst,0.4143396
Business Analyst,0.38908264
Civil Engineer,0.3656389
Civil Engineer,0.28084132
Civil Engineer,0.3170817
Consultant,0.2757339
Consultant,0.34421837
Consultant,0.45782906
Data Science,0.33794338
Data Science,0.4201554
Data Science,0.31841594
Database,0.3498646
Database,0.3649288
Database,0.36670196
Designing,0.3068744
Designing,0.32090268
Designing,0.38832292
DevOps,0.28946775
DevOps,0.3720577
DevOps,0.36992937
Digital Media,0.34236407
Digital Media,0.45756763
Digital Media,0.4877063
DotNet Developer,0.34987047
DotNet Developer,0.33591726
DotNet Developer,0.34908804
ETL Developer,0.33342767
ETL Developer,0.33389246
ETL Developer,0.40524873
Education,0.33067957
Education,0.30052668
Education,0.28658283
Electrical Engineering,0.35062128
Electrical Engineering,0.31079268
Electrical Engineering,0.38970008
Finance,0.42894495
Finance,0.3996293
Finance,0.40163115
Food and Beverages,0.35017744
Food and Beverages,0.41790614
Food and Beverages,0.42588922
Health and Fitness,0.37804332
Health and Fitness,0.35854474
Health and Fitness,0.27144852
Human Resources,0.40873095
Human Resources,0.28329834
Human Resources,0.36316687
Information Technology,0.40931883
Information Technology,0.44363347
Information Technology,0.47534853
Java Developer,0.3397862
Java Developer,0.27222735
Java Developer,0.35750452
Management,0.45683357
Management,0.3329338
Management,0.33067566
Mechanical Engineer,0.32620808
Mechanical Engineer,0.3625457
Mechanical Engineer,0.40891725
Network Security Engineer,0.313722
Network Security Engineer,0.36715552
Network Security Engineer,0.35050544
Operations Manager,0.39772332
Operations Manager,0.46094316
Operations Manager,0.4644706
PMO,0.35767236
PMO,0.38967356
PMO,0.4174132
Public Relations,0.4612465
Public Relations,0.42705438
Public Relations,0.34458515
Python Developer,0.34697533
Python Developer,0.24894439
Python Developer,0.32448664
React Developer,0.33717757
React Developer,0.3510188
React Developer,0.44402784
SAP Developer,0.31974348
SAP Developer,0.45107025
SAP Developer,0.3707207
SQL Developer,0.3184326
SQL Developer,0.38449416
SQL Developer,0.38556996
Sales,0.42628476
Sales,0.4647354
Sales,0.42150253
Testing,0.27251092
Testing,0.246813
Testing,0.23797819
Web Designing,0.35841605
Web Designing,0.3201402
Web Designing,0.34978953
Accountant,0.29086876
Accountant,0.37342176
Accountant,0.3230486
Advocate,0.44483235
Advocate,0.46498615
Advocate,0.45560622
Agriculture,0.27021363
Agriculture,0.34333858
Agriculture,0.29986146
Apparel,0.3627875
Apparel,0.2772925
Apparel,0.30402035
Architecture,0.32926044
Architecture,0.22253701
Architecture,0.3397303
Arts,0.20392089
Arts,0.3313022
Arts,0.18851063
Automobile,0.33557275
Automobile,0.27740717
Automobile,0.3359336
Aviation,0.30338898
Aviation,0.2789065
Aviation,0.3618138
BPO,0.22797668
BPO,0.26341623
BPO,0.3534011
Banking,0.3981836
Banking,0.24023771
Banking,0.481672
Blockchain,0.23686168
Blockchain,0.28500298
Blockchain,0.16718516
Building and Construction,0.34002408
Building and Construction,0.31957874
Building and Construction,0.2913962
Business Analyst,0.3612562
Business Analyst,0.2921787
Business Analyst,0.2963128
Civil Engineer,0.36481008
Civil Engineer,0.23513573
Civil Engineer,0.23272625
Consultant,0.3529218
Consultant,0.30974093
Consultant,0.3115645
Data Science,0.31744862
Data Science,0.29520375
Data Science,0.3886468
Database,0.3463119
Database,0.28399765
Database,0.25734636
Designing,0.15364619
Designing,0.21306972
Designing,0.25347194
DevOps,0.1956454
DevOps,0.29385778
DevOps,0.32994542
Digital Media,0.26343593
Digital Media,0.2570652
Digital Media,0.26800212
DotNet Developer,0.24387811
DotNet Developer,0.39470932
DotNet Developer,0.28897494
ETL Developer,0.24044704
ETL Developer,0.24004264
ETL Developer,0.32027984
Education,0.2636397
Education,0.24732928
Education,0.21866477
Electrical Engineering,0.35532814
Electrical Engineering,0.2632107
Electrical Engineering,0.36676258
Finance,0.37165624
Finance,0.30002904
Finance,0.33007324
Food and Beverages,0.29583764
Food and Beverages,0.296274
Food and Beverages,0.28017396
Health and Fitness,0.3448506
Health and Fitness,0.4301218
Health and Fitness,0.32941666
Human Resources,0.42756453
Human Resources,0.31257185
Human Resources,0.43970042
Information Technology,0.32807556
Information Technology,0.31096926
Information Technology,0.33092794
Java Developer,0.23884356
Java Developer,0.21817835
Java Developer,0.25360546
Management,0.3183118
Management,0.34255135
Management,0.28596127
Mechanical Engineer,0.3005039
Mechanical Engineer,0.3421608
Mechanical Engineer,0.31500733
Network Security Engineer,0.21445923
Network Security Engineer,0.29437247
Network Security Engineer,0.35457164
Operations Manager,0.37561122
Operations Manager,0.3574166
Operations Manager,0.39332113
PMO,0.35161725
PMO,0.33101782
PMO,0.3135388
Public Relations,0.24470443
Public Relations,0.36101174
Public Relations,0.2901413
Python Developer,0.24064016
Python Developer,0.23165399
Python Developer,0.240605
React Developer,0.20827487
React Developer,0.2520278
React Developer,0.42399994
SAP Developer,0.34699184
SAP Developer,0.37126333
SAP Developer,0.3181789
SQL Developer,0.27933836
SQL Developer,0.37254322
SQL Developer,0.30164394
Sales,0.4764303
Sales,0.29526848
Sales,0.37987697
Testing,0.51405686
Testing,0.49520287
Testing,0.49458745
Web Designing,0.28838193
Web Designing,0.28355128
Web Designing,0.20158
Accountant,0.31175283
Accountant,0.34014595
Accountant,0.31375322
Advocate,0.32591814
Advocate,0.36994758
Advocate,0.34199062
Agriculture,0.24961057
Agriculture,0.30462807
Agriculture,0.23756456
Apparel,0.29067332
Apparel,0.28586054
Apparel,0.27903616
Architecture,0.28384992
Architecture,0.23413435
Architecture,0.3426967
Arts,0.22104228
Arts,0.2992836
Arts,0.20721391
Automobile,0.2936748
Automobile,0.24999496
Automobile,0.35115892
Aviation,0.35546926
Aviation,0.25304052
Aviation,0.32005045
BPO,0.22220694
BPO,0.24845278
BPO,0.35704887
Banking,0.3164873
Banking,0.24620444
Banking,0.3523649
Blockchain,0.22785603
Blockchain,0.3003305
Blockchain,0.20090526
Building and Construction,0.32265654
Building and Construction,0.31149763
Building and Construction,0.30553806
Business Analyst,0.2926474
Business Analyst,0.28440264
Business Analyst,0.24801937
Civil Engineer,0.3488419
Civil Engineer,0.2370861
Civil Engineer,0.25860512
Consultant,0.2270103
Consultant,0.25964117
Consultant,0.29847878
Data Science,0.2945052
Data Science,0.31255603
Data Science,0.36963707
Database,0.29903015
Database,0.28227055
Database,0.24227746
Designing,0.14865938
Designing,0.2122813
Designing,0.23295212
DevOps,0.22067507
DevOps,0.29332238
DevOps,0.3179159
Digital Media,0.28225836
Digital Media,0.248536
Digital Media,0.23168461
DotNet Developer,0.261111
DotNet Developer,0.2740682
DotNet Developer,0.275443
ETL Developer,0.24052568
ETL Developer,0.24495281
ETL Developer,0.3135905
Education,0.26281327
Education,0.233824
Education,0.2645635
Electrical Engineering,0.30931792
Electrical Engineering,0.24803218
Electrical Engineering,0.35306883
Finance,0.34297562
Finance,0.27951497
Finance,0.26669073
Food and Beverages,0.298932
Food and Beverages,0.28143132
Food and Beverages,0.26621583
Health and Fitness,0.27401897
Health and Fitness,0.30695096
Health and Fitness,0.27663317
Human Resources,0.39559522
Human Resources,0.31679696
Human Resources,0.3566531
Information Technology,0.27874285
Information Technology,0.30822453
Information Technology,0.31319124
Java Developer,0.2558132
Java Developer,0.22603141
Java Developer,0.25538918
Management,0.2850797
Management,0.3136784
Management,0.28074145
Mechanical Engineer,0.25844863
Mechanical Engineer,0.29424253
Mechanical Engineer,0.29817268
Network Security Engineer,0.26710704
Network Security Engineer,0.29196644
Network Security Engineer,0.3028409
Operations Manager,0.28977767
Operations Manager,0.31541082
Operations Manager,0.32008365
PMO,0.26869613
PMO,0.30780894
PMO,0.28069797
Public Relations,0.24142796
Public Relations,0.32976413
Public Relations,0.25372833
Python Developer,0.27815768
Python Developer,0.22695656
Python Developer,0.27336702
React Developer,0.21125107
React Developer,0.25428247
React Developer,0.39195782
SAP Developer,0.33428103
SAP Developer,0.30522153
SAP Developer,0.3015304
SQL Developer,0.25327912
SQL Developer,0.30913177
SQL Developer,0.28877455
Sales,0.3597666
Sales,0.25514776
Sales,0.2926703
Testing,0.32948276
Testing,0.33432963
Testing,0.32414368
Web Designing,0.28810325
Web Designing,0.27115136
Web Designing,0.23000376
Accountant,0.3380489
Accountant,0.42595765
Accountant,0.38069004
Advocate,0.36953
Advocate,0.40447542
Advocate,0.3665409
Agriculture,0.29932854
Agriculture,0.3830358
Agriculture,0.31512335
Apparel,0.3556582
Apparel,0.40145347
Apparel,0.3994676
Architecture,0.35318464
Architecture,0.2767126
Architecture,0.3350722
Arts,0.25979948
Arts,0.2960805
Arts,0.21074738
Automobile,0.3904154
Automobile,0.3723456
Automobile,0.3816961
Aviation,0.33405218
Aviation,0.29486275
Aviation,0.35532838
BPO,0.35628963
BPO,0.37634936
BPO,0.43311152
Banking,0.37933534
Banking,0.3694776
Banking,0.39884818
Blockchain,0.2897142
Blockchain,0.39669353
Blockchain,0.3008492
Building and Construction,0.38605794
Building and Construction,0.36900365
Building and Construction,0.33231646
Business Analyst,0.39929602
Business Analyst,0.39346388
Business Analyst,0.37318915
Civil Engineer,0.35747582
Civil Engineer,0.2571278
Civil Engineer,0.29189363
Consultant,0.21497327
Consultant,0.4020386
Consultant,0.4211315
Data Science,0.27724797
Data Science,0.3229227
Data Science,0.33390173
Database,0.36845237
Database,0.36064798
Database,0.3524429
Designing,0.26377648
Designing,0.27976188
Designing,0.3364886
DevOps,0.3115282
DevOps,0.3732054
DevOps,0.36842948
Digital Media,0.2825718
Digital Media,0.3662678
Digital Media,0.36634016
DotNet Developer,0.37146008
DotNet Developer,0.35916367
DotNet Developer,0.35052234
ETL Developer,0.37692314
ETL Developer,0.36134192
ETL Developer,0.39913344
Education,0.2723895
Education,0.24336666
Education,0.2435085
Electrical Engineering,0.3656775
Electrical Engineering,0.2944685
Electrical Engineering,0.37000266
Finance,0.397654
Finance,0.37420216
Finance,0.385623
Food and Beverages,0.35456157
Food and Beverages,0.35370794
Food and Beverages,0.34061742
Health and Fitness,0.30634606
Health and Fitness,0.31029767
Health and Fitness,0.26127687
Human Resources,0.43482345
Human Resources,0.33075982
Human Resources,0.3990828
Information Technology,0.39790273
Information Technology,0.41456464
Information Technology,0.41540128
Java Developer,0.34768796
Java Developer,0.28837675
Java Developer,0.35206088
Management,0.37483552
Management,0.35333365
Management,0.36596254
Mechanical Engineer,0.32399178
Mechanical Engineer,0.3773089
Mechanical Engineer,0.37594345
Network Security Engineer,0.32078823
Network Security Engineer,0.37434536
Network Security Engineer,0.37747794
Operations Manager,0.35436556
Operations Manager,0.40365598
Operations Manager,0.45165232
PMO,0.40028983
PMO,0.40253028
PMO,0.39985213
Public Relations,0.3194902
Public Relations,0.37681654
Public Relations,0.2667638
Python Developer,0.35857373
Python Developer,0.27404144
Python Developer,0.34699336
React Developer,0.3128333
React Developer,0.3446894
React Developer,0.408153
SAP Developer,0.3751097
SAP Developer,0.41500387
SAP Developer,0.39111787
SQL Developer,0.32325256
SQL Developer,0.38018128
SQL Developer,0.3594256
Sales,0.38410604
Sales,0.39155477
Sales,0.3789456
Testing,0.28666627
Testing,0.27224347
Testing,0.2805983
Web Designing,0.35210702
Web Designing,0.3480986
Web Designing,0.26913202
Accountant,0.34265274
Accountant,0.47302288
Accountant,0.40025446
Advocate,0.39568037
Advocate,0.5055156
Advocate,0.44577426
Agriculture,0.29421467
Agriculture,0.43257335
Agriculture,0.34970707
Apparel,0.47824374
Apparel,0.39235622
Apparel,0.47944716
Architecture,0.3767384
Architecture,0.27276507
Architecture,0.3676017
Arts,0.27817053
Arts,0.32604998
Arts,0.21291998
Automobile,0.4282584
Automobile,0.38165167
Automobile,0.46323228
Aviation,0.34343243
Aviation,0.33824414
Aviation,0.36444893
BPO,0.4369431
BPO,0.35723886
BPO,0.43318704
Banking,0.4448123
Banking,0.3336452
Banking,0.42848292
Blockchain,0.2639138
Blockchain,0.4249808
Blockchain,0.2803563
Building and Construction,0.49315768
Building and Construction,0.4357817
Building and Construction,0.34206194
Business Analyst,0.37075695
Business Analyst,0.39028725
Business Analyst,0.3687956
Civil Engineer,0.40053564
Civil Engineer,0.25739026
Civil Engineer,0.27822238
Consultant,0.26610434
Consultant,0.3913951
Consultant,0.4112834
Data Science,0.31611222
Data Science,0.3881561
Data Science,0.41508028
Database,0.4150911
Database,0.36681765
Database,0.3202921
Designing,0.22840536
Designing,0.28344992
Designing,0.3579345
DevOps,0.28027153
DevOps,0.39951685
DevOps,0.3803811
Digital Media,0.32300717
Digital Media,0.34876218
Digital Media,0.44753286
DotNet Developer,0.34915182
DotNet Developer,0.39363918
DotNet Developer,0.34385198
ETL Developer,0.33938733
ETL Developer,0.3373122
ETL Developer,0.37739095
Education,0.2934019
Education,0.28411788
Education,0.29076454
Electrical Engineering,0.42862293
Electrical Engineering,0.32883534
Electrical Engineering,0.42728454
Finance,0.45719033
Finance,0.33481526
Finance,0.40641826
Food and Beverages,0.3868843
Food and Beverages,0.399544
Food and Beverages,0.41130748
Health and Fitness,0.38109756
Health and Fitness,0.39336857
Health and Fitness,0.31912875
Human Resources,0.44089133
Human Resources,0.37677318
Human Resources,0.43813324
Information Technology,0.3824366
Information Technology,0.395506
Information Technology,0.4642703
Java Developer,0.32011303
Java Developer,0.2743668
Java Developer,0.31895426
Management,0.47849163
Management,0.37503168
Management,0.32782203
Mechanical Engineer,0.34162706
Mechanical Engineer,0.42406347
Mechanical Engineer,0.4193607
Network Security Engineer,0.2894732
Network Security Engineer,0.40385026
Network Security Engineer,0.37768832
Operations Manager,0.46209535
Operations Manager,0.49105772
Operations Manager,0.47664857
PMO,0.32803658
PMO,0.3778193
PMO,0.40578297
Public Relations,0.2984871
Public Relations,0.4681475
Public Relations,0.2827836
Python Developer,0.39324686
Python Developer,0.23856282
Python Developer,0.33576825
React Developer,0.30770585
React Developer,0.32029322
React Developer,0.46456176
SAP Developer,0.35760078
SAP Developer,0.4309856
SAP Developer,0.40174267
SQL Developer,0.29656607
SQL Developer,0.4016273
SQL Developer,0.31880143
Sales,0.47804067
Sales,0.4077952
Sales,0.4540175
Testing,0.33964777
Testing,0.33505884
Testing,0.3296838
Web Designing,0.34875607
Web Designing,0.33645397
Web Designing,0.3232875
Accountant,0.3219115
Accountant,0.34870678
Accountant,0.29996526
Advocate,0.36660528
Advocate,0.37087482
Advocate,0.3860817
Agriculture,0.2867172
Agriculture,0.3505364
Agriculture,0.25684756
Apparel,0.34138986
Apparel,0.30879432
Apparel,0.30974132
Architecture,0.31815135
Architecture,0.24476646
Architecture,0.36384246
Arts,0.20840994
Arts,0.31964815
Arts,0.20423637
Automobile,0.30867386
Automobile,0.25894
Automobile,0.37900317
Aviation,0.31991842
Aviation,0.2557151
Aviation,0.30192313
BPO,0.28380612
BPO,0.24530075
BPO,0.34272397
Banking,0.32032484
Banking,0.26558524
Banking,0.37669453
Blockchain,0.25238225
Blockchain,0.28140917
Blockchain,0.19628502
Building and Construction,0.32451728
Building and Construction,0.33530363
Building and Construction,0.3525895
Business Analyst,0.30643916
Business Analyst,0.26651147
Business Analyst,0.27718168
Civil Engineer,0.32615307
Civil Engineer,0.24719964
Civil Engineer,0.26142994
Consultant,0.26670855
Consultant,0.2659088
Consultant,0.3285616
Data Science,0.28571975
Data Science,0.33494586
Data Science,0.35365933
Database,0.28204885
Database,0.26942813
Database,0.24652049
Designing,0.15924314
Designing,0.22377476
Designing,0.2217833
DevOps,0.19616303
DevOps,0.2759363
DevOps,0.28486285
Digital Media,0.26993912
Digital Media,0.26038253
Digital Media,0.26704848
DotNet Developer,0.25244558
DotNet Developer,0.28241867
DotNet Developer,0.2576968
ETL Developer,0.22884157
ETL Developer,0.25377157
ETL Developer,0.3077078
Education,0.23848961
Education,0.22596636
Education,0.21575873
Electrical Engineering,0.31230637
Electrical Engineering,0.2740711
Electrical Engineering,0.3747317
Finance,0.3673545
Finance,0.31583554
Finance,0.29234344
Food and Beverages,0.34212512
Food and Beverages,0.32478574
Food and Beverages,0.33704394
Health and Fitness,0.35338205
Health and Fitness,0.32262892
Health and Fitness,0.30123302
Human Resources,0.36831564
Human Resources,0.3153537
Human Resources,0.3622408
Information Technology,0.2944399
Information Technology,0.3151887
Information Technology,0.302656
Java Developer,0.25986516
Java Developer,0.23705444
Java Developer,0.24557193
Management,0.2991381
Management,0.2801428
Management,0.23853987
Mechanical Engineer,0.33554977
Mechanical Engineer,0.3033092
Mechanical Engineer,0.29795933
Network Security Engineer,0.27722868
Network Security Engineer,0.29146683
Network Security Engineer,0.30909917
Operations Manager,0.34106827
Operations Manager,0.32833445
Operations Manager,0.33042002
PMO,0.28956425
PMO,0.32472104
PMO,0.26551676
Public Relations,0.27586472
Public Relations,0.39549452
Public Relations,0.27973744
Python Developer,0.25567457
Python Developer,0.20737503
Python Developer,0.25067827
React Developer,0.20585003
React Developer,0.2659113
React Developer,0.37328237
SAP Developer,0.32263416
SAP Developer,0.32139584
SAP Developer,0.2690621
SQL Developer,0.25458285
SQL Developer,0.3115323
SQL Developer,0.29194456
Sales,0.3718378
Sales,0.2660575
Sales,0.3436484
Testing,0.37684196
Testing,0.3635044
Testing,0.3738622
Web Designing,0.25806502
Web Designing,0.2523213
Web Designing,0.23173295
Accountant,0.34881997
Accountant,0.41028875
Accountant,0.34822115
Advocate,0.30014598
Advocate,0.39865264
Advocate,0.31921604
Agriculture,0.30446348
Agriculture,0.40171748
Agriculture,0.28385875
Apparel,0.3290363
Apparel,0.40010813
Apparel,0.32707652
Architecture,0.33629796
Architecture,0.31335017
Architecture,0.33897072
Arts,0.24503267
Arts,0.31572488
Arts,0.21877
Automobile,0.3226787
Automobile,0.33960056
Automobile,0.37812972
Aviation,0.30506948
Aviation,0.312871
Aviation,0.345534
BPO,0.30938575
BPO,0.35256705
BPO,0.4371151
Banking,0.3385117
Banking,0.33323485
Banking,0.3771536
Blockchain,0.2933358
Blockchain,0.39390507
Blockchain,0.2987872
Building and Construction,0.3984193
Building and Construction,0.389902
Building and Construction,0.3482104
Business Analyst,0.43538195
Business Analyst,0.41794634
Business Analyst,0.4222683
Civil Engineer,0.32702547
Civil Engineer,0.23940985
Civil Engineer,0.31294975
Consultant,0.18290557
Consultant,0.38934353
Consultant,0.38586894
Data Science,0.30469596
Data Science,0.32547933
Data Science,0.33171755
Database,0.38068435
Database,0.41390958
Database,0.3634417
Designing,0.2666488
Designing,0.22718625
Designing,0.34510022
DevOps,0.29977632
DevOps,0.39704007
DevOps,0.39780465
Digital Media,0.27219313
Digital Media,0.3820309
Digital Media,0.364171
DotNet Developer,0.38203135
DotNet Developer,0.3276147
DotNet Developer,0.39940107
ETL Developer,0.35525832
ETL Developer,0.34051198
ETL Developer,0.44016927
Education,0.27544764
Education,0.23482583
Education,0.23260891
Electrical Engineering,0.38575718
Electrical Engineering,0.30803597
Electrical Engineering,0.3961018
Finance,0.39449176
Finance,0.34462807
Finance,0.3793014
Food and Beverages,0.366122
Food and Beverages,0.31836724
Food and Beverages,0.32933435
Health and Fitness,0.2994009
Health and Fitness,0.3224139
Health and Fitness,0.25537893
Human Resources,0.3866148
Human Resources,0.28878582
Human Resources,0.37440464
Information Technology,0.41240376
Information Technology,0.43697318
Information Technology,0.4127492
Java Developer,0.391044
Java Developer,0.37960503
Java Developer,0.3881162
Management,0.34971723
Management,0.3158949
Management,0.32938075
Mechanical Engineer,0.35270792
Mechanical Engineer,0.39778683
Mechanical Engineer,0.41408044
Network Security Engineer,0.29886568
Network Security Engineer,0.43810016
Network Security Engineer,0.40122023
Operations Manager,0.339396
Operations Manager,0.39565635
Operations Manager,0.43124905
PMO,0.37698564
PMO,0.4167199
PMO,0.39880663
Public Relations,0.2840434
Public Relations,0.37671143
Public Relations,0.2578187
Python Developer,0.342165
Python Developer,0.31332627
Python Developer,0.39626476
React Developer,0.35345554
React Developer,0.39224264
React Developer,0.41292694
SAP Developer,0.354757
SAP Developer,0.42762807
SAP Developer,0.4129508
SQL Developer,0.31817636
SQL Developer,0.40643847
SQL Developer,0.38317022
Sales,0.35839787
Sales,0.34221086
Sales,0.31365386
Testing,0.28787318
Testing,0.2609812
Testing,0.26570112
Web Designing,0.37950808
Web Designing,0.37962896
Web Designing,0.27434346
Accountant,0.34054
Accountant,0.43053398
Accountant,0.42903277
Advocate,0.39284787
Advocate,0.40892446
Advocate,0.37553793
Agriculture,0.29252824
Agriculture,0.364837
Agriculture,0.29035506
Apparel,0.3536809
Apparel,0.38169774
Apparel,0.35385746
Architecture,0.32699758
Architecture,0.32172695
Architecture,0.3463674
Arts,0.28234288
Arts,0.28866452
Arts,0.20785014
Automobile,0.30722073
Automobile,0.33102545
Automobile,0.3545799
Aviation,0.29483205
Aviation,0.22453608
Aviation,0.32427213
BPO,0.3962657
BPO,0.33722845
BPO,0.41226912
Banking,0.38788763
Banking,0.37104726
Banking,0.3969414
Blockchain,0.34170878
Blockchain,0.3979909
Blockchain,0.34144896
Building and Construction,0.3521957
Building and Construction,0.34012163
Building and Construction,0.3089818
Business Analyst,0.4045836
Business Analyst,0.40499252
Business Analyst,0.38771677
Civil Engineer,0.37128147
Civil Engineer,0.2063392
Civil Engineer,0.25776646
Consultant,0.24021862
Consultant,0.39694434
Consultant,0.42338237
Data Science,0.29139966
Data Science,0.31619495
Data Science,0.30508745
Database,0.32025132
Database,0.3423122
Database,0.3364687
Designing,0.24990839
Designing,0.29957905
Designing,0.34430933
DevOps,0.2982766
DevOps,0.37240693
DevOps,0.3650435
Digital Media,0.27609277
Digital Media,0.35786945
Digital Media,0.34951803
DotNet Developer,0.3555921
DotNet Developer,0.32226086
DotNet Developer,0.29367876
ETL Developer,0.3386108
ETL Developer,0.32901594
ETL Developer,0.3854418
Education,0.2836282
Education,0.25174946
Education,0.25453678
Electrical Engineering,0.3136908
Electrical Engineering,0.2807632
Electrical Engineering,0.35775623
Finance,0.39537236
Finance,0.3943386
Finance,0.36023468
Food and Beverages,0.2935252
Food and Beverages,0.3599857
Food and Beverages,0.3511403
Health and Fitness,0.2908401
Health and Fitness,0.32708982
Health and Fitness,0.23315883
Human Resources,0.37084684
Human Resources,0.28960305
Human Resources,0.37604788
Information Technology,0.38375172
Information Technology,0.4202646
Information Technology,0.40052438
Java Developer,0.3277059
Java Developer,0.26020113
Java Developer,0.307612
Management,0.35010183
Management,0.3943982
Management,0.32094917
Mechanical Engineer,0.27267885
Mechanical Engineer,0.32765734
Mechanical Engineer,0.3369829
Network Security Engineer,0.32135895
Network Security Engineer,0.34193224
Network Security Engineer,0.35835668
Operations Manager,0.3560633
Operations Manager,0.39970258
Operations Manager,0.42490515
PMO,0.336997
PMO,0.35392967
PMO,0.37055808
Public Relations,0.3196726
Public Relations,0.38005668
Public Relations,0.26781628
Python Developer,0.321692
Python Developer,0.25151667
Python Developer,0.33890608
React Developer,0.32784697
React Developer,0.32032225
React Developer,0.41485038
SAP Developer,0.34094197
SAP Developer,0.39222217
SAP Developer,0.34194082
SQL Developer,0.28871697
SQL Developer,0.33989605
SQL Developer,0.3330318
Sales,0.37656888
Sales,0.39126652
Sales,0.35933825
Testing,0.2997057
Testing,0.28704062
Testing,0.29884768
Web Designing,0.34284386
Web Designing,0.34022886
Web Designing,0.29455075
Accountant,0.3347093
Accountant,0.5054649
Accountant,0.4398499
Advocate,0.43911216
Advocate,0.46857795
Advocate,0.3813668
Agriculture,0.406014
Agriculture,0.40038866
Agriculture,0.39212054
Apparel,0.35503578
Apparel,0.45524317
Apparel,0.44057637
Architecture,0.35726705
Architecture,0.38210183
Architecture,0.44373202
Arts,0.3738868
Arts,0.44245642
Arts,0.3637646
Automobile,0.30254877
Automobile,0.3606966
Automobile,0.456862
Aviation,0.418023
Aviation,0.18414563
Aviation,0.3374359
BPO,0.42045718
BPO,0.49480897
BPO,0.43958282
Banking,0.3895827
Banking,0.41967326
Banking,0.4195534
Blockchain,0.32394865
Blockchain,0.39933282
Blockchain,0.39016038
Building and Construction,0.36610848
Building and Construction,0.34446064
Building and Construction,0.36262932
Business Analyst,0.3988811
Business Analyst,0.41687223
Business Analyst,0.4194833
Civil Engineer,0.38995534
Civil Engineer,0.34148192
Civil Engineer,0.3809597
Consultant,0.3865795
Consultant,0.37236086
Consultant,0.450922
Data Science,0.3998996
Data Science,0.49303848
Data Science,0.35184738
Database,0.36189693
Database,0.37582153
Database,0.34511298
Designing,0.31667644
Designing,0.42157835
Designing,0.42198175
DevOps,0.3231073
DevOps,0.39791277
DevOps,0.40556937
Digital Media,0.49964416
Digital Media,0.61155653
Digital Media,0.59454215
DotNet Developer,0.39482802
DotNet Developer,0.31542993
DotNet Developer,0.4074016
ETL Developer,0.30492657
ETL Developer,0.35884982
ETL Developer,0.36317205
Education,0.40358645
Education,0.376839
Education,0.38665202
Electrical Engineering,0.38914567
Electrical Engineering,0.32282287
Electrical Engineering,0.33786976
Finance,0.421297
Finance,0.44702125
Finance,0.40211007
Food and Beverages,0.32434636
Food and Beverages,0.46179348
Food and Beverages,0.47143483
Health and Fitness,0.4134407
Health and Fitness,0.3803972
Health and Fitness,0.397709
Human Resources,0.4355924
Human Resources,0.3467406
Human Resources,0.34786427
Information Technology,0.41523725
Information Technology,0.4578324
Information Technology,0.44412595
Java Developer,0.418927
Java Developer,0.28181505
Java Developer,0.38024104
Management,0.47834888
Management,0.3734538
Management,0.35470194
Mechanical Engineer,0.3097291
Mechanical Engineer,0.402597
Mechanical Engineer,0.37644005
Network Security Engineer,0.3835298
Network Security Engineer,0.35830104
Network Security Engineer,0.34215546
Operations Manager,0.39138293
Operations Manager,0.42232448
Operations Manager,0.48878354
PMO,0.39100543
PMO,0.4274093
PMO,0.37954074
Public Relations,0.64929277
Public Relations,0.42862704
Public Relations,0.5120529
Python Developer,0.35784084
Python Developer,0.28892294
Python Developer,0.29235464
React Developer,0.36331642
React Developer,0.34883
React Developer,0.45301557
SAP Developer,0.32692352
SAP Developer,0.45260745
SAP Developer,0.40901977
SQL Developer,0.4070286
SQL Developer,0.38612613
SQL Developer,0.45815003
Sales,0.40885562
Sales,0.46850395
Sales,0.47456744
Testing,0.402111
Testing,0.32382992
Testing,0.2906934
Web Designing,0.41381806
Web Designing,0.34439692
Web Designing,0.40925658
Accountant,0.34849697
Accountant,0.38938078
Accountant,0.36041194
Advocate,0.29890653
Advocate,0.361602
Advocate,0.3293455
Agriculture,0.25203535
Agriculture,0.32205844
Agriculture,0.25993294
Apparel,0.33777732
Apparel,0.33569896
Apparel,0.35362804
Architecture,0.34434238
Architecture,0.27899233
Architecture,0.3566402
Arts,0.2749745
Arts,0.28063098
Arts,0.2056472
Automobile,0.33011112
Automobile,0.33433953
Automobile,0.3274254
Aviation,0.2981731
Aviation,0.21711364
Aviation,0.30165523
BPO,0.31632978
BPO,0.3103093
BPO,0.3779801
Banking,0.34526995
Banking,0.33777824
Banking,0.34682864
Blockchain,0.34800747
Blockchain,0.32204565
Blockchain,0.27701265
Building and Construction,0.31549025
Building and Construction,0.3412936
Building and Construction,0.3190686
Business Analyst,0.36124358
Business Analyst,0.34394425
Business Analyst,0.32269633
Civil Engineer,0.36552876
Civil Engineer,0.24326584
Civil Engineer,0.24098955
Consultant,0.2592423
Consultant,0.35468635
Consultant,0.37099123
Data Science,0.24633023
Data Science,0.29799712
Data Science,0.3275962
Database,0.35234898
Database,0.33624688
Database,0.31076363
Designing,0.20462336
Designing,0.26643485
Designing,0.30673498
DevOps,0.25871196
DevOps,0.34924915
DevOps,0.33901772
Digital Media,0.28241915
Digital Media,0.32267424
Digital Media,0.33604708
DotNet Developer,0.31121114
DotNet Developer,0.36101738
DotNet Developer,0.33794057
ETL Developer,0.31229067
ETL Developer,0.27510604
ETL Developer,0.3264155
Education,0.30907974
Education,0.30286276
Education,0.30009058
Electrical Engineering,0.33071506
Electrical Engineering,0.3032892
Electrical Engineering,0.33992797
Finance,0.33878192
Finance,0.28823575
Finance,0.31771484
Food and Beverages,0.3316213
Food and Beverages,0.32497144
Food and Beverages,0.33392182
Health and Fitness,0.28258538
Health and Fitness,0.3450255
Health and Fitness,0.29553512
Human Resources,0.40933582
Human Resources,0.3305953
Human Resources,0.37487686
Information Technology,0.31821522
Information Technology,0.35982385
Information Technology,0.38201964
Java Developer,0.29816717
Java Developer,0.26632816
Java Developer,0.30588943
Management,0.296143
Management,0.2862337
Management,0.2473964
Mechanical Engineer,0.27260464
Mechanical Engineer,0.31126037
Mechanical Engineer,0.36139694
Network Security Engineer,0.31050655
Network Security Engineer,0.36315972
Network Security Engineer,0.39446443
Operations Manager,0.2944015
Operations Manager,0.33788043
Operations Manager,0.3376846
PMO,0.32226118
PMO,0.29302198
PMO,0.34960172
Public Relations,0.24254319
Public Relations,0.38768807
Public Relations,0.25189817
Python Developer,0.38058048
Python Developer,0.25047123
Python Developer,0.31587124
React Developer,0.28995028
React Developer,0.31377298
React Developer,0.40818262
SAP Developer,0.3228669
SAP Developer,0.35124353
SAP Developer,0.34255704
SQL Developer,0.26425982
SQL Developer,0.34856725
SQL Developer,0.32635722
Sales,0.41228554
Sales,0.3068663
Sales,0.34295356
Testing,0.27195588
Testing,0.2805246
Testing,0.26073456
Web Designing,0.33567286
Web Designing,0.32499644
Web Designing,0.2942864
Accountant,0.32060286
Accountant,0.3886296
Accountant,0.32928523
Advocate,0.43323982
Advocate,0.44593194
Advocate,0.42185497
Agriculture,0.26797065
Agriculture,0.36825034
Agriculture,0.3163027
Apparel,0.33065373
Apparel,0.32523534
Apparel,0.31344032
Architecture,0.32850266
Architecture,0.26814124
Architecture,0.35564
Arts,0.21495613
Arts,0.36719522
Arts,0.23323807
Automobile,0.3360487
Automobile,0.300086
Automobile,0.3791323
Aviation,0.31757855
Aviation,0.28244066
Aviation,0.36862954
BPO,0.24802734
BPO,0.2608379
BPO,0.37941667
Banking,0.37578064
Banking,0.27248138
Banking,0.42847127
Blockchain,0.27103224
Blockchain,0.3023719
Blockchain,0.20024677
Building and Construction,0.3776206
Building and Construction,0.3774219
Building and Construction,0.34481883
Business Analyst,0.33456165
Business Analyst,0.31561556
Business Analyst,0.2941591
Civil Engineer,0.34719768
Civil Engineer,0.26311457
Civil Engineer,0.2501991
Consultant,0.3677529
Consultant,0.29711688
Consultant,0.33481404
Data Science,0.32942563
Data Science,0.3509797
Data Science,0.41499668
Database,0.3183905
Database,0.31645346
Database,0.29325637
Designing,0.19227144
Designing,0.23983231
Designing,0.25665388
DevOps,0.19162348
DevOps,0.3013317
DevOps,0.35616025
Digital Media,0.2588791
Digital Media,0.25632492
Digital Media,0.26500866
DotNet Developer,0.28961867
DotNet Developer,0.33487988
DotNet Developer,0.31347483
ETL Developer,0.24655218
ETL Developer,0.2566031
ETL Developer,0.35881668
Education,0.3139839
Education,0.2994097
Education,0.26165387
Electrical Engineering,0.3531053
Electrical Engineering,0.29872438
Electrical Engineering,0.39416453
Finance,0.38388878
Finance,0.29875597
Finance,0.32685018
Food and Beverages,0.34854436
Food and Beverages,0.30872262
Food and Beverages,0.30587706
Health and Fitness,0.35061342
Health and Fitness,0.41522813
Health and Fitness,0.3654006
Human Resources,0.40886712
Human Resources,0.3539379
Human Resources,0.4370074
Information Technology,0.32707334
Information Technology,0.3351371
Information Technology,0.3333261
Java Developer,0.2569274
Java Developer,0.25556153
Java Developer,0.27511013
Management,0.31002218
Management,0.32643917
Management,0.2609695
Mechanical Engineer,0.3156417
Mechanical Engineer,0.3247025
Mechanical Engineer,0.34550568
Network Security Engineer,0.27264723
Network Security Engineer,0.33602443
Network Security Engineer,0.3522897
Operations Manager,0.35458472
Operations Manager,0.36424625
Operations Manager,0.39460015
PMO,0.3365346
PMO,0.35472256
PMO,0.29652047
Public Relations,0.25340167
Public Relations,0.37001207
Public Relations,0.32724652
Python Developer,0.2757898
Python Developer,0.24068594
Python Developer,0.25478896
React Developer,0.20334052
React Developer,0.27035522
React Developer,0.4258476
SAP Developer,0.35135886
SAP Developer,0.3689539
SAP Developer,0.3274251
SQL Developer,0.296247
SQL Developer,0.38273686
SQL Developer,0.31417352
Sales,0.4428195
Sales,0.2778597
Sales,0.3487747
Testing,0.47958216
Testing,0.4743555
Testing,0.46177313
Web Designing,0.3000331
Web Designing,0.29262522
Web Designing,0.21378231
Accountant,0.35218218
Accountant,0.510674
Accountant,0.4243632
Advocate,0.3119162
Advocate,0.3888105
Advocate,0.3799187
Agriculture,0.2889468
Agriculture,0.42299855
Agriculture,0.30603212
Apparel,0.40549892
Apparel,0.47674796
Apparel,0.4977182
Architecture,0.37037244
Architecture,0.27678427
Architecture,0.30270216
Arts,0.2747471
Arts,0.26028177
Arts,0.17625776
Automobile,0.37282223
Automobile,0.31275225
Automobile,0.37743872
Aviation,0.31304953
Aviation,0.30715787
Aviation,0.3163458
BPO,0.4433872
BPO,0.36587307
BPO,0.481895
Banking,0.4020005
Banking,0.37578282
Banking,0.42297322
Blockchain,0.24129955
Blockchain,0.46076405
Blockchain,0.2932272
Building and Construction,0.495255
Building and Construction,0.37612337
Building and Construction,0.38080046
Business Analyst,0.4328818
Business Analyst,0.44999483
Business Analyst,0.40757367
Civil Engineer,0.32791507
Civil Engineer,0.23545447
Civil Engineer,0.28574947
Consultant,0.21829258
Consultant,0.3716801
Consultant,0.492856
Data Science,0.28929418
Data Science,0.33156773
Data Science,0.33921236
Database,0.3279624
Database,0.38586357
Database,0.37847465
Designing,0.23977627
Designing,0.25945657
Designing,0.413598
DevOps,0.27240515
DevOps,0.40845153
DevOps,0.34591997
Digital Media,0.27158982
Digital Media,0.43644774
Digital Media,0.53771865
DotNet Developer,0.37720782
DotNet Developer,0.40850627
DotNet Developer,0.32060897
ETL Developer,0.3950273
ETL Developer,0.3949734
ETL Developer,0.40975013
Education,0.2664779
Education,0.2138825
Education,0.16807613
Electrical Engineering,0.3374349
Electrical Engineering,0.21808463
Electrical Engineering,0.38593835
Finance,0.42243528
Finance,0.4152645
Finance,0.39606652
Food and Beverages,0.3972513
Food and Beverages,0.37003523
Food and Beverages,0.33546543
Health and Fitness,0.27891108
Health and Fitness,0.31347945
Health and Fitness,0.22098686
Human Resources,0.39424944
Human Resources,0.28187662
Human Resources,0.41757548
Information Technology,0.3760307
Information Technology,0.43835872
Information Technology,0.52732843
Java Developer,0.3484729
Java Developer,0.34323758
Java Developer,0.34257376
Management,0.49817985
Management,0.32554615
Management,0.36745816
Mechanical Engineer,0.2818014
Mechanical Engineer,0.39458004
Mechanical Engineer,0.39392656
Network Security Engineer,0.23435664
Network Security Engineer,0.4014781
Network Security Engineer,0.38374078
Operations Manager,0.46816114
Operations Manager,0.43159777
Operations Manager,0.5004321
PMO,0.38741323
PMO,0.38931954
PMO,0.4432546
Public Relations,0.36240882
Public Relations,0.3838827
Public Relations,0.1992982
Python Developer,0.3465862
Python Developer,0.2753983
Python Developer,0.31256837
React Developer,0.3409933
React Developer,0.34727833
React Developer,0.37072358
SAP Developer,0.33699095
SAP Developer,0.48043525
SAP Developer,0.46796253
SQL Developer,0.3014707
SQL Developer,0.47094563
SQL Developer,0.4521744
Sales,0.43615833
Sales,0.49058965
Sales,0.4526426
Testing,0.27021384
Testing,0.25070265
Testing,0.2624766
Web Designing,0.33326384
Web Designing,0.3428908
Web Designing,0.23557602
Accountant,0.32368758
Accountant,0.33376953
Accountant,0.34365067
Advocate,0.30460575
Advocate,0.42468232
Advocate,0.30626923
Agriculture,0.25671917
Agriculture,0.3303206
Agriculture,0.20918433
Apparel,0.3168073
Apparel,0.2766343
Apparel,0.4063359
Architecture,0.32672295
Architecture,0.21538737
Architecture,0.30531073
Arts,0.20046628
Arts,0.2349297
Arts,0.23559342
Automobile,0.42213243
Automobile,0.38080877
Automobile,0.41045517
Aviation,0.36227152
Aviation,0.33814144
Aviation,0.29024354
BPO,0.26888248
BPO,0.19423507
BPO,0.32578
Banking,0.33735123
Banking,0.21661723
Banking,0.30429474
Blockchain,0.2369373
Blockchain,0.26259124
Blockchain,0.17443927
Building and Construction,0.3935617
Building and Construction,0.3404921
Building and Construction,0.27531153
Business Analyst,0.26741838
Business Analyst,0.2477794
Business Analyst,0.1844777
Civil Engineer,0.31846714
Civil Engineer,0.23458283
Civil Engineer,0.2754763
Consultant,0.180869
Consultant,0.282983
Consultant,0.2918094
Data Science,0.23297675
Data Science,0.22438547
Data Science,0.30715647
Database,0.31171414
Database,0.2186871
Database,0.21973696
Designing,0.12431549
Designing,0.13980927
Designing,0.20688789
DevOps,0.18102577
DevOps,0.2531378
DevOps,0.31462646
Digital Media,0.1941284
Digital Media,0.199765
Digital Media,0.27880004
DotNet Developer,0.19727719
DotNet Developer,0.26936227
DotNet Developer,0.21829
ETL Developer,0.19502987
ETL Developer,0.20965372
ETL Developer,0.28554994
Education,0.19820248
Education,0.21602848
Education,0.18712306
Electrical Engineering,0.34555
Electrical Engineering,0.28469166
Electrical Engineering,0.32595637
Finance,0.33284757
Finance,0.27475566
Finance,0.2602757
Food and Beverages,0.32568735
Food and Beverages,0.22587372
Food and Beverages,0.24182008
Health and Fitness,0.24091825
Health and Fitness,0.297827
Health and Fitness,0.33021274
Human Resources,0.40066507
Human Resources,0.32457379
Human Resources,0.35690528
Information Technology,0.20455797
Information Technology,0.25962368
Information Technology,0.31965882
Java Developer,0.21700738
Java Developer,0.15705562
Java Developer,0.21535374
Management,0.35321957
Management,0.21516702
Management,0.32273957
Mechanical Engineer,0.36884928
Mechanical Engineer,0.32923955
Mechanical Engineer,0.33115163
Network Security Engineer,0.21972704
Network Security Engineer,0.29900667
Network Security Engineer,0.2982304
Operations Manager,0.36646608
Operations Manager,0.3634309
Operations Manager,0.35187435
PMO,0.2497071
PMO,0.26816443
PMO,0.301478
Public Relations,0.18301122
Public Relations,0.30738583
Public Relations,0.22222032
Python Developer,0.26270264
Python Developer,0.22195473
Python Developer,0.25321096
React Developer,0.13431807
React Developer,0.202453
React Developer,0.33927965
SAP Developer,0.29245427
SAP Developer,0.3003259
SAP Developer,0.29011336
SQL Developer,0.21361253
SQL Developer,0.30749983
SQL Developer,0.24366567
Sales,0.33892503
Sales,0.26291135
Sales,0.31594196
Testing,0.29639274
Testing,0.27549395
Testing,0.29338935
Web Designing,0.18758509
Web Designing,0.2592685
Web Designing,0.09718345
Accountant,0.5069989
Accountant,0.5627831
Accountant,0.5156961
Advocate,0.37926796
Advocate,0.44586447
Advocate,0.4181796
Agriculture,0.29540047
Agriculture,0.36688367
Agriculture,0.29390648
Apparel,0.40716884
Apparel,0.3814942
Apparel,0.4400406
Architecture,0.38252965
Architecture,0.27217904
Architecture,0.39832488
Arts,0.3370969
Arts,0.34817702
Arts,0.15054236
Automobile,0.43271708
Automobile,0.33693615
Automobile,0.4239366
Aviation,0.38602814
Aviation,0.32196838
Aviation,0.4297441
BPO,0.3222205
BPO,0.36752886
BPO,0.485162
Banking,0.5249914
Banking,0.3703459
Banking,0.43112254
Blockchain,0.3783417
Blockchain,0.37283173
Blockchain,0.31526676
Building and Construction,0.43283054
Building and Construction,0.4344568
Building and Construction,0.40602273
Business Analyst,0.45166287
Business Analyst,0.45088926
Business Analyst,0.37788364
Civil Engineer,0.5397063
Civil Engineer,0.17540531
Civil Engineer,0.24154934
Consultant,0.18024501
Consultant,0.41887072
Consultant,0.44779152
Data Science,0.3130969
Data Science,0.37917677
Data Science,0.41823456
Database,0.40731472
Database,0.48177925
Database,0.39908054
Designing,0.1580244
Designing,0.21397087
Designing,0.39852843
DevOps,0.37973946
DevOps,0.38864335
DevOps,0.3947637
Digital Media,0.30118534
Digital Media,0.36807153
Digital Media,0.43151435
DotNet Developer,0.4129704
DotNet Developer,0.458055
DotNet Developer,0.44581527
ETL Developer,0.3873323
ETL Developer,0.37088066
ETL Developer,0.45144495
Education,0.34841916
Education,0.25127682
Education,0.22430553
Electrical Engineering,0.4361479
Electrical Engineering,0.3010988
Electrical Engineering,0.38890833
Finance,0.44071737
Finance,0.3730877
Finance,0.46816438
Food and Beverages,0.47922108
Food and Beverages,0.35976076
Food and Beverages,0.35695717
Health and Fitness,0.27684012
Health and Fitness,0.31577918
Health and Fitness,0.19810255
Human Resources,0.6363458
Human Resources,0.30375355
Human Resources,0.6053918
Information Technology,0.3972959
Information Technology,0.42508945
Information Technology,0.43914765
Java Developer,0.3837254
Java Developer,0.37190872
Java Developer,0.39390546
Management,0.4291528
Management,0.57036215
Management,0.3063958
Mechanical Engineer,0.30721828
Mechanical Engineer,0.4144264
Mechanical Engineer,0.39053965
Network Security Engineer,0.3284908
Network Security Engineer,0.40484685
Network Security Engineer,0.4321936
Operations Manager,0.37342697
Operations Manager,0.40639833
Operations Manager,0.4761293
PMO,0.37510344
PMO,0.37284067
PMO,0.41446003
Public Relations,0.31013247
Public Relations,0.5499306
Public Relations,0.29418057
Python Developer,0.38744894
Python Developer,0.34945768
Python Developer,0.405113
React Developer,0.26533464
React Developer,0.4002212
React Developer,0.41030842
SAP Developer,0.46018067
SAP Developer,0.4559708
SAP Developer,0.45260024
SQL Developer,0.4035845
SQL Developer,0.44685987
SQL Developer,0.478178
Sales,0.57496053
Sales,0.34542793
Sales,0.34736866
Testing,0.35965514
Testing,0.40941927
Testing,0.37488383
Web Designing,0.4071934
Web Designing,0.35429525
Web Designing,0.24110293
Accountant,0.36457413
Accountant,0.42152706
Accountant,0.3852902
Advocate,0.49588138
Advocate,0.5183648
Advocate,0.48852915
Agriculture,0.24111316
Agriculture,0.37218148
Agriculture,0.26712322
Apparel,0.39668083
Apparel,0.30692872
Apparel,0.31922713
Architecture,0.3825586
Architecture,0.25725135
Architecture,0.3779793
Arts,0.22992545
Arts,0.38784897
Arts,0.20746967
Automobile,0.3957725
Automobile,0.309666
Automobile,0.3954567
Aviation,0.31815633
Aviation,0.30695024
Aviation,0.38159463
BPO,0.2693875
BPO,0.20932148
BPO,0.3835761
Banking,0.46396074
Banking,0.25598252
Banking,0.47156224
Blockchain,0.33149594
Blockchain,0.26121598
Blockchain,0.17725265
Building and Construction,0.37985787
Building and Construction,0.3873182
Building and Construction,0.3984778
Business Analyst,0.3505211
Business Analyst,0.3021811
Business Analyst,0.23780988
Civil Engineer,0.40695426
Civil Engineer,0.26626524
Civil Engineer,0.24020393
Consultant,0.36531237
Consultant,0.3130149
Consultant,0.32874975
Data Science,0.3320005
Data Science,0.3578802
Data Science,0.4487876
Database,0.34698218
Database,0.3303741
Database,0.27356586
Designing,0.19118534
Designing,0.23125824
Designing,0.23518226
DevOps,0.2079284
DevOps,0.31645903
DevOps,0.3404902
Digital Media,0.26435608
Digital Media,0.24481116
Digital Media,0.29075602
DotNet Developer,0.30047676
DotNet Developer,0.39781287
DotNet Developer,0.370325
ETL Developer,0.26897216
ETL Developer,0.2628207
ETL Developer,0.350141
Education,0.30574036
Education,0.26672307
Education,0.22097287
Electrical Engineering,0.40304846
Electrical Engineering,0.3141611
Electrical Engineering,0.3741692
Finance,0.35745284
Finance,0.28864196
Finance,0.3349628
Food and Beverages,0.39481324
Food and Beverages,0.29545966
Food and Beverages,0.3443792
Health and Fitness,0.3505888
Health and Fitness,0.43620116
Health and Fitness,0.34064126
Human Resources,0.44419584
Human Resources,0.3293704
Human Resources,0.5321495
Information Technology,0.32214648
Information Technology,0.42823225
Information Technology,0.36299223
Java Developer,0.23882331
Java Developer,0.2508601
Java Developer,0.2799619
Management,0.35496423
Management,0.38517752
Management,0.2491992
Mechanical Engineer,0.3106253
Mechanical Engineer,0.34919518
Mechanical Engineer,0.37978563
Network Security Engineer,0.23526411
Network Security Engineer,0.33125082
Network Security Engineer,0.37176108
Operations Manager,0.3615046
Operations Manager,0.35279644
Operations Manager,0.37874073
PMO,0.34969565
PMO,0.364079
PMO,0.28435844
Public Relations,0.22835569
Public Relations,0.40528247
Public Relations,0.2785515
Python Developer,0.26864696
Python Developer,0.2834489
Python Developer,0.2597872
React Developer,0.20417066
React Developer,0.28906187
React Developer,0.45089215
SAP Developer,0.36993283
SAP Developer,0.3750641
SAP Developer,0.34154454
SQL Developer,0.29197532
SQL Developer,0.36903745
SQL Developer,0.33017674
Sales,0.58823335
Sales,0.2433622
Sales,0.35170615
Testing,0.5566148
Testing,0.55269575
Testing,0.5544727
Web Designing,0.2804893
Web Designing,0.28764415
Web Designing,0.17287841
Accountant,0.32942152
Accountant,0.39052027
Accountant,0.33898455
Advocate,0.26380298
Advocate,0.34706122
Advocate,0.27444127
Agriculture,0.27889168
Agriculture,0.3463804
Agriculture,0.26952448
Apparel,0.2889354
Apparel,0.38553634
Apparel,0.3019943
Architecture,0.359756
Architecture,0.31906727
Architecture,0.29854703
Arts,0.26022568
Arts,0.26580566
Arts,0.17054373
Automobile,0.30661878
Automobile,0.28686494
Automobile,0.31018665
Aviation,0.27235696
Aviation,0.28606907
Aviation,0.3368629
BPO,0.2631228
BPO,0.34567636
BPO,0.3978787
Banking,0.28276834
Banking,0.30833492
Banking,0.32002014
Blockchain,0.36732146
Blockchain,0.37444252
Blockchain,0.36126238
Building and Construction,0.32025492
Building and Construction,0.34470356
Building and Construction,0.3537488
Business Analyst,0.41690147
Business Analyst,0.41110015
Business Analyst,0.40495664
Civil Engineer,0.32121614
Civil Engineer,0.23845728
Civil Engineer,0.2960771
Consultant,0.15824154
Consultant,0.38706973
Consultant,0.3585585
Data Science,0.23772894
Data Science,0.2620458
Data Science,0.274225
Database,0.46402293
Database,0.4422038
Database,0.40057912
Designing,0.2800303
Designing,0.27098355
Designing,0.35885072
DevOps,0.37959656
DevOps,0.4441178
DevOps,0.444888
Digital Media,0.32219958
Digital Media,0.36319774
Digital Media,0.35261083
DotNet Developer,0.48521242
DotNet Developer,0.48006812
DotNet Developer,0.48560706
ETL Developer,0.43230233
ETL Developer,0.3528512
ETL Developer,0.4397899
Education,0.24822667
Education,0.23223312
Education,0.21994703
Electrical Engineering,0.32791725
Electrical Engineering,0.29449028
Electrical Engineering,0.35902599
Finance,0.34815624
Finance,0.30192557
Finance,0.36509806
Food and Beverages,0.31507862
Food and Beverages,0.29253206
Food and Beverages,0.3155578
Health and Fitness,0.2221692
Health and Fitness,0.26733446
Health and Fitness,0.21469013
Human Resources,0.3546657
Human Resources,0.24908687
Human Resources,0.323597
Information Technology,0.388508
Information Technology,0.410883
Information Technology,0.41884422
Java Developer,0.42916694
Java Developer,0.43397316
Java Developer,0.47234544
Management,0.2853523
Management,0.2809152
Management,0.29575437
Mechanical Engineer,0.3463353
Mechanical Engineer,0.3444195
Mechanical Engineer,0.39273015
Network Security Engineer,0.37286276
Network Security Engineer,0.41270125
Network Security Engineer,0.44736537
Operations Manager,0.277916
Operations Manager,0.29866746
Operations Manager,0.36256394
PMO,0.36597273
PMO,0.3860976
PMO,0.39706638
Public Relations,0.25427073
Public Relations,0.33936644
Public Relations,0.24195969
Python Developer,0.40905488
Python Developer,0.46379825
Python Developer,0.4422467
React Developer,0.483434
React Developer,0.49492323
React Developer,0.3319714
SAP Developer,0.37021852
SAP Developer,0.40493026
SAP Developer,0.40943205
SQL Developer,0.3582049
SQL Developer,0.42427832
SQL Developer,0.42555454
Sales,0.3181794
Sales,0.2952837
Sales,0.2825831
Testing,0.23356831
Testing,0.22528714
Testing,0.22949207
Web Designing,0.49993473
Web Designing,0.4827852
Web Designing,0.32294905
Accountant,0.36932254
Accountant,0.448453
Accountant,0.40935984
Advocate,0.34557807
Advocate,0.39188427
Advocate,0.38472366
Agriculture,0.2781531
Agriculture,0.4280535
Agriculture,0.2653274
Apparel,0.38224846
Apparel,0.38742793
Apparel,0.35398155
Architecture,0.36209697
Architecture,0.28656623
Architecture,0.37212318
Arts,0.27003682
Arts,0.3688516
Arts,0.2283444
Automobile,0.34812734
Automobile,0.30023438
Automobile,0.4188286
Aviation,0.3795796
Aviation,0.32776746
Aviation,0.38533655
BPO,0.30783463
BPO,0.37305218
BPO,0.43667445
Banking,0.3973014
Banking,0.31073958
Banking,0.45103404
Blockchain,0.2675146
Blockchain,0.37411225
Blockchain,0.27095398
Building and Construction,0.4172274
Building and Construction,0.3877252
Building and Construction,0.3571987
Business Analyst,0.38673195
Business Analyst,0.36835605
Business Analyst,0.33750272
Civil Engineer,0.42764562
Civil Engineer,0.27189738
Civil Engineer,0.28175706
Consultant,0.22646643
Consultant,0.38050237
Consultant,0.45091733
Data Science,0.318868
Data Science,0.33248544
Data Science,0.36463445
Database,0.39269146
Database,0.36184868
Database,0.3420198
Designing,0.248604
Designing,0.24441688
Designing,0.32436764
DevOps,0.31583524
DevOps,0.37859
DevOps,0.37885785
Digital Media,0.2813889
Digital Media,0.37139
Digital Media,0.37909007
DotNet Developer,0.3395928
DotNet Developer,0.395555
DotNet Developer,0.36989284
ETL Developer,0.3219731
ETL Developer,0.35011294
ETL Developer,0.39487448
Education,0.29339138
Education,0.265879
Education,0.2294034
Electrical Engineering,0.4114552
Electrical Engineering,0.316704
Electrical Engineering,0.42183495
Finance,0.41705385
Finance,0.39542216
Finance,0.42735514
Food and Beverages,0.3727205
Food and Beverages,0.3625389
Food and Beverages,0.3562551
Health and Fitness,0.28947288
Health and Fitness,0.32603556
Health and Fitness,0.27892292
Human Resources,0.4444892
Human Resources,0.3385055
Human Resources,0.40960062
Information Technology,0.40573892
Information Technology,0.4115747
Information Technology,0.40148994
Java Developer,0.3623965
Java Developer,0.2666391
Java Developer,0.33348382
Management,0.38355732
Management,0.38059953
Management,0.3609627
Mechanical Engineer,0.3250177
Mechanical Engineer,0.3877192
Mechanical Engineer,0.36484784
Network Security Engineer,0.31569263
Network Security Engineer,0.36261857
Network Security Engineer,0.3961022
Operations Manager,0.37442625
Operations Manager,0.42022592
Operations Manager,0.45219952
PMO,0.41450596
PMO,0.40318176
PMO,0.4414202
Public Relations,0.36070916
Public Relations,0.4102361
Public Relations,0.32921606
Python Developer,0.33400723
Python Developer,0.26663718
Python Developer,0.33470517
React Developer,0.3012488
React Developer,0.33765724
React Developer,0.42962557
SAP Developer,0.3809361
SAP Developer,0.4465978
SAP Developer,0.38859993
SQL Developer,0.3135151
SQL Developer,0.37260795
SQL Developer,0.3993364
Sales,0.40252024
Sales,0.3487045
Sales,0.3575304
Testing,0.31696057
Testing,0.28148463
Testing,0.28672034
Web Designing,0.37680992
Web Designing,0.3504928
Web Designing,0.26333275
Accountant,0.36145625
Accountant,0.44410664
Accountant,0.37516022
Advocate,0.39836356
Advocate,0.43516296
Advocate,0.3829825
Agriculture,0.30843404
Agriculture,0.39833567
Agriculture,0.33137298
Apparel,0.37093306
Apparel,0.38631046
Apparel,0.39304268
Architecture,0.34907258
Architecture,0.32644728
Architecture,0.39155817
Arts,0.28561205
Arts,0.3730079
Arts,0.30627578
Automobile,0.32276574
Automobile,0.340107
Automobile,0.39385062
Aviation,0.36921716
Aviation,0.2946984
Aviation,0.3690635
BPO,0.3370439
BPO,0.373398
BPO,0.45718223
Banking,0.39382577
Banking,0.33239967
Banking,0.4425955
Blockchain,0.26976848
Blockchain,0.37471116
Blockchain,0.25379348
Building and Construction,0.3980474
Building and Construction,0.39662695
Building and Construction,0.36462364
Business Analyst,0.38947448
Business Analyst,0.38110965
Business Analyst,0.34433657
Civil Engineer,0.38639536
Civil Engineer,0.3091323
Civil Engineer,0.28694043
Consultant,0.2725679
Consultant,0.36414188
Consultant,0.404382
Data Science,0.33614844
Data Science,0.38702086
Data Science,0.36273018
Database,0.33834562
Database,0.3456302
Database,0.3590157
Designing,0.22536676
Designing,0.29428333
Designing,0.3241447
DevOps,0.29848313
DevOps,0.3509828
DevOps,0.38599327
Digital Media,0.30706036
Digital Media,0.35619324
Digital Media,0.36537322
DotNet Developer,0.35392055
DotNet Developer,0.3408155
DotNet Developer,0.357942
ETL Developer,0.29719886
ETL Developer,0.31067792
ETL Developer,0.38538432
Education,0.34721076
Education,0.30467814
Education,0.32090083
Electrical Engineering,0.39566734
Electrical Engineering,0.29623538
Electrical Engineering,0.40405592
Finance,0.42401502
Finance,0.35262376
Finance,0.39765006
Food and Beverages,0.35352075
Food and Beverages,0.36753693
Food and Beverages,0.38486853
Health and Fitness,0.34298348
Health and Fitness,0.35386628
Health and Fitness,0.29624972
Human Resources,0.49434614
Human Resources,0.3961427
Human Resources,0.43157104
Information Technology,0.38134262
Information Technology,0.37142587
Information Technology,0.43039483
Java Developer,0.3351087
Java Developer,0.28012836
Java Developer,0.32901868
Management,0.39965367
Management,0.3619602
Management,0.34154555
Mechanical Engineer,0.3374893
Mechanical Engineer,0.36344618
Mechanical Engineer,0.37064302
Network Security Engineer,0.29069147
Network Security Engineer,0.34837854
Network Security Engineer,0.35355338
Operations Manager,0.37506908
Operations Manager,0.40761903
Operations Manager,0.43461344
PMO,0.3604969
PMO,0.3747457
PMO,0.3729797
Public Relations,0.3388665
Public Relations,0.40703085
Public Relations,0.3310729
Python Developer,0.3325701
Python Developer,0.25240922
Python Developer,0.31726235
React Developer,0.27533537
React Developer,0.3328499
React Developer,0.4716391
SAP Developer,0.36113018
SAP Developer,0.40276745
SAP Developer,0.37421328
SQL Developer,0.3318189
SQL Developer,0.38022232
SQL Developer,0.35710603
Sales,0.39126864
Sales,0.36762917
Sales,0.3844421
Testing,0.323784
Testing,0.31388503
Testing,0.29632512
Web Designing,0.35865155
Web Designing,0.33683187
Web Designing,0.3044002
Accountant,0.3314786
Accountant,0.4450412
Accountant,0.35547465
Advocate,0.39252946
Advocate,0.45161334
Advocate,0.3842989
Agriculture,0.29270875
Agriculture,0.39222223
Agriculture,0.28396606
Apparel,0.35841382
Apparel,0.37479794
Apparel,0.3885414
Architecture,0.36679795
Architecture,0.28348902
Architecture,0.3639045
Arts,0.26178184
Arts,0.34463874
Arts,0.24156031
Automobile,0.37347803
Automobile,0.350831
Automobile,0.39708358
Aviation,0.32745093
Aviation,0.2977875
Aviation,0.35932627
BPO,0.35942113
BPO,0.3272237
BPO,0.43126047
Banking,0.41658095
Banking,0.34449518
Banking,0.3899186
Blockchain,0.2995819
Blockchain,0.39352265
Blockchain,0.26622507
Building and Construction,0.40138227
Building and Construction,0.38296673
Building and Construction,0.3269136
Business Analyst,0.3846444
Business Analyst,0.39022473
Business Analyst,0.3665104
Civil Engineer,0.41230562
Civil Engineer,0.24035077
Civil Engineer,0.25596696
Consultant,0.24955668
Consultant,0.42310393
Consultant,0.40855226
Data Science,0.3225275
Data Science,0.3576286
Data Science,0.3440334
Database,0.39222535
Database,0.3846936
Database,0.32097864
Designing,0.24407926
Designing,0.2896949
Designing,0.32488164
DevOps,0.2915596
DevOps,0.37284526
DevOps,0.40022975
Digital Media,0.28677794
Digital Media,0.36493805
Digital Media,0.37978914
DotNet Developer,0.33252743
DotNet Developer,0.35742462
DotNet Developer,0.3491051
ETL Developer,0.33163896
ETL Developer,0.30755827
ETL Developer,0.38793164
Education,0.32079652
Education,0.28297713
Education,0.29364812
Electrical Engineering,0.37737438
Electrical Engineering,0.2900224
Electrical Engineering,0.3911319
Finance,0.41161287
Finance,0.32900795
Finance,0.36577874
Food and Beverages,0.35580552
Food and Beverages,0.34213322
Food and Beverages,0.37952864
Health and Fitness,0.33566704
Health and Fitness,0.38030282
Health and Fitness,0.30468276
Human Resources,0.4195286
Human Resources,0.32666463
Human Resources,0.4092783
Information Technology,0.39168236
Information Technology,0.40855092
Information Technology,0.45255163
Java Developer,0.34680915
Java Developer,0.31219468
Java Developer,0.336851
Management,0.38501552
Management,0.34034204
Management,0.31341413
Mechanical Engineer,0.31421822
Mechanical Engineer,0.37553748
Mechanical Engineer,0.396449
Network Security Engineer,0.29914406
Network Security Engineer,0.41389248
Network Security Engineer,0.38377017
Operations Manager,0.42258644
Operations Manager,0.42002383
Operations Manager,0.4527048
PMO,0.32726145
PMO,0.3507065
PMO,0.3892582
Public Relations,0.29748547
Public Relations,0.44969317
Public Relations,0.3000614
Python Developer,0.3745209
Python Developer,0.2685134
Python Developer,0.34197772
React Developer,0.3192609
React Developer,0.3341541
React Developer,0.45075014
SAP Developer,0.3657994
SAP Developer,0.4237339
SAP Developer,0.3992712
SQL Developer,0.30962613
SQL Developer,0.38117406
SQL Developer,0.3506758
Sales,0.43681154
Sales,0.35567296
Sales,0.37362707
Testing,0.3506374
Testing,0.33930305
Testing,0.3252534
Web Designing,0.34448764
Web Designing,0.35750863
Web Designing,0.30913457
Accountant,0.31896067
Accountant,0.4042633
Accountant,0.34015745
Advocate,0.3196336
Advocate,0.36374247
Advocate,0.30126253
Agriculture,0.2886386
Agriculture,0.3945807
Agriculture,0.24823682
Apparel,0.2964171
Apparel,0.3955576
Apparel,0.33223495
Architecture,0.34399748
Architecture,0.3036442
Architecture,0.34441078
Arts,0.29250067
Arts,0.31378472
Arts,0.2336385
Automobile,0.29560927
Automobile,0.33306307
Automobile,0.33528525
Aviation,0.29010722
Aviation,0.24647845
Aviation,0.33361965
BPO,0.3079449
BPO,0.3539223
BPO,0.42597628
Banking,0.32389915
Banking,0.3578214
Banking,0.3313239
Blockchain,0.35216123
Blockchain,0.3963645
Blockchain,0.34480253
Building and Construction,0.36289948
Building and Construction,0.37170777
Building and Construction,0.3276708
Business Analyst,0.42140648
Business Analyst,0.391828
Business Analyst,0.42939794
Civil Engineer,0.3276559
Civil Engineer,0.218412
Civil Engineer,0.28772324
Consultant,0.2013308
Consultant,0.3906418
Consultant,0.39982045
Data Science,0.2757574
Data Science,0.31597382
Data Science,0.28207493
Database,0.3991411
Database,0.4100154
Database,0.36360392
Designing,0.35712057
Designing,0.22768351
Designing,0.35706493
DevOps,0.33557972
DevOps,0.40871587
DevOps,0.42575
Digital Media,0.3351328
Digital Media,0.40882602
Digital Media,0.39839464
DotNet Developer,0.42397028
DotNet Developer,0.38875926
DotNet Developer,0.4393589
ETL Developer,0.3874539
ETL Developer,0.34134594
ETL Developer,0.44433752
Education,0.2812839
Education,0.24036568
Education,0.24186522
Electrical Engineering,0.33300617
Electrical Engineering,0.2856637
Electrical Engineering,0.3642701
Finance,0.3451856
Finance,0.34413993
Finance,0.38238868
Food and Beverages,0.33872485
Food and Beverages,0.3420161
Food and Beverages,0.34943047
Health and Fitness,0.26314062
Health and Fitness,0.31234175
Health and Fitness,0.23223037
Human Resources,0.37852293
Human Resources,0.2614887
Human Resources,0.3532344
Information Technology,0.4234067
Information Technology,0.44672087
Information Technology,0.42036095
Java Developer,0.4224836
Java Developer,0.38533244
Java Developer,0.42594922
Management,0.33911633
Management,0.3312448
Management,0.3114097
Mechanical Engineer,0.33199987
Mechanical Engineer,0.3546112
Mechanical Engineer,0.39100102
Network Security Engineer,0.3280938
Network Security Engineer,0.40877137
Network Security Engineer,0.41051906
Operations Manager,0.32859504
Operations Manager,0.38068405
Operations Manager,0.40517977
PMO,0.3878854
PMO,0.386356
PMO,0.42187035
Public Relations,0.33450922
Public Relations,0.38148278
Public Relations,0.32392704
Python Developer,0.38472962
Python Developer,0.37539205
Python Developer,0.44629055
React Developer,0.4653195
React Developer,0.43784285
React Developer,0.38712338
SAP Developer,0.34440702
SAP Developer,0.42916018
SAP Developer,0.3901053
SQL Developer,0.33366355
SQL Developer,0.39891428
SQL Developer,0.35618007
Sales,0.36225528
Sales,0.32879832
Sales,0.32971457
Testing,0.28089285
Testing,0.2552406
Testing,0.26011473
Web Designing,0.43495056
Web Designing,0.4084167
Web Designing,0.34377939
Accountant,0.36591557
Accountant,0.46150678
Accountant,0.3861201
Advocate,0.3575512
Advocate,0.41905975
Advocate,0.4301112
Agriculture,0.2619134
Agriculture,0.41433924
Agriculture,0.2643053
Apparel,0.36881876
Apparel,0.36595336
Apparel,0.3787489
Architecture,0.39197978
Architecture,0.26551166
Architecture,0.40803358
Arts,0.24363928
Arts,0.39332223
Arts,0.24426931
Automobile,0.3485929
Automobile,0.29202303
Automobile,0.41444975
Aviation,0.3730889
Aviation,0.2930028
Aviation,0.38787073
BPO,0.32331854
BPO,0.348682
BPO,0.4397901
Banking,0.4185456
Banking,0.29545146
Banking,0.42146114
Blockchain,0.21713533
Blockchain,0.386109
Blockchain,0.21709776
Building and Construction,0.4108281
Building and Construction,0.39988473
Building and Construction,0.3432848
Business Analyst,0.37332714
Business Analyst,0.36385116
Business Analyst,0.32132772
Civil Engineer,0.46572608
Civil Engineer,0.24211213
Civil Engineer,0.24437429
Consultant,0.2447871
Consultant,0.3609156
Consultant,0.43361947
Data Science,0.36902434
Data Science,0.37381473
Data Science,0.3745695
Database,0.37668827
Database,0.33894005
Database,0.29343572
Designing,0.21949086
Designing,0.2710691
Designing,0.29824698
DevOps,0.27901322
DevOps,0.32070568
DevOps,0.4066037
Digital Media,0.27970523
Digital Media,0.34234783
Digital Media,0.35975134
DotNet Developer,0.30517012
DotNet Developer,0.36558402
DotNet Developer,0.3507627
ETL Developer,0.29851994
ETL Developer,0.31634572
ETL Developer,0.38412693
Education,0.33960834
Education,0.28944752
Education,0.2736076
Electrical Engineering,0.40202534
Electrical Engineering,0.2892741
Electrical Engineering,0.4165342
Finance,0.4219978
Finance,0.34888422
Finance,0.41727236
Food and Beverages,0.38103384
Food and Beverages,0.3677432
Food and Beverages,0.38108748
Health and Fitness,0.33664235
Health and Fitness,0.36005926
Health and Fitness,0.30200785
Human Resources,0.48353586
Human Resources,0.33542633
Human Resources,0.45360297
Information Technology,0.40399057
Information Technology,0.37320748
Information Technology,0.40894884
Java Developer,0.32346606
Java Developer,0.2617805
Java Developer,0.3019078
Management,0.41682425
Management,0.3846422
Management,0.2981342
Mechanical Engineer,0.2856098
Mechanical Engineer,0.37977636
Mechanical Engineer,0.35747534
Network Security Engineer,0.27864727
Network Security Engineer,0.3683006
Network Security Engineer,0.3560291
Operations Manager,0.40025875
Operations Manager,0.4110205
Operations Manager,0.46050036
PMO,0.35006726
PMO,0.36604735
PMO,0.39378846
Public Relations,0.34966758
Public Relations,0.48140278
Public Relations,0.34250948
Python Developer,0.2930212
Python Developer,0.25209713
Python Developer,0.2886346
React Developer,0.2641326
React Developer,0.32010263
React Developer,0.4704636
SAP Developer,0.3508315
SAP Developer,0.41530704
SAP Developer,0.3562208
SQL Developer,0.29595217
SQL Developer,0.38368952
SQL Developer,0.36977762
Sales,0.4474466
Sales,0.3415346
Sales,0.35500017
Testing,0.34278235
Testing,0.33966723
Testing,0.31595927
Web Designing,0.32272094
Web Designing,0.3334128
Web Designing,0.24283303
Accountant,0.3330135
Accountant,0.47569773
Accountant,0.35348025
Advocate,0.34545264
Advocate,0.43705025
Advocate,0.43275428
Agriculture,0.312275
Agriculture,0.410844
Agriculture,0.31773698
Apparel,0.42942283
Apparel,0.42979884
Apparel,0.4559505
Architecture,0.38698006
Architecture,0.30369884
Architecture,0.3868706
Arts,0.3016849
Arts,0.35678634
Arts,0.28906548
Automobile,0.36972556
Automobile,0.3944091
Automobile,0.46501675
Aviation,0.32165802
Aviation,0.28285095
Aviation,0.32823083
BPO,0.4796219
BPO,0.3378888
BPO,0.43711308
Banking,0.42311135
Banking,0.3827313
Banking,0.40196243
Blockchain,0.2533858
Blockchain,0.4506676
Blockchain,0.26767144
Building and Construction,0.47138873
Building and Construction,0.401189
Building and Construction,0.3456262
Business Analyst,0.3651553
Business Analyst,0.3916012
Business Analyst,0.37302887
Civil Engineer,0.38721776
Civil Engineer,0.24554564
Civil Engineer,0.254385
Consultant,0.26808068
Consultant,0.34987888
Consultant,0.44058523
Data Science,0.3329934
Data Science,0.42155418
Data Science,0.39571655
Database,0.3181579
Database,0.3329898
Database,0.32611015
Designing,0.2903256
Designing,0.3292552
Designing,0.38722563
DevOps,0.24445231
DevOps,0.3654491
DevOps,0.37036014
Digital Media,0.3323578
Digital Media,0.37835994
Digital Media,0.48299298
DotNet Developer,0.31640688
DotNet Developer,0.36360022
DotNet Developer,0.28839493
ETL Developer,0.30964693
ETL Developer,0.3116516
ETL Developer,0.39654627
Education,0.340562
Education,0.2790364
Education,0.28602406
Electrical Engineering,0.3627256
Electrical Engineering,0.2935867
Electrical Engineering,0.41825405
Finance,0.4477985
Finance,0.34604743
Finance,0.37393913
Food and Beverages,0.3758398
Food and Beverages,0.40125966
Food and Beverages,0.41569766
Health and Fitness,0.38562104
Health and Fitness,0.3949212
Health and Fitness,0.29899657
Human Resources,0.42464414
Human Resources,0.311277
Human Resources,0.43242523
Information Technology,0.3684864
Information Technology,0.39776716
Information Technology,0.47749177
Java Developer,0.30208775
Java Developer,0.27426156
Java Developer,0.29797325
Management,0.47988868
Management,0.32789508
Management,0.30572954
Mechanical Engineer,0.3338811
Mechanical Engineer,0.42531374
Mechanical Engineer,0.45900035
Network Security Engineer,0.2483886
Network Security Engineer,0.39990592
Network Security Engineer,0.3391138
Operations Manager,0.45645785
Operations Manager,0.45241132
Operations Manager,0.4673756
PMO,0.32647094
PMO,0.3275996
PMO,0.37282148
Public Relations,0.34583393
Public Relations,0.45147285
Public Relations,0.31460747
Python Developer,0.33585307
Python Developer,0.24098037
Python Developer,0.29639614
React Developer,0.29683474
React Developer,0.31822538
React Developer,0.4590794
SAP Developer,0.33230582
SAP Developer,0.41759205
SAP Developer,0.36808
SQL Developer,0.28353488
SQL Developer,0.375302
SQL Developer,0.35553232
Sales,0.48218217
Sales,0.43883428
Sales,0.41870412
Testing,0.31920198
Testing,0.33135077
Testing,0.3067862
Web Designing,0.30482268
Web Designing,0.31282207
Web Designing,0.32940778
Accountant,0.28078917
Accountant,0.41755104
Accountant,0.40439957
Advocate,0.38899177
Advocate,0.3463847
Advocate,0.3635696
Agriculture,0.21264896
Agriculture,0.25015393
Agriculture,0.22503033
Apparel,0.320534
Apparel,0.299201
Apparel,0.27692676
Architecture,0.25978917
Architecture,0.3076356
Architecture,0.41319942
Arts,0.22056392
Arts,0.27571446
Arts,0.17394881
Automobile,0.30163458
Automobile,0.23055506
Automobile,0.34475595
Aviation,0.3068102
Aviation,0.16539237
Aviation,0.31257057
BPO,0.3177164
BPO,0.31482247
BPO,0.35159045
Banking,0.3222054
Banking,0.2581626
Banking,0.3671801
Blockchain,0.23541608
Blockchain,0.32449147
Blockchain,0.24107492
Building and Construction,0.35052085
Building and Construction,0.30354905
Building and Construction,0.3228828
Business Analyst,0.29767227
Business Analyst,0.3231681
Business Analyst,0.33649153
Civil Engineer,0.49071988
Civil Engineer,0.23043689
Civil Engineer,0.23197289
Consultant,0.15494585
Consultant,0.28477293
Consultant,0.2959692
Data Science,0.3699568
Data Science,0.3121778
Data Science,0.29611093
Database,0.26168472
Database,0.29445028
Database,0.23522437
Designing,0.15795867
Designing,0.27384582
Designing,0.27125925
DevOps,0.257146
DevOps,0.30341464
DevOps,0.2784834
Digital Media,0.24522643
Digital Media,0.29882276
Digital Media,0.25278297
DotNet Developer,0.3004114
DotNet Developer,0.27746463
DotNet Developer,0.25873142
ETL Developer,0.2716748
ETL Developer,0.27911562
ETL Developer,0.34976128
Education,0.25355858
Education,0.20770566
Education,0.23591614
Electrical Engineering,0.2713191
Electrical Engineering,0.25883955
Electrical Engineering,0.31861097
Finance,0.33323154
Finance,0.29073405
Finance,0.33873057
Food and Beverages,0.26258937
Food and Beverages,0.28762966
Food and Beverages,0.29634675
Health and Fitness,0.22636652
Health and Fitness,0.23973271
Health and Fitness,0.22132699
Human Resources,0.37367812
Human Resources,0.24376516
Human Resources,0.36375827
Information Technology,0.3250929
Information Technology,0.29700896
Information Technology,0.3357152
Java Developer,0.2720821
Java Developer,0.23395017
Java Developer,0.26882613
Management,0.3352899
Management,0.41949233
Management,0.20776705
Mechanical Engineer,0.2565669
Mechanical Engineer,0.301094
Mechanical Engineer,0.28196773
Network Security Engineer,0.25252333
Network Security Engineer,0.29988056
Network Security Engineer,0.32058254
Operations Manager,0.28225678
Operations Manager,0.2729168
Operations Manager,0.31958908
PMO,0.25077635
PMO,0.31655845
PMO,0.27974892
Public Relations,0.28402972
Public Relations,0.3387931
Public Relations,0.23832528
Python Developer,0.22907391
Python Developer,0.22654624
Python Developer,0.25391755
React Developer,0.22627437
React Developer,0.34325832
React Developer,0.4092532
SAP Developer,0.35285202
SAP Developer,0.36212128
SAP Developer,0.3358398
SQL Developer,0.25548232
SQL Developer,0.32547635
SQL Developer,0.33276266
Sales,0.3218964
Sales,0.29913694
Sales,0.27246553
Testing,0.34497637
Testing,0.31489515
Testing,0.28319615
Web Designing,0.28635794
Web Designing,0.27171072
Web Designing,0.19717893
Accountant,0.31877536
Accountant,0.3909199
Accountant,0.33160916
Advocate,0.42973682
Advocate,0.4836751
Advocate,0.43593845
Agriculture,0.27748647
Agriculture,0.36996976
Agriculture,0.27924672
Apparel,0.3211712
Apparel,0.32102403
Apparel,0.3338971
Architecture,0.3469001
Architecture,0.26152435
Architecture,0.3613507
Arts,0.2329341
Arts,0.3603175
Arts,0.24126597
Automobile,0.3399715
Automobile,0.31012052
Automobile,0.3702123
Aviation,0.31886154
Aviation,0.24035218
Aviation,0.3409298
BPO,0.2784549
BPO,0.26171866
BPO,0.38384178
Banking,0.40440172
Banking,0.31281012
Banking,0.428867
Blockchain,0.31233832
Blockchain,0.33933222
Blockchain,0.21303831
Building and Construction,0.34781578
Building and Construction,0.34548026
Building and Construction,0.2885708
Business Analyst,0.35451257
Business Analyst,0.32701483
Business Analyst,0.30010116
Civil Engineer,0.38169032
Civil Engineer,0.22984144
Civil Engineer,0.22384124
Consultant,0.32461268
Consultant,0.31454673
Consultant,0.34652135
Data Science,0.30456334
Data Science,0.31545052
Data Science,0.37235984
Database,0.3272182
Database,0.33751193
Database,0.29380563
Designing,0.21431385
Designing,0.21857423
Designing,0.28138548
DevOps,0.23104043
DevOps,0.32317367
DevOps,0.36544636
Digital Media,0.25383246
Digital Media,0.29987293
Digital Media,0.3135162
DotNet Developer,0.27961424
DotNet Developer,0.34767702
DotNet Developer,0.31972674
ETL Developer,0.26563022
ETL Developer,0.25766215
ETL Developer,0.3570453
Education,0.3130028
Education,0.26182386
Education,0.28217348
Electrical Engineering,0.34348866
Electrical Engineering,0.25837398
Electrical Engineering,0.37164816
Finance,0.36607262
Finance,0.2986441
Finance,0.3316981
Food and Beverages,0.32472676
Food and Beverages,0.32251453
Food and Beverages,0.34271663
Health and Fitness,0.3347935
Health and Fitness,0.3984226
Health and Fitness,0.31413448
Human Resources,0.41975203
Human Resources,0.3122615
Human Resources,0.44435084
Information Technology,0.34513733
Information Technology,0.35932457
Information Technology,0.38357618
Java Developer,0.26927838
Java Developer,0.22842021
Java Developer,0.2837134
Management,0.32895046
Management,0.3163185
Management,0.26244965
Mechanical Engineer,0.27706116
Mechanical Engineer,0.3265734
Mechanical Engineer,0.33141178
Network Security Engineer,0.27371487
Network Security Engineer,0.34842938
Network Security Engineer,0.34208342
Operations Manager,0.34083992
Operations Manager,0.38856593
Operations Manager,0.38523754
PMO,0.32915694
PMO,0.33991438
PMO,0.32946983
Public Relations,0.27801278
Public Relations,0.39597294
Public Relations,0.3199657
Python Developer,0.31842703
Python Developer,0.22409634
Python Developer,0.28945675
React Developer,0.25080195
React Developer,0.28222385
React Developer,0.45400718
SAP Developer,0.3469493
SAP Developer,0.39106816
SAP Developer,0.31317836
SQL Developer,0.2897667
SQL Developer,0.35128844
SQL Developer,0.30775183
Sales,0.48517996
Sales,0.2848786
Sales,0.3559795
Testing,0.4502695
Testing,0.4495924
Testing,0.4271363
Web Designing,0.29831675
Web Designing,0.29985914
Web Designing,0.26070058
Accountant,0.35698897
Accountant,0.4734274
Accountant,0.42808712
Advocate,0.4072572
Advocate,0.42871416
Advocate,0.4465737
Agriculture,0.29933235
Agriculture,0.44930634
Agriculture,0.33251983
Apparel,0.3950958
Apparel,0.4389513
Apparel,0.40039328
Architecture,0.3535112
Architecture,0.29565254
Architecture,0.37397215
Arts,0.2835522
Arts,0.34395468
Arts,0.23552343
Automobile,0.35235846
Automobile,0.33685586
Automobile,0.40523162
Aviation,0.31316933
Aviation,0.27705953
Aviation,0.36197713
BPO,0.410518
BPO,0.4074976
BPO,0.4564432
Banking,0.42464808
Banking,0.36037695
Banking,0.44346955
Blockchain,0.26261514
Blockchain,0.43761048
Blockchain,0.26471713
Building and Construction,0.42485264
Building and Construction,0.39340848
Building and Construction,0.3383587
Business Analyst,0.46229285
Business Analyst,0.46036065
Business Analyst,0.42414606
Civil Engineer,0.3826968
Civil Engineer,0.21755926
Civil Engineer,0.25786337
Consultant,0.26371166
Consultant,0.39439222
Consultant,0.4620257
Data Science,0.35503036
Data Science,0.37230793
Data Science,0.35707957
Database,0.36427262
Database,0.36762366
Database,0.37042853
Designing,0.23190251
Designing,0.32208937
Designing,0.3559195
DevOps,0.27635452
DevOps,0.39012426
DevOps,0.41692954
Digital Media,0.27797934
Digital Media,0.40905902
Digital Media,0.40287593
DotNet Developer,0.39041275
DotNet Developer,0.34958172
DotNet Developer,0.34402812
ETL Developer,0.34481758
ETL Developer,0.37377173
ETL Developer,0.42418876
Education,0.3200892
Education,0.26994622
Education,0.24787024
Electrical Engineering,0.36587673
Electrical Engineering,0.2731163
Electrical Engineering,0.41119686
Finance,0.4593029
Finance,0.40255854
Finance,0.4246801
Food and Beverages,0.33970878
Food and Beverages,0.3996417
Food and Beverages,0.3688191
Health and Fitness,0.33870932
Health and Fitness,0.3848241
Health and Fitness,0.29293686
Human Resources,0.45795968
Human Resources,0.33508632
Human Resources,0.44279715
Information Technology,0.41673082
Information Technology,0.4459483
Information Technology,0.43758377
Java Developer,0.36476958
Java Developer,0.28880218
Java Developer,0.34771824
Management,0.44179636
Management,0.39563602
Management,0.33181116
Mechanical Engineer,0.31562507
Mechanical Engineer,0.37085268
Mechanical Engineer,0.3744194
Network Security Engineer,0.2953962
Network Security Engineer,0.37293467
Network Security Engineer,0.3833071
Operations Manager,0.4205793
Operations Manager,0.42883137
Operations Manager,0.49390852
PMO,0.38379815
PMO,0.410764
PMO,0.41830227
Public Relations,0.34767452
Public Relations,0.41797712
Public Relations,0.28186333
Python Developer,0.31327832
Python Developer,0.27146405
Python Developer,0.33064416
React Developer,0.35022926
React Developer,0.37336352
React Developer,0.48909003
SAP Developer,0.37403646
SAP Developer,0.4615719
SAP Developer,0.42399147
SQL Developer,0.31096834
SQL Developer,0.4035128
SQL Developer,0.3866862
Sales,0.42168555
Sales,0.44488394
Sales,0.42555144
Testing,0.338
Testing,0.30319673
Testing,0.28921792
Web Designing,0.35865518
Web Designing,0.3702367
Web Designing,0.28519213
Accountant,0.37740627
Accountant,0.44072297
Accountant,0.4133696
Advocate,0.3605883
Advocate,0.43197426
Advocate,0.3562202
Agriculture,0.34691155
Agriculture,0.45745397
Agriculture,0.32012963
Apparel,0.37297344
Apparel,0.41252905
Apparel,0.382529
Architecture,0.37207842
Architecture,0.3357457
Architecture,0.367205
Arts,0.2856878
Arts,0.36288318
Arts,0.25781372
Automobile,0.3283544
Automobile,0.3404684
Automobile,0.413006
Aviation,0.39817235
Aviation,0.31573582
Aviation,0.38183236
BPO,0.33499485
BPO,0.42428616
BPO,0.4437588
Banking,0.37421292
Banking,0.31967467
Banking,0.42946365
Blockchain,0.32198998
Blockchain,0.36364388
Blockchain,0.3213256
Building and Construction,0.40460947
Building and Construction,0.40708363
Building and Construction,0.38099307
Business Analyst,0.46854138
Business Analyst,0.41828185
Business Analyst,0.41136628
Civil Engineer,0.40989903
Civil Engineer,0.29400012
Civil Engineer,0.34855682
Consultant,0.2395125
Consultant,0.41093892
Consultant,0.4264554
Data Science,0.32644457
Data Science,0.3573835
Data Science,0.3664762
Database,0.3934269
Database,0.39146805
Database,0.37147155
Designing,0.26925316
Designing,0.23897518
Designing,0.37456423
DevOps,0.357445
DevOps,0.44285503
DevOps,0.42825755
Digital Media,0.31077358
Digital Media,0.4285776
Digital Media,0.3945875
DotNet Developer,0.42755795
DotNet Developer,0.36451608
DotNet Developer,0.45196816
ETL Developer,0.33139613
ETL Developer,0.35764822
ETL Developer,0.42594135
Education,0.3186584
Education,0.2730466
Education,0.2804755
Electrical Engineering,0.41598237
Electrical Engineering,0.32378057
Electrical Engineering,0.43082213
Finance,0.4170798
Finance,0.39338574
Finance,0.43911564
Food and Beverages,0.33685446
Food and Beverages,0.37931365
Food and Beverages,0.3851858
Health and Fitness,0.31546897
Health and Fitness,0.35101014
Health and Fitness,0.3050732
Human Resources,0.4570912
Human Resources,0.3706533
Human Resources,0.3957301
Information Technology,0.4369908
Information Technology,0.43521428
Information Technology,0.4032208
Java Developer,0.39650816
Java Developer,0.3265614
Java Developer,0.41205633
Management,0.386148
Management,0.357724
Management,0.3978716
Mechanical Engineer,0.35400206
Mechanical Engineer,0.39526102
Mechanical Engineer,0.39440945
Network Security Engineer,0.32592797
Network Security Engineer,0.41615757
Network Security Engineer,0.4199835
Operations Manager,0.38265184
Operations Manager,0.43466848
Operations Manager,0.4738108
PMO,0.4528544
PMO,0.43880922
PMO,0.44390124
Public Relations,0.36969662
Public Relations,0.4129812
Public Relations,0.29795122
Python Developer,0.38149697
Python Developer,0.36947304
Python Developer,0.41889384
React Developer,0.34439975
React Developer,0.41464365
React Developer,0.4387747
SAP Developer,0.3677913
SAP Developer,0.45721906
SAP Developer,0.3962366
SQL Developer,0.36581933
SQL Developer,0.40695938
SQL Developer,0.37798396
Sales,0.39949813
Sales,0.34848195
Sales,0.39139068
Testing,0.34177572
Testing,0.26959407
Testing,0.28966704
Web Designing,0.44006884
Web Designing,0.4032377
Web Designing,0.28958637
Accountant,0.32716596
Accountant,0.48881313
Accountant,0.35499227
Advocate,0.3663261
Advocate,0.44847846
Advocate,0.3960209
Agriculture,0.29504496
Agriculture,0.41563964
Agriculture,0.3204342
Apparel,0.41449165
Apparel,0.42320082
Apparel,0.45067805
Architecture,0.3850599
Architecture,0.2710155
Architecture,0.35442257
Arts,0.28240022
Arts,0.32021278
Arts,0.24612637
Automobile,0.37891877
Automobile,0.3824775
Automobile,0.42520177
Aviation,0.31762546
Aviation,0.29157394
Aviation,0.35166118
BPO,0.48068136
BPO,0.38000515
BPO,0.46691868
Banking,0.4251482
Banking,0.3891896
Banking,0.38828278
Blockchain,0.2778348
Blockchain,0.45699424
Blockchain,0.30675194
Building and Construction,0.4605144
Building and Construction,0.39258328
Building and Construction,0.3469703
Business Analyst,0.39594552
Business Analyst,0.42421803
Business Analyst,0.38709283
Civil Engineer,0.38471845
Civil Engineer,0.2210642
Civil Engineer,0.23642686
Consultant,0.24514481
Consultant,0.40647107
Consultant,0.43245742
Data Science,0.32635257
Data Science,0.41126397
Data Science,0.36095673
Database,0.35375237
Database,0.3651234
Database,0.3228397
Designing,0.28643054
Designing,0.29894507
Designing,0.3668669
DevOps,0.26127926
DevOps,0.3822987
DevOps,0.392738
Digital Media,0.31212524
Digital Media,0.39200816
Digital Media,0.46942577
DotNet Developer,0.37207675
DotNet Developer,0.37980443
DotNet Developer,0.33079895
ETL Developer,0.34770122
ETL Developer,0.31190377
ETL Developer,0.40891802
Education,0.3305025
Education,0.28203356
Education,0.28202394
Electrical Engineering,0.37062505
Electrical Engineering,0.2834912
Electrical Engineering,0.41039485
Finance,0.4346798
Finance,0.3781952
Finance,0.36977792
Food and Beverages,0.37719062
Food and Beverages,0.37924963
Food and Beverages,0.3982483
Health and Fitness,0.37752858
Health and Fitness,0.39933592
Health and Fitness,0.30818772
Human Resources,0.41586784
Human Resources,0.3132576
Human Resources,0.41095975
Information Technology,0.39356792
Information Technology,0.4306064
Information Technology,0.4908111
Java Developer,0.33489206
Java Developer,0.2969716
Java Developer,0.32935676
Management,0.4766004
Management,0.32273045
Management,0.32221282
Mechanical Engineer,0.32271594
Mechanical Engineer,0.4148744
Mechanical Engineer,0.447893
Network Security Engineer,0.3148149
Network Security Engineer,0.45496735
Network Security Engineer,0.39548147
Operations Manager,0.46088976
Operations Manager,0.46562555
Operations Manager,0.4817824
PMO,0.33770207
PMO,0.34517816
PMO,0.4518923
Public Relations,0.34181684
Public Relations,0.44868433
Public Relations,0.28060958
Python Developer,0.3756864
Python Developer,0.2559672
Python Developer,0.3139837
React Developer,0.35326558
React Developer,0.34736526
React Developer,0.43896756
SAP Developer,0.34726223
SAP Developer,0.42308375
SAP Developer,0.4178441
SQL Developer,0.309914
SQL Developer,0.39479253
SQL Developer,0.35918972
Sales,0.47475058
Sales,0.44866884
Sales,0.43339884
Testing,0.30240726
Testing,0.29682985
Testing,0.2770778
Web Designing,0.35510656
Web Designing,0.3479883
Web Designing,0.3491508
Accountant,0.37941283
Accountant,0.4829796
Accountant,0.42106396
Advocate,0.37368903
Advocate,0.4584991
Advocate,0.40509263
Agriculture,0.3309618
Agriculture,0.40482864
Agriculture,0.35110188
Apparel,0.38611832
Apparel,0.40984756
Apparel,0.4178032
Architecture,0.39560637
Architecture,0.30763215
Architecture,0.37958208
Arts,0.28093824
Arts,0.31996864
Arts,0.23975936
Automobile,0.3851174
Automobile,0.380844
Automobile,0.4028434
Aviation,0.3558306
Aviation,0.28139696
Aviation,0.3588187
BPO,0.41907042
BPO,0.43724546
BPO,0.44312826
Banking,0.42111892
Banking,0.37474266
Banking,0.41916427
Blockchain,0.3266894
Blockchain,0.44697347
Blockchain,0.29393116
Building and Construction,0.42454225
Building and Construction,0.37200332
Building and Construction,0.35382012
Business Analyst,0.4176058
Business Analyst,0.4201227
Business Analyst,0.37216824
Civil Engineer,0.40315256
Civil Engineer,0.25082868
Civil Engineer,0.2623505
Consultant,0.2514364
Consultant,0.39650303
Consultant,0.4877867
Data Science,0.31432432
Data Science,0.40348163
Data Science,0.3795566
Database,0.3839081
Database,0.35882717
Database,0.38342354
Designing,0.2373831
Designing,0.32403412
Designing,0.36771256
DevOps,0.30231172
DevOps,0.37805587
DevOps,0.3841535
Digital Media,0.30020407
Digital Media,0.40890676
Digital Media,0.4095888
DotNet Developer,0.34719938
DotNet Developer,0.371174
DotNet Developer,0.34394518
ETL Developer,0.35050154
ETL Developer,0.3389004
ETL Developer,0.39821404
Education,0.31181598
Education,0.2689265
Education,0.2688103
Electrical Engineering,0.37962928
Electrical Engineering,0.30650726
Electrical Engineering,0.40409058
Finance,0.42356443
Finance,0.4108247
Finance,0.40507928
Food and Beverages,0.3578928
Food and Beverages,0.39776012
Food and Beverages,0.38732076
Health and Fitness,0.3778175
Health and Fitness,0.39047927
Health and Fitness,0.31912088
Human Resources,0.43702537
Human Resources,0.34603482
Human Resources,0.44918984
Information Technology,0.41078296
Information Technology,0.4303975
Information Technology,0.4343819
Java Developer,0.3408168
Java Developer,0.26931414
Java Developer,0.32174724
Management,0.42131668
Management,0.36538967
Management,0.3271151
Mechanical Engineer,0.3252365
Mechanical Engineer,0.36969486
Mechanical Engineer,0.41551417
Network Security Engineer,0.309969
Network Security Engineer,0.40240282
Network Security Engineer,0.39847678
Operations Manager,0.44941816
Operations Manager,0.43542534
Operations Manager,0.4668491
PMO,0.3745583
PMO,0.36188844
PMO,0.41005176
Public Relations,0.3625447
Public Relations,0.4275425
Public Relations,0.27748188
Python Developer,0.37133092
Python Developer,0.27140468
Python Developer,0.32755178
React Developer,0.3251248
React Developer,0.34762746
React Developer,0.44313747
SAP Developer,0.37185305
SAP Developer,0.4154066
SAP Developer,0.39958704
SQL Developer,0.31328535
SQL Developer,0.38328916
SQL Developer,0.39980382
Sales,0.4476388
Sales,0.45199123
Sales,0.44853458
Testing,0.34193152
Testing,0.31850305
Testing,0.31110334
Web Designing,0.34728777
Web Designing,0.32953233
Web Designing,0.31797963
Accountant,0.36646086
Accountant,0.38524935
Accountant,0.33758032
Advocate,0.3229973
Advocate,0.3341692
Advocate,0.28580678
Agriculture,0.27882376
Agriculture,0.31677926
Agriculture,0.3047579
Apparel,0.3006773
Apparel,0.35977402
Apparel,0.35456705
Architecture,0.33581936
Architecture,0.45711502
Architecture,0.3605498
Arts,0.3457874
Arts,0.39205325
Arts,0.45778158
Automobile,0.3104944
Automobile,0.28792253
Automobile,0.31374156
Aviation,0.34165007
Aviation,0.2997446
Aviation,0.33746454
BPO,0.33080578
BPO,0.31114203
BPO,0.33769867
Banking,0.3442195
Banking,0.3895532
Banking,0.377206
Blockchain,0.29882804
Blockchain,0.3272055
Blockchain,0.26846427
Building and Construction,0.3403162
Building and Construction,0.31471103
Building and Construction,0.36628655
Business Analyst,0.31355903
Business Analyst,0.36074218
Business Analyst,0.2566924
Civil Engineer,0.33616003
Civil Engineer,0.42344236
Civil Engineer,0.30997267
Consultant,0.24788189
Consultant,0.256086
Consultant,0.3553514
Data Science,0.31851852
Data Science,0.34366682
Data Science,0.34646547
Database,0.30497608
Database,0.31587446
Database,0.36727548
Designing,0.2543323
Designing,0.28044862
Designing,0.3606793
DevOps,0.27106965
DevOps,0.30494004
DevOps,0.339054
Digital Media,0.33676136
Digital Media,0.38542232
Digital Media,0.35799477
DotNet Developer,0.2931487
DotNet Developer,0.3093404
DotNet Developer,0.30754933
ETL Developer,0.25066343
ETL Developer,0.25803772
ETL Developer,0.2869321
Education,0.3168762
Education,0.34752858
Education,0.36948293
Electrical Engineering,0.3549761
Electrical Engineering,0.29634368
Electrical Engineering,0.30380654
Finance,0.3756885
Finance,0.30308875
Finance,0.3388577
Food and Beverages,0.30342895
Food and Beverages,0.33679616
Food and Beverages,0.38523448
Health and Fitness,0.33961242
Health and Fitness,0.34840977
Health and Fitness,0.28847575
Human Resources,0.3808926
Human Resources,0.3430339
Human Resources,0.31976464
Information Technology,0.32787526
Information Technology,0.3414356
Information Technology,0.36550063
Java Developer,0.33062467
Java Developer,0.27225474
Java Developer,0.32689148
Management,0.31126884
Management,0.26068485
Management,0.3411983
Mechanical Engineer,0.35015067
Mechanical Engineer,0.35349962
Mechanical Engineer,0.36103055
Network Security Engineer,0.28016365
Network Security Engineer,0.32753932
Network Security Engineer,0.30004844
Operations Manager,0.3276105
Operations Manager,0.37473166
Operations Manager,0.331873
PMO,0.27921903
PMO,0.36186063
PMO,0.3338846
Public Relations,0.34079984
Public Relations,0.3867448
Public Relations,0.38035512
Python Developer,0.32712263
Python Developer,0.24742849
Python Developer,0.31546995
React Developer,0.28395477
React Developer,0.30130666
React Developer,0.34718883
SAP Developer,0.30193052
SAP Developer,0.36963287
SAP Developer,0.35985792
SQL Developer,0.31773525
SQL Developer,0.36463022
SQL Developer,0.31660685
Sales,0.3179376
Sales,0.34614384
Sales,0.33154547
Testing,0.2641256
Testing,0.24249864
Testing,0.22545682
Web Designing,0.3255626
Web Designing,0.3134637
Web Designing,0.39972067
Accountant,0.32892972
Accountant,0.43857914
Accountant,0.37704992
Advocate,0.33153063
Advocate,0.38559803
Advocate,0.33009374
Agriculture,0.27093872
Agriculture,0.34298036
Agriculture,0.30386457
Apparel,0.35516113
Apparel,0.3555583
Apparel,0.37953705
Architecture,0.29264468
Architecture,0.26327744
Architecture,0.33242503
Arts,0.24497278
Arts,0.28397337
Arts,0.21840309
Automobile,0.32882935
Automobile,0.3234008
Automobile,0.36732376
Aviation,0.30053994
Aviation,0.2644089
Aviation,0.31271783
BPO,0.37691084
BPO,0.2962089
BPO,0.3803693
Banking,0.4108004
Banking,0.35384294
Banking,0.3723043
Blockchain,0.2768244
Blockchain,0.37937316
Blockchain,0.2481762
Building and Construction,0.36773577
Building and Construction,0.34152564
Building and Construction,0.31119463
Business Analyst,0.33400866
Business Analyst,0.34323987
Business Analyst,0.28684664
Civil Engineer,0.32732883
Civil Engineer,0.24331717
Civil Engineer,0.25036588
Consultant,0.24553166
Consultant,0.314466
Consultant,0.40406993
Data Science,0.2640086
Data Science,0.34226963
Data Science,0.3399991
Database,0.31695667
Database,0.2956432
Database,0.31749213
Designing,0.22753623
Designing,0.24312745
Designing,0.32015243
DevOps,0.28339517
DevOps,0.33072084
DevOps,0.31575918
Digital Media,0.2596267
Digital Media,0.3249198
Digital Media,0.3732954
DotNet Developer,0.2790105
DotNet Developer,0.30797723
DotNet Developer,0.2900603
ETL Developer,0.27252832
ETL Developer,0.28933123
ETL Developer,0.32158253
Education,0.24082804
Education,0.2102488
Education,0.2567199
Electrical Engineering,0.31910947
Electrical Engineering,0.26999727
Electrical Engineering,0.34987512
Finance,0.37426808
Finance,0.3342474
Finance,0.31293622
Food and Beverages,0.2823977
Food and Beverages,0.339881
Food and Beverages,0.32794982
Health and Fitness,0.29610717
Health and Fitness,0.33209455
Health and Fitness,0.2767156
Human Resources,0.37535396
Human Resources,0.3295819
Human Resources,0.36293387
Information Technology,0.31426618
Information Technology,0.35196212
Information Technology,0.37974918
Java Developer,0.27706456
Java Developer,0.21942963
Java Developer,0.27415374
Management,0.3740438
Management,0.30022335
Management,0.3248793
Mechanical Engineer,0.2860313
Mechanical Engineer,0.32055146
Mechanical Engineer,0.3595255
Network Security Engineer,0.25436857
Network Security Engineer,0.3092034
Network Security Engineer,0.33208263
Operations Manager,0.37390766
Operations Manager,0.3910451
Operations Manager,0.39484513
PMO,0.2749112
PMO,0.29243383
PMO,0.3507953
Public Relations,0.3231497
Public Relations,0.37792155
Public Relations,0.2747896
Python Developer,0.34386873
Python Developer,0.20205636
Python Developer,0.31669566
React Developer,0.267925
React Developer,0.2764171
React Developer,0.39604446
SAP Developer,0.31020388
SAP Developer,0.37194166
SAP Developer,0.34443545
SQL Developer,0.2682041
SQL Developer,0.34568197
SQL Developer,0.31040877
Sales,0.37553355
Sales,0.37992302
Sales,0.37764588
Testing,0.27613047
Testing,0.269791
Testing,0.26565418
Web Designing,0.28887424
Web Designing,0.26502252
Web Designing,0.2667847
Accountant,0.39360425
Accountant,0.46749583
Accountant,0.39788833
Advocate,0.34758416
Advocate,0.4242314
Advocate,0.40217364
Agriculture,0.29013273
Agriculture,0.37921104
Agriculture,0.25926635
Apparel,0.363202
Apparel,0.3672934
Apparel,0.3817719
Architecture,0.3399439
Architecture,0.2521077
Architecture,0.35582292
Arts,0.23870952
Arts,0.3285552
Arts,0.2288297
Automobile,0.34574008
Automobile,0.3288411
Automobile,0.41846052
Aviation,0.34108722
Aviation,0.28565916
Aviation,0.35196123
BPO,0.3378905
BPO,0.31578985
BPO,0.40402827
Banking,0.4547228
Banking,0.37905458
Banking,0.45187163
Blockchain,0.28553715
Blockchain,0.41074076
Blockchain,0.2791662
Building and Construction,0.40204343
Building and Construction,0.40165797
Building and Construction,0.31372383
Business Analyst,0.40745223
Business Analyst,0.36073104
Business Analyst,0.33524075
Civil Engineer,0.43766752
Civil Engineer,0.24141721
Civil Engineer,0.23975909
Consultant,0.23751897
Consultant,0.34589025
Consultant,0.39406458
Data Science,0.32200584
Data Science,0.34579396
Data Science,0.37123585
Database,0.3467616
Database,0.3354924
Database,0.31315643
Designing,0.23364954
Designing,0.26423112
Designing,0.34687868
DevOps,0.25095296
DevOps,0.3612976
DevOps,0.36621478
Digital Media,0.2625452
Digital Media,0.31875598
Digital Media,0.37862813
DotNet Developer,0.30744615
DotNet Developer,0.31863257
DotNet Developer,0.3173871
ETL Developer,0.30538094
ETL Developer,0.29739425
ETL Developer,0.36396894
Education,0.2994572
Education,0.25277975
Education,0.25840545
Electrical Engineering,0.3624175
Electrical Engineering,0.2865356
Electrical Engineering,0.38926473
Finance,0.44577542
Finance,0.35870847
Finance,0.38305688
Food and Beverages,0.35391256
Food and Beverages,0.3627021
Food and Beverages,0.37942514
Health and Fitness,0.346701
Health and Fitness,0.3618773
Health and Fitness,0.28900945
Human Resources,0.43579116
Human Resources,0.31476665
Human Resources,0.44274974
Information Technology,0.37195468
Information Technology,0.38057986
Information Technology,0.40406147
Java Developer,0.29728368
Java Developer,0.28082547
Java Developer,0.2913729
Management,0.4260799
Management,0.33791152
Management,0.2887919
Mechanical Engineer,0.2870767
Mechanical Engineer,0.35719815
Mechanical Engineer,0.36563078
Network Security Engineer,0.27823517
Network Security Engineer,0.37076473
Network Security Engineer,0.35492042
Operations Manager,0.38720024
Operations Manager,0.43083262
Operations Manager,0.43247113
PMO,0.32909882
PMO,0.34318396
PMO,0.37392962
Public Relations,0.27982858
Public Relations,0.46255103
Public Relations,0.25692692
Python Developer,0.33107886
Python Developer,0.22815265
Python Developer,0.2855133
React Developer,0.26363227
React Developer,0.3116633
React Developer,0.4445807
SAP Developer,0.3348504
SAP Developer,0.39183083
SAP Developer,0.36554885
SQL Developer,0.30267516
SQL Developer,0.36741146
SQL Developer,0.36403704
Sales,0.4521451
Sales,0.34239176
Sales,0.35973296
Testing,0.33564916
Testing,0.33675805
Testing,0.3251742
Web Designing,0.3174705
Web Designing,0.3068883
Web Designing,0.25197878
Accountant,0.26994944
Accountant,0.40516084
Accountant,0.2951013
Advocate,0.3163626
Advocate,0.39295188
Advocate,0.36612663
Agriculture,0.25795838
Agriculture,0.35849005
Agriculture,0.29051465
Apparel,0.3915453
Apparel,0.41483486
Apparel,0.43901575
Architecture,0.34596804
Architecture,0.24788903
Architecture,0.31536895
Arts,0.26975584
Arts,0.29572162
Arts,0.28222483
Automobile,0.30684683
Automobile,0.3258442
Automobile,0.38138428
Aviation,0.3016004
Aviation,0.25912076
Aviation,0.30539274
BPO,0.40645823
BPO,0.30523983
BPO,0.36160916
Banking,0.36302015
Banking,0.35156244
Banking,0.3377892
Blockchain,0.22056307
Blockchain,0.39594838
Blockchain,0.232512
Building and Construction,0.41993552
Building and Construction,0.3484766
Building and Construction,0.28414828
Business Analyst,0.3165401
Business Analyst,0.3459308
Business Analyst,0.3195703
Civil Engineer,0.31248868
Civil Engineer,0.2024303
Civil Engineer,0.20791726
Consultant,0.23257723
Consultant,0.30455214
Consultant,0.41155535
Data Science,0.40230268
Data Science,0.38611162
Data Science,0.32525522
Database,0.30115944
Database,0.2829242
Database,0.2625752
Designing,0.29222816
Designing,0.28060362
Designing,0.34461161
DevOps,0.21074834
DevOps,0.31389806
DevOps,0.3295397
Digital Media,0.27714807
Digital Media,0.36554104
Digital Media,0.41840369
DotNet Developer,0.2904841
DotNet Developer,0.28620884
DotNet Developer,0.2805882
ETL Developer,0.33044752
ETL Developer,0.2657283
ETL Developer,0.35836795
Education,0.2811199
Education,0.24887776
Education,0.24978705
Electrical Engineering,0.32121512
Electrical Engineering,0.22618975
Electrical Engineering,0.36900756
Finance,0.38501543
Finance,0.3518081
Finance,0.32963124
Food and Beverages,0.33019063
Food and Beverages,0.36025167
Food and Beverages,0.36214414
Health and Fitness,0.3838544
Health and Fitness,0.4033824
Health and Fitness,0.3236005
Human Resources,0.37481812
Human Resources,0.29721034
Human Resources,0.3980153
Information Technology,0.31516448
Information Technology,0.3412136
Information Technology,0.4475662
Java Developer,0.256789
Java Developer,0.24097024
Java Developer,0.26713207
Management,0.48095015
Management,0.28452498
Management,0.31205305
Mechanical Engineer,0.28291762
Mechanical Engineer,0.35869154
Mechanical Engineer,0.36051312
Network Security Engineer,0.20820796
Network Security Engineer,0.35165262
Network Security Engineer,0.3034108
Operations Manager,0.3761362
Operations Manager,0.41847116
Operations Manager,0.42544731
PMO,0.2930578
PMO,0.30964848
PMO,0.36417392
Public Relations,0.3189832
Public Relations,0.39531946
Public Relations,0.2999599
Python Developer,0.31037804
Python Developer,0.18537857
Python Developer,0.27512035
React Developer,0.31834936
React Developer,0.2707984
React Developer,0.38874167
SAP Developer,0.26581845
SAP Developer,0.34504488
SAP Developer,0.34093177
SQL Developer,0.25424019
SQL Developer,0.32611513
SQL Developer,0.33739075
Sales,0.42165267
Sales,0.39713597
Sales,0.39521047
Testing,0.2529062
Testing,0.2412166
Testing,0.24706982
Web Designing,0.30759326
Web Designing,0.2609714
Web Designing,0.29477915
Accountant,0.309216
Accountant,0.4078163
Accountant,0.35088554
Advocate,0.3059611
Advocate,0.39475754
Advocate,0.324632
Agriculture,0.30500048
Agriculture,0.40178776
Agriculture,0.25029945
Apparel,0.31321418
Apparel,0.35771796
Apparel,0.3584809
Architecture,0.40806067
Architecture,0.2899605
Architecture,0.32829154
Arts,0.2508198
Arts,0.3538096
Arts,0.20958193
Automobile,0.33193028
Automobile,0.31949565
Automobile,0.37413338
Aviation,0.3276675
Aviation,0.32484955
Aviation,0.3465401
BPO,0.31324923
BPO,0.37170565
BPO,0.41875148
Banking,0.32935706
Banking,0.29095718
Banking,0.34923446
Blockchain,0.34007335
Blockchain,0.4131731
Blockchain,0.3410583
Building and Construction,0.40721753
Building and Construction,0.4176384
Building and Construction,0.31255916
Business Analyst,0.42956254
Business Analyst,0.3716176
Business Analyst,0.38933226
Civil Engineer,0.3575728
Civil Engineer,0.22382715
Civil Engineer,0.27793464
Consultant,0.17612772
Consultant,0.4737981
Consultant,0.4012077
Data Science,0.28964502
Data Science,0.33223286
Data Science,0.3585464
Database,0.3998638
Database,0.4805381
Database,0.37747407
Designing,0.22311789
Designing,0.21437453
Designing,0.3050121
DevOps,0.36780798
DevOps,0.3885463
DevOps,0.4480941
Digital Media,0.25144076
Digital Media,0.35322228
Digital Media,0.34139842
DotNet Developer,0.38052696
DotNet Developer,0.3515372
DotNet Developer,0.38643676
ETL Developer,0.35280332
ETL Developer,0.28589976
ETL Developer,0.41975918
Education,0.2876465
Education,0.22840406
Education,0.23492855
Electrical Engineering,0.40701976
Electrical Engineering,0.3374555
Electrical Engineering,0.41696122
Finance,0.35920656
Finance,0.30479804
Finance,0.3785139
Food and Beverages,0.3185677
Food and Beverages,0.32773632
Food and Beverages,0.3580875
Health and Fitness,0.28631574
Health and Fitness,0.33730057
Health and Fitness,0.25216207
Human Resources,0.38986763
Human Resources,0.28905442
Human Resources,0.3826964
Information Technology,0.43713966
Information Technology,0.4387787
Information Technology,0.47163188
Java Developer,0.3917269
Java Developer,0.36511377
Java Developer,0.36800063
Management,0.35137364
Management,0.32126334
Management,0.32146758
Mechanical Engineer,0.32817012
Mechanical Engineer,0.3766422
Mechanical Engineer,0.40458816
Network Security Engineer,0.35986495
Network Security Engineer,0.4665391
Network Security Engineer,0.43483317
Operations Manager,0.34530282
Operations Manager,0.37700084
Operations Manager,0.39990178
PMO,0.36799374
PMO,0.39162284
PMO,0.41090092
Public Relations,0.30012068
Public Relations,0.40669277
Public Relations,0.26772323
Python Developer,0.38917506
Python Developer,0.31174484
Python Developer,0.43775803
React Developer,0.345315
React Developer,0.3823598
React Developer,0.39849594
SAP Developer,0.39269817
SAP Developer,0.44830415
SAP Developer,0.40255234
SQL Developer,0.35753593
SQL Developer,0.42282036
SQL Developer,0.40097958
Sales,0.3798597
Sales,0.32843864
Sales,0.2916269
Testing,0.2946819
Testing,0.2869279
Testing,0.27376172
Web Designing,0.42426643
Web Designing,0.38977206
Web Designing,0.22236863
Accountant,0.33777547
Accountant,0.4482206
Accountant,0.43848538
Advocate,0.407614
Advocate,0.4326854
Advocate,0.3593746
Agriculture,0.23141284
Agriculture,0.3451767
Agriculture,0.26250353
Apparel,0.39917007
Apparel,0.3645378
Apparel,0.3462613
Architecture,0.2947811
Architecture,0.385324
Architecture,0.40681028
Arts,0.28134146
Arts,0.31165078
Arts,0.19106185
Automobile,0.3739926
Automobile,0.3037397
Automobile,0.4122765
Aviation,0.30014917
Aviation,0.28995633
Aviation,0.31755093
BPO,0.34496844
BPO,0.29646477
BPO,0.37117496
Banking,0.41669938
Banking,0.27407303
Banking,0.40422162
Blockchain,0.24358691
Blockchain,0.31659415
Blockchain,0.23312889
Building and Construction,0.35797843
Building and Construction,0.3755618
Building and Construction,0.37269756
Business Analyst,0.36676836
Business Analyst,0.32841936
Business Analyst,0.35871568
Civil Engineer,0.44538972
Civil Engineer,0.27322015
Civil Engineer,0.29351994
Consultant,0.16438861
Consultant,0.30702373
Consultant,0.3567599
Data Science,0.33348095
Data Science,0.32368833
Data Science,0.3260673
Database,0.35571608
Database,0.3061962
Database,0.2613025
Designing,0.15919696
Designing,0.2738104
Designing,0.30123508
DevOps,0.25365594
DevOps,0.33900082
DevOps,0.34455642
Digital Media,0.2990956
Digital Media,0.32136306
Digital Media,0.2532718
DotNet Developer,0.30692282
DotNet Developer,0.28394786
DotNet Developer,0.28053138
ETL Developer,0.24965586
ETL Developer,0.2716097
ETL Developer,0.35867664
Education,0.28579834
Education,0.26842877
Education,0.2633097
Electrical Engineering,0.3486843
Electrical Engineering,0.29513636
Electrical Engineering,0.38395205
Finance,0.41380143
Finance,0.3005876
Finance,0.35374394
Food and Beverages,0.3338621
Food and Beverages,0.29941192
Food and Beverages,0.32459897
Health and Fitness,0.23858677
Health and Fitness,0.30223837
Health and Fitness,0.30009067
Human Resources,0.46698654
Human Resources,0.32684836
Human Resources,0.3887556
Information Technology,0.34958515
Information Technology,0.31879094
Information Technology,0.37592676
Java Developer,0.26437113
Java Developer,0.25139275
Java Developer,0.2638376
Management,0.3444866
Management,0.39385363
Management,0.25847283
Mechanical Engineer,0.30707893
Mechanical Engineer,0.35635856
Mechanical Engineer,0.33183146
Network Security Engineer,0.2281875
Network Security Engineer,0.29276398
Network Security Engineer,0.342031
Operations Manager,0.3529793
Operations Manager,0.3787466
Operations Manager,0.38800836
PMO,0.29054165
PMO,0.346277
PMO,0.3254664
Public Relations,0.24504004
Public Relations,0.39051887
Public Relations,0.2512276
Python Developer,0.2795259
Python Developer,0.24793811
Python Developer,0.27524823
React Developer,0.25639704
React Developer,0.31667313
React Developer,0.4238702
SAP Developer,0.361999
SAP Developer,0.3608419
SAP Developer,0.35485363
SQL Developer,0.28029433
SQL Developer,0.3108846
SQL Developer,0.3430589
Sales,0.39056322
Sales,0.29284272
Sales,0.30664617
Testing,0.34663796
Testing,0.35043433
Testing,0.29327667
Web Designing,0.34363207
Web Designing,0.30791008
Web Designing,0.2241624
Accountant,0.33639684
Accountant,0.3926657
Accountant,0.33175877
Advocate,0.44075742
Advocate,0.45610932
Advocate,0.44437316
Agriculture,0.3050869
Agriculture,0.38183773
Agriculture,0.30306995
Apparel,0.34664842
Apparel,0.31241563
Apparel,0.3253524
Architecture,0.31238273
Architecture,0.28220117
Architecture,0.37546355
Arts,0.23457922
Arts,0.40461802
Arts,0.28087434
Automobile,0.32412177
Automobile,0.30319747
Automobile,0.3920625
Aviation,0.3374865
Aviation,0.2539122
Aviation,0.35408264
BPO,0.24609058
BPO,0.2666174
BPO,0.38788167
Banking,0.37720907
Banking,0.29583988
Banking,0.44033527
Blockchain,0.24371137
Blockchain,0.32602093
Blockchain,0.19146359
Building and Construction,0.37068322
Building and Construction,0.36853236
Building and Construction,0.3107434
Business Analyst,0.33079463
Business Analyst,0.30772373
Business Analyst,0.29051554
Civil Engineer,0.39075765
Civil Engineer,0.29174316
Civil Engineer,0.2553211
Consultant,0.3800771
Consultant,0.26898456
Consultant,0.34534508
Data Science,0.35822564
Data Science,0.3665783
Data Science,0.37405503
Database,0.3379964
Database,0.34251893
Database,0.30913085
Designing,0.18759368
Designing,0.19168644
Designing,0.2671934
DevOps,0.22868744
DevOps,0.30912694
DevOps,0.33982906
Digital Media,0.25535956
Digital Media,0.29193678
Digital Media,0.28773516
DotNet Developer,0.27031693
DotNet Developer,0.31910503
DotNet Developer,0.32235906
ETL Developer,0.24813871
ETL Developer,0.26095915
ETL Developer,0.3478468
Education,0.34789735
Education,0.29521084
Education,0.27488393
Electrical Engineering,0.3677876
Electrical Engineering,0.28839964
Electrical Engineering,0.39980146
Finance,0.3819693
Finance,0.30584243
Finance,0.3460724
Food and Beverages,0.33301368
Food and Beverages,0.30751237
Food and Beverages,0.30929527
Health and Fitness,0.34626493
Health and Fitness,0.42194653
Health and Fitness,0.33737174
Human Resources,0.3907354
Human Resources,0.3211783
Human Resources,0.43612233
Information Technology,0.32988474
Information Technology,0.35131875
Information Technology,0.35013968
Java Developer,0.28010154
Java Developer,0.24969651
Java Developer,0.291316
Management,0.35113084
Management,0.3339731
Management,0.26134002
Mechanical Engineer,0.288085
Mechanical Engineer,0.3361957
Mechanical Engineer,0.34619877
Network Security Engineer,0.24713965
Network Security Engineer,0.34577644
Network Security Engineer,0.35477585
Operations Manager,0.35515678
Operations Manager,0.37182537
Operations Manager,0.4074018
PMO,0.3201641
PMO,0.3363677
PMO,0.3323226
Public Relations,0.29389757
Public Relations,0.3808386
Public Relations,0.36729473
Python Developer,0.26999176
Python Developer,0.22915106
Python Developer,0.2691571
React Developer,0.21657625
React Developer,0.2888956
React Developer,0.45928448
SAP Developer,0.33900303
SAP Developer,0.37201554
SAP Developer,0.31608027
SQL Developer,0.31287587
SQL Developer,0.35503626
SQL Developer,0.33695224
Sales,0.44468594
Sales,0.25148273
Sales,0.3371434
Testing,0.45565668
Testing,0.45806423
Testing,0.4573011
Web Designing,0.29928443
Web Designing,0.27469298
Web Designing,0.21930948
Accountant,0.328585
Accountant,0.44702238
Accountant,0.36384434
Advocate,0.36906958
Advocate,0.43627638
Advocate,0.36652422
Agriculture,0.3223089
Agriculture,0.3886505
Agriculture,0.34291646
Apparel,0.36061183
Apparel,0.4083422
Apparel,0.40726513
Architecture,0.32120848
Architecture,0.30585065
Architecture,0.37696105
Arts,0.2926978
Arts,0.34848574
Arts,0.2541238
Automobile,0.32306075
Automobile,0.35121107
Automobile,0.40652168
Aviation,0.36308917
Aviation,0.24764061
Aviation,0.3322812
BPO,0.36988232
BPO,0.39890954
BPO,0.43481874
Banking,0.36982912
Banking,0.3618448
Banking,0.41623786
Blockchain,0.29517177
Blockchain,0.42745936
Blockchain,0.27984104
Building and Construction,0.39221513
Building and Construction,0.39002344
Building and Construction,0.32775825
Business Analyst,0.37849632
Business Analyst,0.39014423
Business Analyst,0.38128695
Civil Engineer,0.36790553
Civil Engineer,0.25900468
Civil Engineer,0.2867945
Consultant,0.24437611
Consultant,0.35313562
Consultant,0.44675413
Data Science,0.34298155
Data Science,0.39402702
Data Science,0.34354877
Database,0.35863218
Database,0.34776622
Database,0.3582772
Designing,0.25106323
Designing,0.2818695
Designing,0.32688338
DevOps,0.3162255
DevOps,0.3709935
DevOps,0.38036287
Digital Media,0.31278375
Digital Media,0.37569588
Digital Media,0.38258347
DotNet Developer,0.3505122
DotNet Developer,0.31585807
DotNet Developer,0.3602812
ETL Developer,0.31059077
ETL Developer,0.3067632
ETL Developer,0.4105867
Education,0.30757636
Education,0.2815451
Education,0.30267665
Electrical Engineering,0.3895019
Electrical Engineering,0.28374043
Electrical Engineering,0.4091041
Finance,0.41698766
Finance,0.39176646
Finance,0.37572545
Food and Beverages,0.32753718
Food and Beverages,0.396135
Food and Beverages,0.37909803
Health and Fitness,0.37876
Health and Fitness,0.36049435
Health and Fitness,0.2973239
Human Resources,0.4596205
Human Resources,0.34916437
Human Resources,0.4214189
Information Technology,0.4057557
Information Technology,0.43277887
Information Technology,0.4342294
Java Developer,0.3513262
Java Developer,0.27465725
Java Developer,0.3480841
Management,0.41441151
Management,0.3590135
Management,0.33300257
Mechanical Engineer,0.31267583
Mechanical Engineer,0.36026272
Mechanical Engineer,0.38203353
Network Security Engineer,0.3115518
Network Security Engineer,0.38157848
Network Security Engineer,0.3497387
Operations Manager,0.3674185
Operations Manager,0.42329
Operations Manager,0.44851768
PMO,0.35853246
PMO,0.37756813
PMO,0.3936383
Public Relations,0.38435724
Public Relations,0.3901426
Public Relations,0.31043565
Python Developer,0.35667437
Python Developer,0.2650163
Python Developer,0.34511086
React Developer,0.29311138
React Developer,0.36854348
React Developer,0.46732742
SAP Developer,0.34730333
SAP Developer,0.395159
SAP Developer,0.35051304
SQL Developer,0.3299434
SQL Developer,0.36295223
SQL Developer,0.39077196
Sales,0.40827695
Sales,0.40549964
Sales,0.39302447
Testing,0.31286338
Testing,0.28857404
Testing,0.271168
Web Designing,0.39952484
Web Designing,0.3303039
Web Designing,0.3074299
Accountant,0.36684296
Accountant,0.4825087
Accountant,0.38321677
Advocate,0.39656177
Advocate,0.45299265
Advocate,0.39631236
Agriculture,0.32576865
Agriculture,0.4411572
Agriculture,0.39862692
Apparel,0.48950705
Apparel,0.40698257
Apparel,0.48008814
Architecture,0.3973606
Architecture,0.36951217
Architecture,0.39708886
Arts,0.30809942
Arts,0.36003068
Arts,0.3436364
Automobile,0.37830392
Automobile,0.39881462
Automobile,0.42539594
Aviation,0.35938957
Aviation,0.32163006
Aviation,0.379211
BPO,0.4219288
BPO,0.41048887
BPO,0.40283796
Banking,0.39819387
Banking,0.38911706
Banking,0.4375349
Blockchain,0.3279157
Blockchain,0.40513116
Blockchain,0.28854024
Building and Construction,0.42864332
Building and Construction,0.4393857
Building and Construction,0.34841818
Business Analyst,0.38071856
Business Analyst,0.39411592
Business Analyst,0.3552871
Civil Engineer,0.39455095
Civil Engineer,0.3472375
Civil Engineer,0.28672177
Consultant,0.28533012
Consultant,0.41194147
Consultant,0.44758824
Data Science,0.34798798
Data Science,0.41981575
Data Science,0.40983668
Database,0.35716206
Database,0.31385747
Database,0.3641878
Designing,0.24122423
Designing,0.3345525
Designing,0.33616093
DevOps,0.3206981
DevOps,0.3397519
DevOps,0.40018538
Digital Media,0.31218788
Digital Media,0.37174353
Digital Media,0.39583507
DotNet Developer,0.33438385
DotNet Developer,0.33909485
DotNet Developer,0.33908635
ETL Developer,0.27338675
ETL Developer,0.3055377
ETL Developer,0.36576083
Education,0.34949318
Education,0.33072084
Education,0.39209068
Electrical Engineering,0.45925644
Electrical Engineering,0.3162359
Electrical Engineering,0.41046506
Finance,0.46622336
Finance,0.38207325
Finance,0.3823057
Food and Beverages,0.34981364
Food and Beverages,0.45870286
Food and Beverages,0.42958835
Health and Fitness,0.39463913
Health and Fitness,0.40554962
Health and Fitness,0.37383354
Human Resources,0.45429116
Human Resources,0.43323773
Human Resources,0.43330795
Information Technology,0.39202842
Information Technology,0.38684702
Information Technology,0.44368535
Java Developer,0.33730194
Java Developer,0.2671819
Java Developer,0.32218143
Management,0.5096077
Management,0.3646469
Management,0.39387763
Mechanical Engineer,0.3508928
Mechanical Engineer,0.41007465
Mechanical Engineer,0.41129467
Network Security Engineer,0.32858044
Network Security Engineer,0.36987978
Network Security Engineer,0.35305986
Operations Manager,0.45020428
Operations Manager,0.48352045
Operations Manager,0.45415086
PMO,0.35947165
PMO,0.37207252
PMO,0.3995377
Public Relations,0.33618122
Public Relations,0.430888
Public Relations,0.34017727
Python Developer,0.35210696
Python Developer,0.25752878
Python Developer,0.33913407
React Developer,0.28108168
React Developer,0.33791253
React Developer,0.446154
SAP Developer,0.3640149
SAP Developer,0.4033423
SAP Developer,0.38953367
SQL Developer,0.32811576
SQL Developer,0.43066838
SQL Developer,0.35036036
Sales,0.41697612
Sales,0.43991724
Sales,0.47839692
Testing,0.33724412
Testing,0.30103528
Testing,0.28271666
Web Designing,0.38882643
Web Designing,0.28301284
Web Designing,0.3256124
Accountant,0.32242906
Accountant,0.37264094
Accountant,0.36381117
Advocate,0.30362305
Advocate,0.335157
Advocate,0.3119565
Agriculture,0.26638886
Agriculture,0.30652955
Agriculture,0.256518
Apparel,0.31785518
Apparel,0.32139176
Apparel,0.30626354
Architecture,0.33593985
Architecture,0.22522193
Architecture,0.29517487
Arts,0.19570486
Arts,0.27115402
Arts,0.16307874
Automobile,0.31873268
Automobile,0.2806025
Automobile,0.3432196
Aviation,0.30762258
Aviation,0.26066953
Aviation,0.29976183
BPO,0.28743634
BPO,0.2926472
BPO,0.3832104
Banking,0.3545537
Banking,0.29303965
Banking,0.35558006
Blockchain,0.28498906
Blockchain,0.36950204
Blockchain,0.29844669
Building and Construction,0.350538
Building and Construction,0.32208917
Building and Construction,0.28542098
Business Analyst,0.36074254
Business Analyst,0.34279794
Business Analyst,0.3112017
Civil Engineer,0.33515835
Civil Engineer,0.19856353
Civil Engineer,0.22644101
Consultant,0.19888942
Consultant,0.3823759
Consultant,0.3470946
Data Science,0.23044796
Data Science,0.26081496
Data Science,0.3301236
Database,0.3991318
Database,0.3587043
Database,0.30868998
Designing,0.18421006
Designing,0.20531344
Designing,0.25643095
DevOps,0.35017636
DevOps,0.39786187
DevOps,0.379851
Digital Media,0.2380064
Digital Media,0.2885209
Digital Media,0.29229066
DotNet Developer,0.31612986
DotNet Developer,0.3353713
DotNet Developer,0.3273625
ETL Developer,0.32257083
ETL Developer,0.30346575
ETL Developer,0.35181123
Education,0.21680719
Education,0.17619246
Education,0.18330367
Electrical Engineering,0.32935563
Electrical Engineering,0.2570988
Electrical Engineering,0.34074065
Finance,0.3372115
Finance,0.3149671
Finance,0.32680637
Food and Beverages,0.29263702
Food and Beverages,0.28411043
Food and Beverages,0.2896807
Health and Fitness,0.23594612
Health and Fitness,0.2929729
Health and Fitness,0.23291473
Human Resources,0.36259758
Human Resources,0.29096666
Human Resources,0.36352426
Information Technology,0.33426338
Information Technology,0.37643766
Information Technology,0.38597888
Java Developer,0.33230913
Java Developer,0.281651
Java Developer,0.34937623
Management,0.319155
Management,0.30694374
Management,0.30799714
Mechanical Engineer,0.2565265
Mechanical Engineer,0.30839413
Mechanical Engineer,0.31519252
Network Security Engineer,0.330465
Network Security Engineer,0.37099677
Network Security Engineer,0.37965667
Operations Manager,0.30280158
Operations Manager,0.32160977
Operations Manager,0.3562872
PMO,0.29574987
PMO,0.3348923
PMO,0.32485715
Public Relations,0.24713945
Public Relations,0.33608004
Public Relations,0.21361874
Python Developer,0.3377904
Python Developer,0.3034531
Python Developer,0.37252915
React Developer,0.25272962
React Developer,0.3472665
React Developer,0.34738177
SAP Developer,0.36329588
SAP Developer,0.37150967
SAP Developer,0.38088164
SQL Developer,0.31966072
SQL Developer,0.36189646
SQL Developer,0.33850524
Sales,0.32830152
Sales,0.29866716
Sales,0.29277718
Testing,0.26103488
Testing,0.25633493
Testing,0.25889528
Web Designing,0.35299665
Web Designing,0.30898458
Web Designing,0.19563508
Accountant,0.39499107
Accountant,0.48815072
Accountant,0.43125707
Advocate,0.33253282
Advocate,0.4038869
Advocate,0.39416873
Agriculture,0.2988085
Agriculture,0.3873279
Agriculture,0.2815982
Apparel,0.37930784
Apparel,0.40216652
Apparel,0.39498174
Architecture,0.33575767
Architecture,0.2587043
Architecture,0.34357458
Arts,0.2913241
Arts,0.2999717
Arts,0.21154095
Automobile,0.35065225
Automobile,0.3262711
Automobile,0.39505318
Aviation,0.33266538
Aviation,0.2741321
Aviation,0.34021533
BPO,0.3743658
BPO,0.35127482
BPO,0.43505293
Banking,0.40741146
Banking,0.41672483
Banking,0.43669188
Blockchain,0.27436674
Blockchain,0.42281055
Blockchain,0.29701284
Building and Construction,0.40970844
Building and Construction,0.364008
Building and Construction,0.31735933
Business Analyst,0.42389366
Business Analyst,0.42124864
Business Analyst,0.3593075
Civil Engineer,0.37813908
Civil Engineer,0.21396416
Civil Engineer,0.26501417
Consultant,0.24162984
Consultant,0.35805357
Consultant,0.44989872
Data Science,0.29183382
Data Science,0.34058544
Data Science,0.34811157
Database,0.35954463
Database,0.34914422
Database,0.33985594
Designing,0.2570995
Designing,0.24806052
Designing,0.37012157
DevOps,0.27961773
DevOps,0.38678965
DevOps,0.36757448
Digital Media,0.2947037
Digital Media,0.3801546
Digital Media,0.40953848
DotNet Developer,0.3255837
DotNet Developer,0.35986683
DotNet Developer,0.34479645
ETL Developer,0.33938783
ETL Developer,0.34261173
ETL Developer,0.3928752
Education,0.28020695
Education,0.2309196
Education,0.22942755
Electrical Engineering,0.3622806
Electrical Engineering,0.26282126
Electrical Engineering,0.391256
Finance,0.44142804
Finance,0.42583486
Finance,0.43244928
Food and Beverages,0.33589566
Food and Beverages,0.386124
Food and Beverages,0.36778885
Health and Fitness,0.31905007
Health and Fitness,0.33040237
Health and Fitness,0.2636081
Human Resources,0.42702854
Human Resources,0.324488
Human Resources,0.42486298
Information Technology,0.39221734
Information Technology,0.42266718
Information Technology,0.43194273
Java Developer,0.33144894
Java Developer,0.27893484
Java Developer,0.32656485
Management,0.4289111
Management,0.3581616
Management,0.34292787
Mechanical Engineer,0.27698824
Mechanical Engineer,0.3668676
Mechanical Engineer,0.35311154
Network Security Engineer,0.29008517
Network Security Engineer,0.39339027
Network Security Engineer,0.38991815
Operations Manager,0.39371428
Operations Manager,0.4104284
Operations Manager,0.45816448
PMO,0.3723017
PMO,0.37043086
PMO,0.43555117
Public Relations,0.33239365
Public Relations,0.40539035
Public Relations,0.25525734
Python Developer,0.34514728
Python Developer,0.24533513
Python Developer,0.31576797
React Developer,0.32890728
React Developer,0.31930447
React Developer,0.41177464
SAP Developer,0.3640889
SAP Developer,0.42196724
SAP Developer,0.3931986
SQL Developer,0.3212306
SQL Developer,0.3880223
SQL Developer,0.3701332
Sales,0.42087328
Sales,0.41665342
Sales,0.3759027
Testing,0.28047588
Testing,0.2749905
Testing,0.27372876
Web Designing,0.3473109
Web Designing,0.3165844
Web Designing,0.27690575
Accountant,0.34871063
Accountant,0.43586403
Accountant,0.3769282
Advocate,0.3528284
Advocate,0.41533613
Advocate,0.3640915
Agriculture,0.31758478
Agriculture,0.39739576
Agriculture,0.2817352
Apparel,0.36742547
Apparel,0.3832399
Apparel,0.35644603
Architecture,0.34092492
Architecture,0.3006553
Architecture,0.35686243
Arts,0.26262054
Arts,0.34279183
Arts,0.21731548
Automobile,0.33797222
Automobile,0.34170553
Automobile,0.3951923
Aviation,0.34486556
Aviation,0.30903286
Aviation,0.36835966
BPO,0.30387408
BPO,0.3527886
BPO,0.43912214
Banking,0.36214626
Banking,0.34023252
Banking,0.40777186
Blockchain,0.30422536
Blockchain,0.39013088
Blockchain,0.29776147
Building and Construction,0.40677425
Building and Construction,0.41042185
Building and Construction,0.33562872
Business Analyst,0.40572578
Business Analyst,0.40447414
Business Analyst,0.3820187
Civil Engineer,0.36363462
Civil Engineer,0.24939114
Civil Engineer,0.3033349
Consultant,0.21143235
Consultant,0.37014285
Consultant,0.42169642
Data Science,0.32857555
Data Science,0.33680785
Data Science,0.34380043
Database,0.4066396
Database,0.39779502
Database,0.37470406
Designing,0.2301062
Designing,0.24145055
Designing,0.3228116
DevOps,0.3349884
DevOps,0.3960815
DevOps,0.41927695
Digital Media,0.29363218
Digital Media,0.374743
Digital Media,0.3400952
DotNet Developer,0.38094172
DotNet Developer,0.34650388
DotNet Developer,0.40750593
ETL Developer,0.3432117
ETL Developer,0.34233642
ETL Developer,0.44549635
Education,0.3105918
Education,0.24952354
Education,0.26351002
Electrical Engineering,0.39127392
Electrical Engineering,0.3028138
Electrical Engineering,0.40706924
Finance,0.40898737
Finance,0.36173132
Finance,0.3966026
Food and Beverages,0.35663655
Food and Beverages,0.35394308
Food and Beverages,0.34180057
Health and Fitness,0.3126933
Health and Fitness,0.3373399
Health and Fitness,0.27644232
Human Resources,0.43098775
Human Resources,0.3420645
Human Resources,0.42204624
Information Technology,0.4175082
Information Technology,0.42811844
Information Technology,0.41680077
Java Developer,0.37863073
Java Developer,0.34654766
Java Developer,0.38136983
Management,0.3819907
Management,0.34750962
Management,0.3347717
Mechanical Engineer,0.33287612
Mechanical Engineer,0.37509993
Mechanical Engineer,0.3927553
Network Security Engineer,0.31473273
Network Security Engineer,0.401223
Network Security Engineer,0.40694702
Operations Manager,0.3572063
Operations Manager,0.4243487
Operations Manager,0.429299
PMO,0.37066874
PMO,0.41027236
PMO,0.39692852
Public Relations,0.309072
Public Relations,0.3943712
Public Relations,0.2808103
Python Developer,0.35268632
Python Developer,0.3326006
Python Developer,0.38399222
React Developer,0.31921443
React Developer,0.38226894
React Developer,0.4349244
SAP Developer,0.36958718
SAP Developer,0.4197194
SAP Developer,0.39586753
SQL Developer,0.353667
SQL Developer,0.40593052
SQL Developer,0.38787228
Sales,0.3933627
Sales,0.33776063
Sales,0.33918872
Testing,0.3259464
Testing,0.30283538
Testing,0.29787904
Web Designing,0.38714042
Web Designing,0.37829462
Web Designing,0.2579458
Accountant,0.36713555
Accountant,0.42191273
Accountant,0.3905909
Advocate,0.37301415
Advocate,0.42249733
Advocate,0.34775186
Agriculture,0.28241533
Agriculture,0.36597902
Agriculture,0.31230345
Apparel,0.33093587
Apparel,0.34699097
Apparel,0.37779137
Architecture,0.35206753
Architecture,0.328039
Architecture,0.37762114
Arts,0.26760468
Arts,0.36041644
Arts,0.27382964
Automobile,0.3415774
Automobile,0.36583015
Automobile,0.3783259
Aviation,0.35633057
Aviation,0.27516097
Aviation,0.33259088
BPO,0.3068136
BPO,0.34402534
BPO,0.4236771
Banking,0.3480958
Banking,0.33731988
Banking,0.3962455
Blockchain,0.32086927
Blockchain,0.37455642
Blockchain,0.2815966
Building and Construction,0.3717289
Building and Construction,0.40302262
Building and Construction,0.34642422
Business Analyst,0.36893302
Business Analyst,0.37781715
Business Analyst,0.3355295
Civil Engineer,0.35526127
Civil Engineer,0.28505805
Civil Engineer,0.30098486
Consultant,0.25028574
Consultant,0.34881485
Consultant,0.39067635
Data Science,0.31989723
Data Science,0.3369072
Data Science,0.36704367
Database,0.36509538
Database,0.34219992
Database,0.34318352
Designing,0.23713562
Designing,0.28682247
Designing,0.32652172
DevOps,0.31445718
DevOps,0.36853495
DevOps,0.40822113
Digital Media,0.32960826
Digital Media,0.33692387
Digital Media,0.31061977
DotNet Developer,0.3650742
DotNet Developer,0.30497575
DotNet Developer,0.36637673
ETL Developer,0.31517386
ETL Developer,0.30294967
ETL Developer,0.3780645
Education,0.33025146
Education,0.29261473
Education,0.3200773
Electrical Engineering,0.37677157
Electrical Engineering,0.30077502
Electrical Engineering,0.3984628
Finance,0.38739383
Finance,0.32569474
Finance,0.3320432
Food and Beverages,0.3342176
Food and Beverages,0.35565338
Food and Beverages,0.35206112
Health and Fitness,0.33868495
Health and Fitness,0.38365635
Health and Fitness,0.29072186
Human Resources,0.44749856
Human Resources,0.40327108
Human Resources,0.4170743
Information Technology,0.38633102
Information Technology,0.39990306
Information Technology,0.39818475
Java Developer,0.35125858
Java Developer,0.30942872
Java Developer,0.3433996
Management,0.37571633
Management,0.35661447
Management,0.31800544
Mechanical Engineer,0.31854683
Mechanical Engineer,0.3669802
Mechanical Engineer,0.38266805
Network Security Engineer,0.32983312
Network Security Engineer,0.37262622
Network Security Engineer,0.36242202
Operations Manager,0.32744458
Operations Manager,0.4079797
Operations Manager,0.41823232
PMO,0.3308765
PMO,0.38935366
PMO,0.37559596
Public Relations,0.29163322
Public Relations,0.39159694
Public Relations,0.29002145
Python Developer,0.36590087
Python Developer,0.2813276
Python Developer,0.3410797
React Developer,0.3064333
React Developer,0.32602325
React Developer,0.44696984
SAP Developer,0.35658103
SAP Developer,0.37592494
SAP Developer,0.3534374
SQL Developer,0.34741554
SQL Developer,0.37987822
SQL Developer,0.33240125
Sales,0.38215667
Sales,0.34648687
Sales,0.34931633
Testing,0.31113914
Testing,0.29589996
Testing,0.28411174
Web Designing,0.37417054
Web Designing,0.3630608
Web Designing,0.3156274
Accountant,0.3419064
Accountant,0.47592545
Accountant,0.4328656
Advocate,0.3820425
Advocate,0.4403571
Advocate,0.43230402
Agriculture,0.3562889
Agriculture,0.51071733
Agriculture,0.28934047
Apparel,0.3848016
Apparel,0.43953478
Apparel,0.4122112
Architecture,0.37692985
Architecture,0.36942843
Architecture,0.39860153
Arts,0.30482167
Arts,0.39158496
Arts,0.27836832
Automobile,0.35079917
Automobile,0.3361111
Automobile,0.4107784
Aviation,0.31926894
Aviation,0.31334803
Aviation,0.38408843
BPO,0.3521033
BPO,0.4307436
BPO,0.47117612
Banking,0.40527517
Banking,0.33845416
Banking,0.44402495
Blockchain,0.2970971
Blockchain,0.4192933
Blockchain,0.2886431
Building and Construction,0.43939742
Building and Construction,0.4462264
Building and Construction,0.411213
Business Analyst,0.49844542
Business Analyst,0.4613724
Business Analyst,0.4608302
Civil Engineer,0.4219601
Civil Engineer,0.27058524
Civil Engineer,0.31658396
Consultant,0.28680542
Consultant,0.42279103
Consultant,0.4493078
Data Science,0.379864
Data Science,0.37592238
Data Science,0.34429917
Database,0.41989815
Database,0.41686428
Database,0.4054037
Designing,0.2911287
Designing,0.26444128
Designing,0.41884205
DevOps,0.30409953
DevOps,0.4411275
DevOps,0.45539132
Digital Media,0.3191681
Digital Media,0.44858706
Digital Media,0.4482857
DotNet Developer,0.42788714
DotNet Developer,0.36291024
DotNet Developer,0.457615
ETL Developer,0.35012758
ETL Developer,0.36486015
ETL Developer,0.4555813
Education,0.35407153
Education,0.28035712
Education,0.2472682
Electrical Engineering,0.43090546
Electrical Engineering,0.337982
Electrical Engineering,0.44573262
Finance,0.46826658
Finance,0.41203135
Finance,0.47317144
Food and Beverages,0.3642925
Food and Beverages,0.3706219
Food and Beverages,0.35638535
Health and Fitness,0.3282329
Health and Fitness,0.40178204
Health and Fitness,0.30923182
Human Resources,0.4711319
Human Resources,0.35190585
Human Resources,0.42317775
Information Technology,0.47534636
Information Technology,0.46820423
Information Technology,0.44983485
Java Developer,0.39683783
Java Developer,0.3188332
Java Developer,0.42539215
Management,0.4467329
Management,0.38416168
Management,0.35426542
Mechanical Engineer,0.37605685
Mechanical Engineer,0.4336109
Mechanical Engineer,0.41700116
Network Security Engineer,0.28159884
Network Security Engineer,0.4192643
Network Security Engineer,0.43719804
Operations Manager,0.41584918
Operations Manager,0.43658912
Operations Manager,0.51979166
PMO,0.47155255
PMO,0.46631595
PMO,0.4688655
Public Relations,0.40315962
Public Relations,0.42253122
Public Relations,0.32095012
Python Developer,0.38123915
Python Developer,0.3368364
Python Developer,0.38690588
React Developer,0.42948285
React Developer,0.37196973
React Developer,0.5051704
SAP Developer,0.37185672
SAP Developer,0.53182787
SAP Developer,0.44448107
SQL Developer,0.33587888
SQL Developer,0.42071658
SQL Developer,0.3836669
Sales,0.4262372
Sales,0.3935989
Sales,0.421221
Testing,0.38101217
Testing,0.33668232
Testing,0.34271002
Web Designing,0.41850117
Web Designing,0.4568725
Web Designing,0.31380785
Accountant,0.3851592
Accountant,0.45329794
Accountant,0.39267012
Advocate,0.34446847
Advocate,0.40937945
Advocate,0.3997799
Agriculture,0.30795193
Agriculture,0.4052802
Agriculture,0.2990742
Apparel,0.35172793
Apparel,0.40945482
Apparel,0.39252153
Architecture,0.33352855
Architecture,0.3060828
Architecture,0.35957623
Arts,0.2635676
Arts,0.30819368
Arts,0.228245
Automobile,0.32326382
Automobile,0.32169458
Automobile,0.3825835
Aviation,0.30499542
Aviation,0.24759464
Aviation,0.32935005
BPO,0.3818042
BPO,0.38384798
BPO,0.4326598
Banking,0.41141582
Banking,0.37417707
Banking,0.39668918
Blockchain,0.3042533
Blockchain,0.41026896
Blockchain,0.2953819
Building and Construction,0.3845624
Building and Construction,0.34903902
Building and Construction,0.32712325
Business Analyst,0.4080806
Business Analyst,0.425928
Business Analyst,0.3842075
Civil Engineer,0.3764999
Civil Engineer,0.22101325
Civil Engineer,0.265757
Consultant,0.25565928
Consultant,0.36676756
Consultant,0.45278904
Data Science,0.29406536
Data Science,0.35384554
Data Science,0.32903
Database,0.35364825
Database,0.35880718
Database,0.33169994
Designing,0.2611096
Designing,0.30768648
Designing,0.3714299
DevOps,0.28259903
DevOps,0.38235596
DevOps,0.38049355
Digital Media,0.28614792
Digital Media,0.39441574
Digital Media,0.4066425
DotNet Developer,0.3515863
DotNet Developer,0.36999485
DotNet Developer,0.33984536
ETL Developer,0.34159878
ETL Developer,0.3447261
ETL Developer,0.3815728
Education,0.27780744
Education,0.24479833
Education,0.24240872
Electrical Engineering,0.33092317
Electrical Engineering,0.27310652
Electrical Engineering,0.36196217
Finance,0.44961372
Finance,0.39635673
Finance,0.38820988
Food and Beverages,0.30304763
Food and Beverages,0.3591908
Food and Beverages,0.35676393
Health and Fitness,0.3026294
Health and Fitness,0.34029448
Health and Fitness,0.2677104
Human Resources,0.42016676
Human Resources,0.304372
Human Resources,0.38702282
Information Technology,0.39991447
Information Technology,0.42910668
Information Technology,0.41954175
Java Developer,0.33831304
Java Developer,0.28863668
Java Developer,0.34079176
Management,0.4002031
Management,0.32091743
Management,0.31808186
Mechanical Engineer,0.2857659
Mechanical Engineer,0.33047566
Mechanical Engineer,0.35590863
Network Security Engineer,0.31067774
Network Security Engineer,0.35671547
Network Security Engineer,0.3816167
Operations Manager,0.3849682
Operations Manager,0.396004
Operations Manager,0.44988132
PMO,0.39001295
PMO,0.37659192
PMO,0.40479794
Public Relations,0.38052937
Public Relations,0.39202243
Public Relations,0.27792025
Python Developer,0.34909496
Python Developer,0.26607722
Python Developer,0.33336696
React Developer,0.3381812
React Developer,0.34470528
React Developer,0.43224007
SAP Developer,0.36035484
SAP Developer,0.44221452
SAP Developer,0.3892008
SQL Developer,0.30494872
SQL Developer,0.3601102
SQL Developer,0.37682024
Sales,0.41797224
Sales,0.39467722
Sales,0.40181252
Testing,0.279219
Testing,0.2723839
Testing,0.26740947
Web Designing,0.35430038
Web Designing,0.36041433
Web Designing,0.2986141
Accountant,0.36905447
Accountant,0.5125287
Accountant,0.42875776
Advocate,0.38297987
Advocate,0.48896223
Advocate,0.46804333
Agriculture,0.3185833
Agriculture,0.4337781
Agriculture,0.34212
Apparel,0.47674838
Apparel,0.44718647
Apparel,0.51410025
Architecture,0.40189177
Architecture,0.27757615
Architecture,0.3639129
Arts,0.27327845
Arts,0.30748025
Arts,0.21619597
Automobile,0.4531625
Automobile,0.4098316
Automobile,0.44387254
Aviation,0.3165763
Aviation,0.3106438
Aviation,0.3314865
BPO,0.52046967
BPO,0.40656424
BPO,0.46590504
Banking,0.46984822
Banking,0.42599678
Banking,0.42429227
Blockchain,0.28584203
Blockchain,0.47494763
Blockchain,0.30838674
Building and Construction,0.52562237
Building and Construction,0.40080866
Building and Construction,0.33874378
Business Analyst,0.4120446
Business Analyst,0.47607356
Business Analyst,0.38516885
Civil Engineer,0.42399573
Civil Engineer,0.2104106
Civil Engineer,0.22669736
Consultant,0.2668467
Consultant,0.39723
Consultant,0.48882753
Data Science,0.29247975
Data Science,0.46437293
Data Science,0.4438037
Database,0.36649886
Database,0.35927787
Database,0.35508162
Designing,0.25189456
Designing,0.33484322
Designing,0.39801997
DevOps,0.29415268
DevOps,0.38335937
DevOps,0.37841916
Digital Media,0.28380647
Digital Media,0.37261033
Digital Media,0.5444882
DotNet Developer,0.3534165
DotNet Developer,0.43886194
DotNet Developer,0.32773322
ETL Developer,0.35306638
ETL Developer,0.33274108
ETL Developer,0.38030463
Education,0.28521648
Education,0.24539296
Education,0.28275245
Electrical Engineering,0.39081353
Electrical Engineering,0.28470403
Electrical Engineering,0.4142286
Finance,0.47916356
Finance,0.3701614
Finance,0.3801595
Food and Beverages,0.3836856
Food and Beverages,0.40702248
Food and Beverages,0.43094525
Health and Fitness,0.38617653
Health and Fitness,0.38947374
Health and Fitness,0.31067842
Human Resources,0.44162482
Human Resources,0.33206698
Human Resources,0.45793456
Information Technology,0.37997037
Information Technology,0.41125554
Information Technology,0.520181
Java Developer,0.32243475
Java Developer,0.30028394
Java Developer,0.33253542
Management,0.53549165
Management,0.38291106
Management,0.34886804
Mechanical Engineer,0.34261572
Mechanical Engineer,0.44795522
Mechanical Engineer,0.49861345
Network Security Engineer,0.27589697
Network Security Engineer,0.40779272
Network Security Engineer,0.38057762
Operations Manager,0.49763793
Operations Manager,0.48890358
Operations Manager,0.51009643
PMO,0.33058333
PMO,0.3215807
PMO,0.43678302
Public Relations,0.33761424
Public Relations,0.4812495
Public Relations,0.25935024
Python Developer,0.38328013
Python Developer,0.23313868
Python Developer,0.30372784
React Developer,0.31968233
React Developer,0.34329462
React Developer,0.4579626
SAP Developer,0.37256947
SAP Developer,0.43724376
SAP Developer,0.42973176
SQL Developer,0.31575078
SQL Developer,0.38899517
SQL Developer,0.40371147
Sales,0.5226566
Sales,0.50913095
Sales,0.49939293
Testing,0.3031622
Testing,0.29140607
Testing,0.28791586
Web Designing,0.3162419
Web Designing,0.33218792
Web Designing,0.32365555
Accountant,0.32435194
Accountant,0.40122357
Accountant,0.33510587
Advocate,0.27684623
Advocate,0.34682584
Advocate,0.29762027
Agriculture,0.36486092
Agriculture,0.38009015
Agriculture,0.280936
Apparel,0.36020496
Apparel,0.38185716
Apparel,0.35177702
Architecture,0.31744686
Architecture,0.2909512
Architecture,0.3165981
Arts,0.24655402
Arts,0.27800912
Arts,0.17492472
Automobile,0.30539802
Automobile,0.34794143
Automobile,0.3577839
Aviation,0.320422
Aviation,0.28328526
Aviation,0.2930739
BPO,0.31282696
BPO,0.34074143
BPO,0.4282376
Banking,0.35043314
Banking,0.3514933
Banking,0.35089684
Blockchain,0.28973922
Blockchain,0.38421324
Blockchain,0.310692
Building and Construction,0.39694798
Building and Construction,0.3744907
Building and Construction,0.33825308
Business Analyst,0.35627213
Business Analyst,0.36152357
Business Analyst,0.35273844
Civil Engineer,0.31374747
Civil Engineer,0.27612108
Civil Engineer,0.3499324
Consultant,0.18601163
Consultant,0.32814753
Consultant,0.3945666
Data Science,0.25124526
Data Science,0.28906158
Data Science,0.3222001
Database,0.32920286
Database,0.34633198
Database,0.37153983
Designing,0.22403434
Designing,0.19725993
Designing,0.30499977
DevOps,0.27058822
DevOps,0.3641679
DevOps,0.3292095
Digital Media,0.23127343
Digital Media,0.36203283
Digital Media,0.37258697
DotNet Developer,0.28824317
DotNet Developer,0.3404977
DotNet Developer,0.2949145
ETL Developer,0.34794033
ETL Developer,0.35509154
ETL Developer,0.38266337
Education,0.23267771
Education,0.19992143
Education,0.18246499
Electrical Engineering,0.362172
Electrical Engineering,0.3007518
Electrical Engineering,0.36786827
Finance,0.3728249
Finance,0.37249598
Finance,0.40867457
Food and Beverages,0.33895013
Food and Beverages,0.34628537
Food and Beverages,0.2968039
Health and Fitness,0.26402783
Health and Fitness,0.26687187
Health and Fitness,0.2158782
Human Resources,0.36343879
Human Resources,0.2516401
Human Resources,0.37194258
Information Technology,0.35073832
Information Technology,0.39794827
Information Technology,0.38296008
Java Developer,0.32782242
Java Developer,0.25254482
Java Developer,0.32115504
Management,0.33953837
Management,0.2705371
Management,0.39687005
Mechanical Engineer,0.3103721
Mechanical Engineer,0.3583427
Mechanical Engineer,0.3553683
Network Security Engineer,0.28913856
Network Security Engineer,0.35557863
Network Security Engineer,0.36621588
Operations Manager,0.29532292
Operations Manager,0.3814509
Operations Manager,0.41752934
PMO,0.37322494
PMO,0.41271302
PMO,0.3719188
Public Relations,0.29099736
Public Relations,0.32413632
Public Relations,0.23595542
Python Developer,0.31570527
Python Developer,0.23553921
Python Developer,0.325806
React Developer,0.29083982
React Developer,0.3358415
React Developer,0.3648311
SAP Developer,0.30618966
SAP Developer,0.39808556
SAP Developer,0.36109918
SQL Developer,0.30879837
SQL Developer,0.33895358
SQL Developer,0.40140587
Sales,0.36861703
Sales,0.3429392
Sales,0.3164366
Testing,0.2605073
Testing,0.2262411
Testing,0.2649063
Web Designing,0.31684968
Web Designing,0.32032868
Web Designing,0.22692324
Accountant,0.3568752
Accountant,0.44990957
Accountant,0.39439374
Advocate,0.36191523
Advocate,0.444054
Advocate,0.3877478
Agriculture,0.32075712
Agriculture,0.39866918
Agriculture,0.29562753
Apparel,0.36789897
Apparel,0.40467346
Apparel,0.37627292
Architecture,0.3596209
Architecture,0.29869702
Architecture,0.3518438
Arts,0.26502544
Arts,0.31136578
Arts,0.22912021
Automobile,0.3746165
Automobile,0.3627777
Automobile,0.39123982
Aviation,0.3355026
Aviation,0.3067059
Aviation,0.36273578
BPO,0.36151516
BPO,0.36018798
BPO,0.4403264
Banking,0.39380988
Banking,0.37763664
Banking,0.3926945
Blockchain,0.29498637
Blockchain,0.41081062
Blockchain,0.288162
Building and Construction,0.40654635
Building and Construction,0.38161275
Building and Construction,0.33145496
Business Analyst,0.44608018
Business Analyst,0.4438761
Business Analyst,0.3990908
Civil Engineer,0.3952635
Civil Engineer,0.22342421
Civil Engineer,0.29944593
Consultant,0.20343699
Consultant,0.40476236
Consultant,0.44340095
Data Science,0.29460332
Data Science,0.3474229
Data Science,0.3508647
Database,0.3919262
Database,0.39310855
Database,0.36670563
Designing,0.26006028
Designing,0.2640643
Designing,0.35922158
DevOps,0.3141526
DevOps,0.37922108
DevOps,0.38722074
Digital Media,0.26967683
Digital Media,0.37034097
Digital Media,0.3805268
DotNet Developer,0.35799178
DotNet Developer,0.34612045
DotNet Developer,0.36228266
ETL Developer,0.3676289
ETL Developer,0.35527474
ETL Developer,0.44123134
Education,0.2814183
Education,0.2555464
Education,0.257246
Electrical Engineering,0.37598547
Electrical Engineering,0.30839205
Electrical Engineering,0.3832881
Finance,0.42929062
Finance,0.38413873
Finance,0.41046917
Food and Beverages,0.35186124
Food and Beverages,0.35854018
Food and Beverages,0.35183248
Health and Fitness,0.33736673
Health and Fitness,0.34361196
Health and Fitness,0.27602106
Human Resources,0.44851473
Human Resources,0.32061505
Human Resources,0.45265386
Information Technology,0.42459282
Information Technology,0.4418661
Information Technology,0.42540118
Java Developer,0.37847382
Java Developer,0.32827064
Java Developer,0.36942598
Management,0.38997126
Management,0.3399284
Management,0.3382002
Mechanical Engineer,0.3348731
Mechanical Engineer,0.3768221
Mechanical Engineer,0.386213
Network Security Engineer,0.3101426
Network Security Engineer,0.42273927
Network Security Engineer,0.37652764
Operations Manager,0.3781034
Operations Manager,0.41680047
Operations Manager,0.46187213
PMO,0.36770317
PMO,0.40268892
PMO,0.41191825
Public Relations,0.2956025
Public Relations,0.39884427
Public Relations,0.25807306
Python Developer,0.3606992
Python Developer,0.27657044
Python Developer,0.34934324
React Developer,0.33383796
React Developer,0.3691975
React Developer,0.43895322
SAP Developer,0.37303132
SAP Developer,0.44372603
SAP Developer,0.42390242
SQL Developer,0.32444587
SQL Developer,0.40216798
SQL Developer,0.39113918
Sales,0.41526872
Sales,0.381902
Sales,0.36594567
Testing,0.32055765
Testing,0.2963727
Testing,0.29245606
Web Designing,0.36022508
Web Designing,0.37516594
Web Designing,0.28675282
Accountant,0.36614135
Accountant,0.41753978
Accountant,0.3644615
Advocate,0.32831028
Advocate,0.38036188
Advocate,0.34303594
Agriculture,0.29885343
Agriculture,0.4354737
Agriculture,0.2575513
Apparel,0.35174632
Apparel,0.38906157
Apparel,0.33716196
Architecture,0.34190854
Architecture,0.3362624
Architecture,0.35202366
Arts,0.3005661
Arts,0.34934998
Arts,0.25024638
Automobile,0.3325804
Automobile,0.3121075
Automobile,0.372868
Aviation,0.32369116
Aviation,0.3171866
Aviation,0.35451144
BPO,0.30995604
BPO,0.40325996
BPO,0.4060288
Banking,0.36256915
Banking,0.2900482
Banking,0.41552263
Blockchain,0.27804464
Blockchain,0.35702148
Blockchain,0.2760173
Building and Construction,0.38996074
Building and Construction,0.388411
Building and Construction,0.38976893
Business Analyst,0.393142
Business Analyst,0.3777819
Business Analyst,0.37940297
Civil Engineer,0.37057918
Civil Engineer,0.28905448
Civil Engineer,0.33747903
Consultant,0.19864099
Consultant,0.35807908
Consultant,0.40008467
Data Science,0.2992122
Data Science,0.3153863
Data Science,0.3391528
Database,0.37183964
Database,0.35664836
Database,0.3448438
Designing,0.27053273
Designing,0.22282562
Designing,0.34643906
DevOps,0.31891665
DevOps,0.39104742
DevOps,0.35845837
Digital Media,0.28293687
Digital Media,0.36255422
Digital Media,0.34806275
DotNet Developer,0.37043962
DotNet Developer,0.33629996
DotNet Developer,0.40142274
ETL Developer,0.3150869
ETL Developer,0.35499817
ETL Developer,0.38949686
Education,0.2837317
Education,0.2511338
Education,0.23661788
Electrical Engineering,0.38080853
Electrical Engineering,0.33450082
Electrical Engineering,0.3798654
Finance,0.39210555
Finance,0.3733728
Finance,0.4251061
Food and Beverages,0.35255513
Food and Beverages,0.33863014
Food and Beverages,0.32643285
Health and Fitness,0.2767395
Health and Fitness,0.3034018
Health and Fitness,0.24786885
Human Resources,0.45932117
Human Resources,0.30875072
Human Resources,0.3948815
Information Technology,0.40694314
Information Technology,0.40825322
Information Technology,0.3747667
Java Developer,0.3517987
Java Developer,0.310111
Java Developer,0.34065858
Management,0.38296092
Management,0.37592337
Management,0.33813992
Mechanical Engineer,0.35616717
Mechanical Engineer,0.3815891
Mechanical Engineer,0.38961253
Network Security Engineer,0.3178058
Network Security Engineer,0.3633585
Network Security Engineer,0.3942462
Operations Manager,0.34741995
Operations Manager,0.35877144
Operations Manager,0.43258953
PMO,0.43119198
PMO,0.42990562
PMO,0.4425276
Public Relations,0.33726928
Public Relations,0.3776933
Public Relations,0.30463752
Python Developer,0.3228275
Python Developer,0.28496557
Python Developer,0.34840623
React Developer,0.29641697
React Developer,0.35306853
React Developer,0.41712007
SAP Developer,0.38014126
SAP Developer,0.4358516
SAP Developer,0.37820873
SQL Developer,0.30592147
SQL Developer,0.35627946
SQL Developer,0.36111397
Sales,0.3579891
Sales,0.33368507
Sales,0.31755728
Testing,0.2945191
Testing,0.26586404
Testing,0.2538871
Web Designing,0.37021166
Web Designing,0.36944032
Web Designing,0.26814896
Accountant,0.40778956
Accountant,0.4892432
Accountant,0.40511855
Advocate,0.32742342
Advocate,0.3980716
Advocate,0.3883493
Agriculture,0.34562317
Agriculture,0.4885227
Agriculture,0.3225057
Apparel,0.36994177
Apparel,0.45083195
Apparel,0.43238044
Architecture,0.38670018
Architecture,0.3851525
Architecture,0.4150342
Arts,0.30940777
Arts,0.38508114
Arts,0.26342034
Automobile,0.40516624
Automobile,0.3900681
Automobile,0.4209508
Aviation,0.35860375
Aviation,0.36611965
Aviation,0.42420864
BPO,0.38526577
BPO,0.4690025
BPO,0.44890746
Banking,0.37323517
Banking,0.37885818
Banking,0.39168996
Blockchain,0.31433588
Blockchain,0.39588374
Blockchain,0.2857756
Building and Construction,0.46878043
Building and Construction,0.4568221
Building and Construction,0.4941432
Business Analyst,0.44410688
Business Analyst,0.41526294
Business Analyst,0.41187328
Civil Engineer,0.37976772
Civil Engineer,0.33081245
Civil Engineer,0.4019343
Consultant,0.20367987
Consultant,0.40761977
Consultant,0.4083535
Data Science,0.33988374
Data Science,0.38370642
Data Science,0.35952252
Database,0.35664493
Database,0.41074318
Database,0.37358403
Designing,0.2717489
Designing,0.3229922
Designing,0.406799
DevOps,0.3149871
DevOps,0.43689823
DevOps,0.4003697
Digital Media,0.31037015
Digital Media,0.40376204
Digital Media,0.4057599
DotNet Developer,0.38419187
DotNet Developer,0.36651826
DotNet Developer,0.39527065
ETL Developer,0.3411687
ETL Developer,0.35249344
ETL Developer,0.38927895
Education,0.33866093
Education,0.27435726
Education,0.30336216
Electrical Engineering,0.44647828
Electrical Engineering,0.38528946
Electrical Engineering,0.43266505
Finance,0.41247827
Finance,0.41869575
Finance,0.47286695
Food and Beverages,0.3999922
Food and Beverages,0.41198245
Food and Beverages,0.39283764
Health and Fitness,0.35940167
Health and Fitness,0.34191874
Health and Fitness,0.26333016
Human Resources,0.45100752
Human Resources,0.33762577
Human Resources,0.40819234
Information Technology,0.442823
Information Technology,0.44217587
Information Technology,0.43900284
Java Developer,0.36977768
Java Developer,0.29785436
Java Developer,0.33065563
Management,0.39341137
Management,0.34582865
Management,0.36503237
Mechanical Engineer,0.46022242
Mechanical Engineer,0.44101644
Mechanical Engineer,0.4335383
Network Security Engineer,0.30871373
Network Security Engineer,0.44065037
Network Security Engineer,0.41496086
Operations Manager,0.4167789
Operations Manager,0.41262078
Operations Manager,0.45725003
PMO,0.42455322
PMO,0.4319833
PMO,0.45633236
Public Relations,0.31691986
Public Relations,0.4454485
Public Relations,0.28616956
Python Developer,0.32622087
Python Developer,0.29178542
Python Developer,0.35602158
React Developer,0.33950478
React Developer,0.38810402
React Developer,0.4305961
SAP Developer,0.33971113
SAP Developer,0.46397677
SAP Developer,0.41852885
SQL Developer,0.32759792
SQL Developer,0.43700996
SQL Developer,0.42633876
Sales,0.4385447
Sales,0.37960774
Sales,0.38653868
Testing,0.33591145
Testing,0.2864026
Testing,0.28021747
Web Designing,0.37203822
Web Designing,0.38358513
Web Designing,0.3100326
Accountant,0.41696873
Accountant,0.5616199
Accountant,0.4836924
Advocate,0.32688642
Advocate,0.39779904
Advocate,0.38964134
Agriculture,0.34806874
Agriculture,0.3866454
Agriculture,0.34407517
Apparel,0.43229148
Apparel,0.4318165
Apparel,0.43952173
Architecture,0.4554808
Architecture,0.27556095
Architecture,0.32597014
Arts,0.28774062
Arts,0.3008325
Arts,0.18190038
Automobile,0.43840832
Automobile,0.3561554
Automobile,0.42292482
Aviation,0.36603075
Aviation,0.3829728
Aviation,0.36977825
BPO,0.4068851
BPO,0.33172765
BPO,0.44231802
Banking,0.41542885
Banking,0.35852033
Banking,0.4044891
Blockchain,0.28526354
Blockchain,0.41306475
Blockchain,0.36609077
Building and Construction,0.5239487
Building and Construction,0.4559374
Building and Construction,0.38757822
Business Analyst,0.4278119
Business Analyst,0.39474964
Business Analyst,0.3575755
Civil Engineer,0.43443674
Civil Engineer,0.19637991
Civil Engineer,0.27339235
Consultant,0.22803338
Consultant,0.40941197
Consultant,0.42231092
Data Science,0.26942873
Data Science,0.34313446
Data Science,0.39148468
Database,0.381788
Database,0.35393757
Database,0.35664934
Designing,0.19884266
Designing,0.27582833
Designing,0.37656036
DevOps,0.31760207
DevOps,0.34708315
DevOps,0.38955334
Digital Media,0.30106303
Digital Media,0.3399715
Digital Media,0.44158727
DotNet Developer,0.31592044
DotNet Developer,0.4113427
DotNet Developer,0.31121984
ETL Developer,0.36219016
ETL Developer,0.3424053
ETL Developer,0.3874022
Education,0.2630671
Education,0.18497093
Education,0.20930627
Electrical Engineering,0.42424843
Electrical Engineering,0.31650606
Electrical Engineering,0.464865
Finance,0.43037334
Finance,0.39852813
Finance,0.45969415
Food and Beverages,0.40823582
Food and Beverages,0.3745506
Food and Beverages,0.3837664
Health and Fitness,0.29721338
Health and Fitness,0.32621908
Health and Fitness,0.2611421
Human Resources,0.44917792
Human Resources,0.3131648
Human Resources,0.51459897
Information Technology,0.37085614
Information Technology,0.40702277
Information Technology,0.5053259
Java Developer,0.35499457
Java Developer,0.29673165
Java Developer,0.31136584
Management,0.4709383
Management,0.40379354
Management,0.4454777
Mechanical Engineer,0.3281552
Mechanical Engineer,0.4373117
Mechanical Engineer,0.39968032
Network Security Engineer,0.29553413
Network Security Engineer,0.38768935
Network Security Engineer,0.4080498
Operations Manager,0.40928546
Operations Manager,0.5010921
Operations Manager,0.49559504
PMO,0.3687389
PMO,0.3833714
PMO,0.44645807
Public Relations,0.27429977
Public Relations,0.4357173
Public Relations,0.23215969
Python Developer,0.33729282
Python Developer,0.25861138
Python Developer,0.33554325
React Developer,0.29094043
React Developer,0.35697347
React Developer,0.36838788
SAP Developer,0.3935249
SAP Developer,0.46481508
SAP Developer,0.43213084
SQL Developer,0.32286137
SQL Developer,0.39663786
SQL Developer,0.3876903
Sales,0.4760123
Sales,0.4499683
Sales,0.40233698
Testing,0.30476213
Testing,0.32146755
Testing,0.30569023
Web Designing,0.31114867
Web Designing,0.34473342
Web Designing,0.2174151
Accountant,0.32806504
Accountant,0.40943012
Accountant,0.34864953
Advocate,0.3264045
Advocate,0.37679082
Advocate,0.34092942
Agriculture,0.3455347
Agriculture,0.3750466
Agriculture,0.31127876
Apparel,0.33901533
Apparel,0.3882298
Apparel,0.349361
Architecture,0.32622796
Architecture,0.3394167
Architecture,0.34222534
Arts,0.27669215
Arts,0.32581523
Arts,0.2373396
Automobile,0.3066122
Automobile,0.35280746
Automobile,0.36957255
Aviation,0.3057104
Aviation,0.27169877
Aviation,0.3234344
BPO,0.33254725
BPO,0.35737622
BPO,0.40427876
Banking,0.34448415
Banking,0.36727795
Banking,0.36933318
Blockchain,0.33138993
Blockchain,0.39748836
Blockchain,0.32170606
Building and Construction,0.36952442
Building and Construction,0.39041442
Building and Construction,0.3318083
Business Analyst,0.39804956
Business Analyst,0.41567448
Business Analyst,0.41229784
Civil Engineer,0.32407767
Civil Engineer,0.26258415
Civil Engineer,0.33909684
Consultant,0.22493818
Consultant,0.3688916
Consultant,0.42958793
Data Science,0.29320437
Data Science,0.32918513
Data Science,0.3332465
Database,0.35896987
Database,0.37429854
Database,0.35929438
Designing,0.26473513
Designing,0.282449
Designing,0.3215072
DevOps,0.3305503
DevOps,0.39959124
DevOps,0.39397347
Digital Media,0.27662975
Digital Media,0.36977938
Digital Media,0.3549256
DotNet Developer,0.36963472
DotNet Developer,0.32607552
DotNet Developer,0.3408104
ETL Developer,0.3331015
ETL Developer,0.32995027
ETL Developer,0.4207191
Education,0.30835986
Education,0.2550773
Education,0.25860208
Electrical Engineering,0.35937595
Electrical Engineering,0.30791715
Electrical Engineering,0.3747659
Finance,0.38399553
Finance,0.38302734
Finance,0.3853603
Food and Beverages,0.33227813
Food and Beverages,0.38184857
Food and Beverages,0.36743015
Health and Fitness,0.30343887
Health and Fitness,0.3108788
Health and Fitness,0.26111695
Human Resources,0.40612087
Human Resources,0.30352738
Human Resources,0.3823977
Information Technology,0.40453976
Information Technology,0.42496443
Information Technology,0.39182353
Java Developer,0.35781977
Java Developer,0.2937697
Java Developer,0.36332133
Management,0.34794566
Management,0.30688316
Management,0.35120025
Mechanical Engineer,0.33279863
Mechanical Engineer,0.3572953
Mechanical Engineer,0.38669738
Network Security Engineer,0.33472744
Network Security Engineer,0.3877221
Network Security Engineer,0.3723931
Operations Manager,0.32098386
Operations Manager,0.38932714
Operations Manager,0.44125995
PMO,0.37402943
PMO,0.4157606
PMO,0.40248996
Public Relations,0.32704592
Public Relations,0.35593024
Public Relations,0.26801017
Python Developer,0.32155624
Python Developer,0.26035658
Python Developer,0.38539842
React Developer,0.32219887
React Developer,0.3715372
React Developer,0.42170522
SAP Developer,0.34398112
SAP Developer,0.41783452
SAP Developer,0.37664807
SQL Developer,0.31925687
SQL Developer,0.3688323
SQL Developer,0.35842213
Sales,0.35160792
Sales,0.35270527
Sales,0.33333015
Testing,0.26937962
Testing,0.24627149
Testing,0.25684783
Web Designing,0.38268685
Web Designing,0.35223222
Web Designing,0.2792234
Accountant,0.3516021
Accountant,0.4767252
Accountant,0.3756843
Advocate,0.39561823
Advocate,0.49903297
Advocate,0.44583544
Agriculture,0.30782387
Agriculture,0.49386296
Agriculture,0.35183057
Apparel,0.5078025
Apparel,0.42443043
Apparel,0.4825603
Architecture,0.44958892
Architecture,0.27226776
Architecture,0.41064313
Arts,0.24772362
Arts,0.37709433
Arts,0.24708351
Automobile,0.410078
Automobile,0.3740096
Automobile,0.47133628
Aviation,0.41873506
Aviation,0.390503
Aviation,0.38210967
BPO,0.38432327
BPO,0.42426878
BPO,0.46464133
Banking,0.46392515
Banking,0.33338434
Banking,0.4618527
Blockchain,0.24585152
Blockchain,0.44551063
Blockchain,0.30094868
Building and Construction,0.50036955
Building and Construction,0.49574164
Building and Construction,0.3684694
Business Analyst,0.42100212
Business Analyst,0.3797308
Business Analyst,0.37144184
Civil Engineer,0.4432326
Civil Engineer,0.30998024
Civil Engineer,0.25384945
Consultant,0.24345805
Consultant,0.46096236
Consultant,0.43991497
Data Science,0.34324646
Data Science,0.41756132
Data Science,0.43534875
Database,0.4472346
Database,0.42907673
Database,0.35959986
Designing,0.24710512
Designing,0.3007772
Designing,0.33115175
DevOps,0.35610726
DevOps,0.40033326
DevOps,0.47212082
Digital Media,0.28841272
Digital Media,0.3787241
Digital Media,0.41477212
DotNet Developer,0.3604226
DotNet Developer,0.403965
DotNet Developer,0.3684316
ETL Developer,0.36041793
ETL Developer,0.36582235
ETL Developer,0.41763902
Education,0.34017897
Education,0.304481
Education,0.32628313
Electrical Engineering,0.48042697
Electrical Engineering,0.39698622
Electrical Engineering,0.5020485
Finance,0.47520486
Finance,0.36074278
Finance,0.42957386
Food and Beverages,0.4249323
Food and Beverages,0.4714384
Food and Beverages,0.5085376
Health and Fitness,0.37948444
Health and Fitness,0.3915062
Health and Fitness,0.360972
Human Resources,0.47478625
Human Resources,0.40358806
Human Resources,0.46965447
Information Technology,0.41269645
Information Technology,0.40391025
Information Technology,0.48662362
Java Developer,0.40943187
Java Developer,0.29473758
Java Developer,0.37266678
Management,0.5189883
Management,0.39823142
Management,0.38763854
Mechanical Engineer,0.35809377
Mechanical Engineer,0.4443632
Mechanical Engineer,0.4170552
Network Security Engineer,0.34816152
Network Security Engineer,0.4599708
Network Security Engineer,0.39547035
Operations Manager,0.48452002
Operations Manager,0.521676
Operations Manager,0.5109126
PMO,0.39790347
PMO,0.3882752
PMO,0.4169434
Public Relations,0.30615893
Public Relations,0.5314731
Public Relations,0.3299765
Python Developer,0.35803756
Python Developer,0.29027438
Python Developer,0.40379828
React Developer,0.2967684
React Developer,0.36967564
React Developer,0.4782779
SAP Developer,0.407935
SAP Developer,0.44790393
SAP Developer,0.41454503
SQL Developer,0.37215587
SQL Developer,0.45285997
SQL Developer,0.40195054
Sales,0.47477838
Sales,0.4041234
Sales,0.44303718
Testing,0.39839724
Testing,0.35575053
Testing,0.34699813
Web Designing,0.351473
Web Designing,0.36519665
Web Designing,0.25385466
Accountant,0.30293727
Accountant,0.38259065
Accountant,0.30824247
Advocate,0.3321692
Advocate,0.36363554
Advocate,0.31615373
Agriculture,0.23833738
Agriculture,0.34355778
Agriculture,0.2501542
Apparel,0.31182098
Apparel,0.31485814
Apparel,0.3792149
Architecture,0.31088546
Architecture,0.3085517
Architecture,0.34260634
Arts,0.24764584
Arts,0.34861833
Arts,0.3105456
Automobile,0.30668592
Automobile,0.28463465
Automobile,0.36354062
Aviation,0.32424784
Aviation,0.2627873
Aviation,0.31984332
BPO,0.2914216
BPO,0.3116138
BPO,0.3449115
Banking,0.30577943
Banking,0.28054747
Banking,0.35762808
Blockchain,0.21304709
Blockchain,0.32052982
Blockchain,0.19489463
Building and Construction,0.36426803
Building and Construction,0.3345301
Building and Construction,0.31342718
Business Analyst,0.30579194
Business Analyst,0.30551642
Business Analyst,0.26901847
Civil Engineer,0.33652192
Civil Engineer,0.30171594
Civil Engineer,0.25486994
Consultant,0.24937364
Consultant,0.29865822
Consultant,0.36636496
Data Science,0.36457786
Data Science,0.33262008
Data Science,0.32503843
Database,0.29952055
Database,0.26665866
Database,0.27974606
Designing,0.19971222
Designing,0.2337464
Designing,0.27008975
DevOps,0.23780024
DevOps,0.27448288
DevOps,0.35012463
Digital Media,0.30248392
Digital Media,0.33402753
Digital Media,0.32617238
DotNet Developer,0.27987343
DotNet Developer,0.27529582
DotNet Developer,0.2930541
ETL Developer,0.22586842
ETL Developer,0.25388816
ETL Developer,0.31637058
Education,0.29690674
Education,0.2535193
Education,0.30449188
Electrical Engineering,0.33500206
Electrical Engineering,0.28029254
Electrical Engineering,0.36281154
Finance,0.34908783
Finance,0.3046359
Finance,0.32531437
Food and Beverages,0.30825046
Food and Beverages,0.33209446
Food and Beverages,0.32730603
Health and Fitness,0.3251938
Health and Fitness,0.349468
Health and Fitness,0.3200046
Human Resources,0.38276783
Human Resources,0.31024185
Human Resources,0.35584232
Information Technology,0.323618
Information Technology,0.30753288
Information Technology,0.36062846
Java Developer,0.27128118
Java Developer,0.21800528
Java Developer,0.26087412
Management,0.3404258
Management,0.28754523
Management,0.279486
Mechanical Engineer,0.27416208
Mechanical Engineer,0.3235349
Mechanical Engineer,0.30819058
Network Security Engineer,0.2511431
Network Security Engineer,0.32632923
Network Security Engineer,0.3411885
Operations Manager,0.34149566
Operations Manager,0.34683412
Operations Manager,0.37223658
PMO,0.30245078
PMO,0.31875035
PMO,0.32860827
Public Relations,0.3453347
Public Relations,0.40197122
Public Relations,0.3288569
Python Developer,0.28482673
Python Developer,0.22246689
Python Developer,0.26566085
React Developer,0.22584295
React Developer,0.26549006
React Developer,0.3906769
SAP Developer,0.29752648
SAP Developer,0.34152582
SAP Developer,0.3027169
SQL Developer,0.25476828
SQL Developer,0.32326064
SQL Developer,0.30666494
Sales,0.34677643
Sales,0.31790453
Sales,0.33175206
Testing,0.2848786
Testing,0.25743076
Testing,0.24031998
Web Designing,0.30774114
Web Designing,0.26169848
Web Designing,0.2607469
Accountant,0.3854783
Accountant,0.45711762
Accountant,0.4231149
Advocate,0.30710736
Advocate,0.36073336
Advocate,0.37432966
Agriculture,0.3242167
Agriculture,0.5143999
Agriculture,0.25282645
Apparel,0.37054142
Apparel,0.4145711
Apparel,0.3211248
Architecture,0.32323733
Architecture,0.36587033
Architecture,0.4040311
Arts,0.325846
Arts,0.359969
Arts,0.21108265
Automobile,0.3117315
Automobile,0.30122188
Automobile,0.39105034
Aviation,0.30705267
Aviation,0.3266312
Aviation,0.31602952
BPO,0.30831966
BPO,0.43249467
BPO,0.44515386
Banking,0.376362
Banking,0.25219807
Banking,0.43119225
Blockchain,0.2377197
Blockchain,0.3330151
Blockchain,0.25211152
Building and Construction,0.4432698
Building and Construction,0.4375965
Building and Construction,0.43081984
Business Analyst,0.4555443
Business Analyst,0.37286577
Business Analyst,0.35817397
Civil Engineer,0.39106762
Civil Engineer,0.29798436
Civil Engineer,0.38167813
Consultant,0.2071235
Consultant,0.3460878
Consultant,0.38288328
Data Science,0.30072376
Data Science,0.31125468
Data Science,0.33411598
Database,0.34777755
Database,0.40147734
Database,0.34665436
Designing,0.24748664
Designing,0.2379884
Designing,0.41925892
DevOps,0.27538618
DevOps,0.42284793
DevOps,0.34692857
Digital Media,0.28307575
Digital Media,0.37421182
Digital Media,0.38734648
DotNet Developer,0.38436264
DotNet Developer,0.32777756
DotNet Developer,0.41990876
ETL Developer,0.32693645
ETL Developer,0.36436257
ETL Developer,0.3934455
Education,0.27599457
Education,0.22356795
Education,0.19482401
Electrical Engineering,0.4187989
Electrical Engineering,0.33634478
Electrical Engineering,0.41583154
Finance,0.42558345
Finance,0.4027029
Finance,0.44823897
Food and Beverages,0.35812387
Food and Beverages,0.3310768
Food and Beverages,0.296887
Health and Fitness,0.26642412
Health and Fitness,0.29670757
Health and Fitness,0.23430674
Human Resources,0.4634498
Human Resources,0.29524297
Human Resources,0.38695022
Information Technology,0.43771634
Information Technology,0.4089296
Information Technology,0.3676738
Java Developer,0.3234973
Java Developer,0.31318146
Java Developer,0.35396358
Management,0.35335135
Management,0.35013318
Management,0.33913612
Mechanical Engineer,0.40827453
Mechanical Engineer,0.38526717
Mechanical Engineer,0.435324
Network Security Engineer,0.25780526
Network Security Engineer,0.4028477
Network Security Engineer,0.42191893
Operations Manager,0.34649798
Operations Manager,0.36955106
Operations Manager,0.4669578
PMO,0.42807865
PMO,0.46047613
PMO,0.4520287
Public Relations,0.346971
Public Relations,0.368123
Public Relations,0.23231095
Python Developer,0.30151105
Python Developer,0.25920144
Python Developer,0.34219757
React Developer,0.3560631
React Developer,0.33551705
React Developer,0.43409774
SAP Developer,0.35144153
SAP Developer,0.49453866
SAP Developer,0.3998631
SQL Developer,0.27387083
SQL Developer,0.37790218
SQL Developer,0.38175768
Sales,0.3743149
Sales,0.29787844
Sales,0.3138697
Testing,0.33686176
Testing,0.2876766
Testing,0.2759759
Web Designing,0.38173723
Web Designing,0.41988185
Web Designing,0.23531753
Accountant,0.36032465
Accountant,0.41222808
Accountant,0.38274056
Advocate,0.32573256
Advocate,0.37326443
Advocate,0.35885617
Agriculture,0.26189882
Agriculture,0.33648252
Agriculture,0.2689312
Apparel,0.35408825
Apparel,0.31545636
Apparel,0.33325258
Architecture,0.3329076
Architecture,0.2282761
Architecture,0.3282577
Arts,0.23030843
Arts,0.25819817
Arts,0.19655366
Automobile,0.3074861
Automobile,0.28152478
Automobile,0.36400375
Aviation,0.28642774
Aviation,0.24943267
Aviation,0.31812647
BPO,0.3123104
BPO,0.31776342
BPO,0.3789253
Banking,0.39207366
Banking,0.33032504
Banking,0.38284072
Blockchain,0.2744379
Blockchain,0.34355152
Blockchain,0.28251812
Building and Construction,0.3598611
Building and Construction,0.32541645
Building and Construction,0.30121845
Business Analyst,0.36050865
Business Analyst,0.3290937
Business Analyst,0.28790346
Civil Engineer,0.38108304
Civil Engineer,0.22297662
Civil Engineer,0.2389659
Consultant,0.2080453
Consultant,0.33846486
Consultant,0.36336517
Data Science,0.2284624
Data Science,0.26554623
Data Science,0.31016955
Database,0.3396285
Database,0.31100994
Database,0.2751171
Designing,0.18406537
Designing,0.2325738
Designing,0.3095502
DevOps,0.21764807
DevOps,0.33348006
DevOps,0.32072037
Digital Media,0.24968986
Digital Media,0.29243064
Digital Media,0.33432284
DotNet Developer,0.28138942
DotNet Developer,0.31194875
DotNet Developer,0.29410803
ETL Developer,0.311544
ETL Developer,0.29362327
ETL Developer,0.33336985
Education,0.25376916
Education,0.2163426
Education,0.2239518
Electrical Engineering,0.31913894
Electrical Engineering,0.2582121
Electrical Engineering,0.35856447
Finance,0.37151706
Finance,0.31184998
Finance,0.330266
Food and Beverages,0.33599335
Food and Beverages,0.31272784
Food and Beverages,0.31692737
Health and Fitness,0.2579983
Health and Fitness,0.31723285
Health and Fitness,0.2695003
Human Resources,0.38632324
Human Resources,0.28988203
Human Resources,0.36094734
Information Technology,0.32405385
Information Technology,0.38099194
Information Technology,0.38426512
Java Developer,0.28329653
Java Developer,0.24307701
Java Developer,0.28164396
Management,0.34635752
Management,0.299351
Management,0.27686945
Mechanical Engineer,0.26270738
Mechanical Engineer,0.31825358
Mechanical Engineer,0.33290023
Network Security Engineer,0.2909004
Network Security Engineer,0.34962043
Network Security Engineer,0.35647678
Operations Manager,0.3450599
Operations Manager,0.37048677
Operations Manager,0.38318002
PMO,0.30509815
PMO,0.31948674
PMO,0.35884082
Public Relations,0.25297764
Public Relations,0.37353384
Public Relations,0.2382654
Python Developer,0.33483726
Python Developer,0.2040129
Python Developer,0.2914558
React Developer,0.2544231
React Developer,0.27658513
React Developer,0.35765043
SAP Developer,0.33582103
SAP Developer,0.36716974
SAP Developer,0.3503377
SQL Developer,0.2607365
SQL Developer,0.33996508
SQL Developer,0.32467103
Sales,0.3731665
Sales,0.3070126
Sales,0.33826113
Testing,0.2554266
Testing,0.28117803
Testing,0.2585618
Web Designing,0.31098932
Web Designing,0.31599098
Web Designing,0.23378405
Accountant,0.20509708
Accountant,0.30504817
Accountant,0.18207212
Advocate,0.27824336
Advocate,0.33302444
Advocate,0.14712793
Agriculture,0.24506643
Agriculture,0.3116934
Agriculture,0.24427466
Apparel,0.30985206
Apparel,0.4017319
Apparel,0.31077003
Architecture,0.38968703
Architecture,0.32467806
Architecture,0.2483739
Arts,0.28421733
Arts,0.22213566
Arts,0.1783959
Automobile,0.23193157
Automobile,0.2492545
Automobile,0.28792596
Aviation,0.18898469
Aviation,0.32018042
Aviation,0.2778465
BPO,0.27051175
BPO,0.22156131
BPO,0.2878389
Banking,0.28617388
Banking,0.2851727
Banking,0.21783215
Blockchain,0.17149268
Blockchain,0.28207532
Blockchain,0.21069221
Building and Construction,0.28537762
Building and Construction,0.28830484
Building and Construction,0.39471895
Business Analyst,0.22826876
Business Analyst,0.3061514
Business Analyst,0.35300174
Civil Engineer,0.24805754
Civil Engineer,0.2156818
Civil Engineer,0.2154651
Consultant,0.22001243
Consultant,0.27574158
Consultant,0.30515802
Data Science,0.14096054
Data Science,0.16620745
Data Science,0.20614782
Database,0.19619513
Database,0.23782243
Database,0.1781103
Designing,0.34776053
Designing,0.19482177
Designing,0.46810347
DevOps,0.19019617
DevOps,0.21291229
DevOps,0.27431333
Digital Media,0.20737278
Digital Media,0.2786176
Digital Media,0.3183425
DotNet Developer,0.23696055
DotNet Developer,0.32348737
DotNet Developer,0.22455874
ETL Developer,0.2272511
ETL Developer,0.24910465
ETL Developer,0.22141805
Education,0.15597959
Education,0.11675105
Education,0.13032214
Electrical Engineering,0.27551472
Electrical Engineering,0.21233942
Electrical Engineering,0.28888708
Finance,0.18807755
Finance,0.2765189
Finance,0.2601925
Food and Beverages,0.37994292
Food and Beverages,0.19591287
Food and Beverages,0.20240685
Health and Fitness,0.18017529
Health and Fitness,0.2108541
Health and Fitness,0.17587411
Human Resources,0.271244
Human Resources,0.21091649
Human Resources,0.363384
Information Technology,0.23409541
Information Technology,0.28697222
Information Technology,0.38315275
Java Developer,0.1864526
Java Developer,0.19218124
Java Developer,0.23855416
Management,0.269631
Management,0.1980626
Management,0.33545995
Mechanical Engineer,0.30949038
Mechanical Engineer,0.33630478
Mechanical Engineer,0.40883195
Network Security Engineer,0.17234784
Network Security Engineer,0.25388473
Network Security Engineer,0.2503428
Operations Manager,0.22088078
Operations Manager,0.35713556
Operations Manager,0.3062149
PMO,0.21756996
PMO,0.4047078
PMO,0.32069808
Public Relations,0.20676869
Public Relations,0.21752584
Public Relations,0.2856602
Python Developer,0.2808776
Python Developer,0.21722406
Python Developer,0.21586174
React Developer,0.30394754
React Developer,0.23518422
React Developer,0.17762983
SAP Developer,0.31681296
SAP Developer,0.28708428
SAP Developer,0.242666
SQL Developer,0.19036183
SQL Developer,0.345155
SQL Developer,0.2537288
Sales,0.23084359
Sales,0.40043277
Sales,0.25503847
Testing,0.20733152
Testing,0.16479236
Testing,0.18793035
Web Designing,0.217959
Web Designing,0.32241422
Web Designing,0.31830102
Accountant,0.3461723
Accountant,0.47605473
Accountant,0.4009647
Advocate,0.5217041
Advocate,0.6879357
Advocate,0.57856184
Agriculture,0.31058398
Agriculture,0.37684876
Agriculture,0.21836908
Apparel,0.34695762
Apparel,0.32830837
Apparel,0.3346908
Architecture,0.45466456
Architecture,0.25755405
Architecture,0.42005798
Arts,0.22090936
Arts,0.36458635
Arts,0.20897421
Automobile,0.39181292
Automobile,0.22593242
Automobile,0.36858645
Aviation,0.24854475
Aviation,0.21177082
Aviation,0.30519387
BPO,0.28646377
BPO,0.2728895
BPO,0.44326743
Banking,0.47261918
Banking,0.23627432
Banking,0.5434336
Blockchain,0.3669894
Blockchain,0.41461185
Blockchain,0.20788564
Building and Construction,0.34907755
Building and Construction,0.2811181
Building and Construction,0.34034133
Business Analyst,0.38584986
Business Analyst,0.3874663
Business Analyst,0.34268793
Civil Engineer,0.51895946
Civil Engineer,0.2253328
Civil Engineer,0.18642461
Consultant,0.36965877
Consultant,0.37587193
Consultant,0.37781844
Data Science,0.28284064
Data Science,0.3035889
Data Science,0.31162205
Database,0.43414462
Database,0.31848472
Database,0.27748516
Designing,0.21707302
Designing,0.14035991
Designing,0.30138668
DevOps,0.17238991
DevOps,0.37284598
DevOps,0.35364187
Digital Media,0.23274964
Digital Media,0.36807665
Digital Media,0.38171288
DotNet Developer,0.2798054
DotNet Developer,0.40811753
DotNet Developer,0.3514804
ETL Developer,0.2944875
ETL Developer,0.2559222
ETL Developer,0.35593116
Education,0.28912473
Education,0.2410775
Education,0.17034382
Electrical Engineering,0.28098643
Electrical Engineering,0.2162829
Electrical Engineering,0.3253133
Finance,0.38419205
Finance,0.32775494
Finance,0.3297578
Food and Beverages,0.31958914
Food and Beverages,0.25755104
Food and Beverages,0.29076362
Health and Fitness,0.32099283
Health and Fitness,0.5112618
Health and Fitness,0.34479883
Human Resources,0.4770539
Human Resources,0.28590786
Human Resources,0.4835746
Information Technology,0.3804618
Information Technology,0.42475405
Information Technology,0.3975229
Java Developer,0.27797058
Java Developer,0.23793255
Java Developer,0.26659048
Management,0.3273044
Management,0.3477283
Management,0.23043497
Mechanical Engineer,0.24137847
Mechanical Engineer,0.31357986
Mechanical Engineer,0.31857827
Network Security Engineer,0.17110795
Network Security Engineer,0.37070236
Network Security Engineer,0.3956766
Operations Manager,0.45654345
Operations Manager,0.35694873
Operations Manager,0.47910145
PMO,0.38463452
PMO,0.39922857
PMO,0.35681868
Public Relations,0.2774644
Public Relations,0.41279474
Public Relations,0.32198703
Python Developer,0.32098106
Python Developer,0.22634642
Python Developer,0.27207565
React Developer,0.2651068
React Developer,0.28634658
React Developer,0.4641294
SAP Developer,0.35643834
SAP Developer,0.48889986
SAP Developer,0.36369443
SQL Developer,0.22926722
SQL Developer,0.35763824
SQL Developer,0.33550963
Sales,0.60336834
Sales,0.34761122
Sales,0.4007838
Testing,0.57966053
Testing,0.53822
Testing,0.5018805
Web Designing,0.30691135
Web Designing,0.34638634
Web Designing,0.19760174
Accountant,0.3137704
Accountant,0.37573302
Accountant,0.31091043
Advocate,0.3104287
Advocate,0.3656026
Advocate,0.30783832
Agriculture,0.25137845
Agriculture,0.32607913
Agriculture,0.25165573
Apparel,0.31398597
Apparel,0.31908298
Apparel,0.35104382
Architecture,0.32774737
Architecture,0.28081036
Architecture,0.31615588
Arts,0.25638527
Arts,0.29992262
Arts,0.24275364
Automobile,0.3085858
Automobile,0.30435124
Automobile,0.3836414
Aviation,0.31450048
Aviation,0.2636417
Aviation,0.30851078
BPO,0.30929503
BPO,0.28459287
BPO,0.362593
Banking,0.32877445
Banking,0.28026676
Banking,0.34343413
Blockchain,0.25562528
Blockchain,0.33080578
Blockchain,0.21262443
Building and Construction,0.34490412
Building and Construction,0.33234897
Building and Construction,0.31337085
Business Analyst,0.31380755
Business Analyst,0.30233395
Business Analyst,0.29676682
Civil Engineer,0.35097167
Civil Engineer,0.27376255
Civil Engineer,0.24708848
Consultant,0.24229977
Consultant,0.30063972
Consultant,0.350973
Data Science,0.31650147
Data Science,0.31606176
Data Science,0.31058735
Database,0.30558679
Database,0.28810835
Database,0.2908505
Designing,0.18315494
Designing,0.24456388
Designing,0.28154397
DevOps,0.22367203
DevOps,0.3188726
DevOps,0.34460592
Digital Media,0.2907017
Digital Media,0.30464074
Digital Media,0.3170723
DotNet Developer,0.26709774
DotNet Developer,0.28699136
DotNet Developer,0.2995167
ETL Developer,0.25137383
ETL Developer,0.25117218
ETL Developer,0.31715932
Education,0.30062515
Education,0.2642946
Education,0.29568017
Electrical Engineering,0.3537528
Electrical Engineering,0.282987
Electrical Engineering,0.3430705
Finance,0.34507802
Finance,0.28870255
Finance,0.28650463
Food and Beverages,0.29277787
Food and Beverages,0.3514891
Food and Beverages,0.3575263
Health and Fitness,0.3178797
Health and Fitness,0.35914588
Health and Fitness,0.31421494
Human Resources,0.38474277
Human Resources,0.3302076
Human Resources,0.35026497
Information Technology,0.30219442
Information Technology,0.33108944
Information Technology,0.36926743
Java Developer,0.27461013
Java Developer,0.23799883
Java Developer,0.28059363
Management,0.32363558
Management,0.27153713
Management,0.28503186
Mechanical Engineer,0.28384048
Mechanical Engineer,0.31470734
Mechanical Engineer,0.3343817
Network Security Engineer,0.27431017
Network Security Engineer,0.32566005
Network Security Engineer,0.3275324
Operations Manager,0.32153127
Operations Manager,0.37413037
Operations Manager,0.36029488
PMO,0.28800216
PMO,0.32352307
PMO,0.34127378
Public Relations,0.2782511
Public Relations,0.39808157
Public Relations,0.26716784
Python Developer,0.3167636
Python Developer,0.2310824
Python Developer,0.29390392
React Developer,0.2551607
React Developer,0.27728087
React Developer,0.3993729
SAP Developer,0.3018966
SAP Developer,0.34211695
SAP Developer,0.3115971
SQL Developer,0.26623166
SQL Developer,0.330792
SQL Developer,0.29445863
Sales,0.37291962
Sales,0.29974616
Sales,0.33128983
Testing,0.27733126
Testing,0.27351898
Testing,0.25610572
Web Designing,0.32548922
Web Designing,0.3086657
Web Designing,0.27670553
Accountant,0.32375312
Accountant,0.41009098
Accountant,0.36002904
Advocate,0.34772038
Advocate,0.393658
Advocate,0.33037403
Agriculture,0.25725323
Agriculture,0.34529334
Agriculture,0.29360932
Apparel,0.3543985
Apparel,0.37546465
Apparel,0.39907852
Architecture,0.33610198
Architecture,0.28370914
Architecture,0.36967725
Arts,0.29590294
Arts,0.3012177
Arts,0.22629328
Automobile,0.33840472
Automobile,0.3735728
Automobile,0.38069817
Aviation,0.32530728
Aviation,0.25853184
Aviation,0.35977435
BPO,0.33149973
BPO,0.33039445
BPO,0.3908728
Banking,0.35209152
Banking,0.32895654
Banking,0.3874189
Blockchain,0.3596644
Blockchain,0.33359575
Blockchain,0.2521523
Building and Construction,0.3669056
Building and Construction,0.3967375
Building and Construction,0.34325334
Business Analyst,0.37561554
Business Analyst,0.33219546
Business Analyst,0.30818206
Civil Engineer,0.38558435
Civil Engineer,0.2739854
Civil Engineer,0.2558055
Consultant,0.276466
Consultant,0.3776539
Consultant,0.364685
Data Science,0.2686322
Data Science,0.33087757
Data Science,0.3576167
Database,0.37457368
Database,0.362191
Database,0.33805054
Designing,0.22134855
Designing,0.2859243
Designing,0.30785713
DevOps,0.32489285
DevOps,0.34187207
DevOps,0.3592977
Digital Media,0.29166993
Digital Media,0.3203707
Digital Media,0.3030735
DotNet Developer,0.3495145
DotNet Developer,0.37079242
DotNet Developer,0.37181544
ETL Developer,0.32374263
ETL Developer,0.28766873
ETL Developer,0.36196455
Education,0.30326423
Education,0.3208511
Education,0.33888036
Electrical Engineering,0.38120815
Electrical Engineering,0.32356897
Electrical Engineering,0.3748388
Finance,0.3539146
Finance,0.29449484
Finance,0.29606566
Food and Beverages,0.37928373
Food and Beverages,0.3629888
Food and Beverages,0.3939318
Health and Fitness,0.3099943
Health and Fitness,0.36298937
Health and Fitness,0.33841673
Human Resources,0.4150877
Human Resources,0.38443747
Human Resources,0.41194695
Information Technology,0.33235088
Information Technology,0.35451314
Information Technology,0.39631033
Java Developer,0.31181422
Java Developer,0.25573057
Java Developer,0.3331514
Management,0.33474383
Management,0.32850552
Management,0.28226307
Mechanical Engineer,0.30612466
Mechanical Engineer,0.35046694
Mechanical Engineer,0.4138264
Network Security Engineer,0.331598
Network Security Engineer,0.36389408
Network Security Engineer,0.35673758
Operations Manager,0.3215914
Operations Manager,0.3887724
Operations Manager,0.3812787
PMO,0.29185924
PMO,0.2911167
PMO,0.34238964
Public Relations,0.24689819
Public Relations,0.41663715
Public Relations,0.28325015
Python Developer,0.34918642
Python Developer,0.23995504
Python Developer,0.34373024
React Developer,0.29550427
React Developer,0.33620006
React Developer,0.43302014
SAP Developer,0.3786147
SAP Developer,0.35709068
SAP Developer,0.33762354
SQL Developer,0.3203485
SQL Developer,0.36131743
SQL Developer,0.32558137
Sales,0.4399143
Sales,0.3297439
Sales,0.36346298
Testing,0.30622435
Testing,0.31460372
Testing,0.2957484
Web Designing,0.3658041
Web Designing,0.3205211
Web Designing,0.3012237
Accountant,0.32377064
Accountant,0.38122445
Accountant,0.3334149
Advocate,0.44315785
Advocate,0.4401356
Advocate,0.41547602
Agriculture,0.28905177
Agriculture,0.33832705
Agriculture,0.267385
Apparel,0.32662636
Apparel,0.31580508
Apparel,0.30989012
Architecture,0.3287058
Architecture,0.2741445
Architecture,0.36544815
Arts,0.22324681
Arts,0.37823814
Arts,0.25784257
Automobile,0.3070597
Automobile,0.28952664
Automobile,0.37097898
Aviation,0.33361846
Aviation,0.25160378
Aviation,0.3642434
BPO,0.24843842
BPO,0.24629638
BPO,0.39823148
Banking,0.36067045
Banking,0.3075536
Banking,0.45224348
Blockchain,0.26076496
Blockchain,0.31574962
Blockchain,0.22847618
Building and Construction,0.3501793
Building and Construction,0.33447316
Building and Construction,0.317461
Business Analyst,0.36114466
Business Analyst,0.35086843
Business Analyst,0.31883937
Civil Engineer,0.35175323
Civil Engineer,0.27086538
Civil Engineer,0.25735423
Consultant,0.36267206
Consultant,0.31450373
Consultant,0.35570103
Data Science,0.33657792
Data Science,0.32359523
Data Science,0.38315523
Database,0.31761503
Database,0.33362257
Database,0.2920331
Designing,0.25314093
Designing,0.22915362
Designing,0.28385237
DevOps,0.22468328
DevOps,0.32077166
DevOps,0.35781792
Digital Media,0.2934973
Digital Media,0.30930483
Digital Media,0.28383726
DotNet Developer,0.29137313
DotNet Developer,0.32333142
DotNet Developer,0.29872468
ETL Developer,0.2686144
ETL Developer,0.26839998
ETL Developer,0.3564833
Education,0.31858274
Education,0.26988444
Education,0.24689224
Electrical Engineering,0.3390331
Electrical Engineering,0.2848393
Electrical Engineering,0.37114766
Finance,0.39017743
Finance,0.30867955
Finance,0.3249555
Food and Beverages,0.29735753
Food and Beverages,0.30549237
Food and Beverages,0.31726015
Health and Fitness,0.36050063
Health and Fitness,0.4253394
Health and Fitness,0.36489356
Human Resources,0.39848736
Human Resources,0.3838967
Human Resources,0.44958907
Information Technology,0.33941033
Information Technology,0.33797172
Information Technology,0.36411345
Java Developer,0.2808957
Java Developer,0.27066123
Java Developer,0.28862777
Management,0.3225794
Management,0.3057962
Management,0.29968312
Mechanical Engineer,0.2903221
Mechanical Engineer,0.3179042
Mechanical Engineer,0.3169961
Network Security Engineer,0.27932057
Network Security Engineer,0.36960804
Network Security Engineer,0.35249382
Operations Manager,0.34593472
Operations Manager,0.3632379
Operations Manager,0.3834209
PMO,0.32274348
PMO,0.34732613
PMO,0.3177724
Public Relations,0.2800668
Public Relations,0.34887645
Public Relations,0.34298167
Python Developer,0.29999885
Python Developer,0.23855785
Python Developer,0.30358216
React Developer,0.25773928
React Developer,0.28751877
React Developer,0.46503597
SAP Developer,0.36360496
SAP Developer,0.3899034
SAP Developer,0.33885473
SQL Developer,0.29877037
SQL Developer,0.34561202
SQL Developer,0.3194123
Sales,0.40983695
Sales,0.28564766
Sales,0.36577794
Testing,0.43711632
Testing,0.4218141
Testing,0.4477038
Web Designing,0.3082298
Web Designing,0.3088206
Web Designing,0.24067405
Accountant,0.3721958
Accountant,0.4762749
Accountant,0.39756396
Advocate,0.37751985
Advocate,0.4448004
Advocate,0.43675855
Agriculture,0.32977602
Agriculture,0.44231328
Agriculture,0.31559566
Apparel,0.38999167
Apparel,0.41856003
Apparel,0.3914833
Architecture,0.3769331
Architecture,0.28985727
Architecture,0.38705075
Arts,0.22732148
Arts,0.36546007
Arts,0.24038143
Automobile,0.35178483
Automobile,0.34640837
Automobile,0.44205457
Aviation,0.3710391
Aviation,0.32361564
Aviation,0.39419118
BPO,0.33398148
BPO,0.4119531
BPO,0.5017686
Banking,0.39301318
Banking,0.36132348
Banking,0.5313062
Blockchain,0.27412793
Blockchain,0.40443835
Blockchain,0.2644
Building and Construction,0.42705262
Building and Construction,0.4242345
Building and Construction,0.3263489
Business Analyst,0.39646795
Business Analyst,0.40712672
Business Analyst,0.39299336
Civil Engineer,0.39930186
Civil Engineer,0.27281275
Civil Engineer,0.26205605
Consultant,0.2763014
Consultant,0.38825852
Consultant,0.4450004
Data Science,0.35590354
Data Science,0.3751302
Data Science,0.43479213
Database,0.37540203
Database,0.3828872
Database,0.3677949
Designing,0.22122832
Designing,0.30930424
Designing,0.30440575
DevOps,0.31081465
DevOps,0.3878655
DevOps,0.4247216
Digital Media,0.2732584
Digital Media,0.35773224
Digital Media,0.3487255
DotNet Developer,0.34565654
DotNet Developer,0.36286944
DotNet Developer,0.36673713
ETL Developer,0.32625678
ETL Developer,0.31883037
ETL Developer,0.42993808
Education,0.32742402
Education,0.28192607
Education,0.28075257
Electrical Engineering,0.42281595
Electrical Engineering,0.30150273
Electrical Engineering,0.46542796
Finance,0.46327212
Finance,0.37989128
Finance,0.46261695
Food and Beverages,0.36602807
Food and Beverages,0.39314553
Food and Beverages,0.38859272
Health and Fitness,0.3716145
Health and Fitness,0.38955233
Health and Fitness,0.31551403
Human Resources,0.5051113
Human Resources,0.41696125
Human Resources,0.4914356
Information Technology,0.43461493
Information Technology,0.42501262
Information Technology,0.44578403
Java Developer,0.35682437
Java Developer,0.3047992
Java Developer,0.34517297
Management,0.44415432
Management,0.39857516
Management,0.3436374
Mechanical Engineer,0.36571887
Mechanical Engineer,0.3891367
Mechanical Engineer,0.37549198
Network Security Engineer,0.34166372
Network Security Engineer,0.42292702
Network Security Engineer,0.39709684
Operations Manager,0.39126414
Operations Manager,0.432831
Operations Manager,0.4885822
PMO,0.42571068
PMO,0.42710093
PMO,0.41879126
Public Relations,0.3247361
Public Relations,0.43660003
Public Relations,0.30976456
Python Developer,0.34312066
Python Developer,0.2513912
Python Developer,0.33918384
React Developer,0.28619656
React Developer,0.3699908
React Developer,0.49967787
SAP Developer,0.41323492
SAP Developer,0.4419746
SAP Developer,0.41562408
SQL Developer,0.36089823
SQL Developer,0.40779856
SQL Developer,0.41065916
Sales,0.43236372
Sales,0.40161237
Sales,0.39912593
Testing,0.38990298
Testing,0.3440558
Testing,0.338091
Web Designing,0.35999635
Web Designing,0.35529384
Web Designing,0.26991007
Accountant,0.3447349
Accountant,0.4446028
Accountant,0.38560337
Advocate,0.3483343
Advocate,0.41181988
Advocate,0.36161903
Agriculture,0.28945017
Agriculture,0.36437383
Agriculture,0.312242
Apparel,0.34691945
Apparel,0.3793542
Apparel,0.38602483
Architecture,0.32082272
Architecture,0.2910572
Architecture,0.34682724
Arts,0.29957095
Arts,0.32594648
Arts,0.26622316
Automobile,0.30748802
Automobile,0.3257296
Automobile,0.34916356
Aviation,0.32666603
Aviation,0.23029983
Aviation,0.29102448
BPO,0.38353193
BPO,0.34523582
BPO,0.41683084
Banking,0.3843573
Banking,0.35271627
Banking,0.40423393
Blockchain,0.30142525
Blockchain,0.3928837
Blockchain,0.2898982
Building and Construction,0.38119486
Building and Construction,0.3316947
Building and Construction,0.3174017
Business Analyst,0.3684303
Business Analyst,0.3842678
Business Analyst,0.34239104
Civil Engineer,0.33988494
Civil Engineer,0.25242296
Civil Engineer,0.2746984
Consultant,0.27306297
Consultant,0.34832466
Consultant,0.4118736
Data Science,0.30882645
Data Science,0.35539585
Data Science,0.3002943
Database,0.3284227
Database,0.3141047
Database,0.3401611
Designing,0.26647863
Designing,0.2521627
Designing,0.3678524
DevOps,0.27917197
DevOps,0.34354088
DevOps,0.347847
Digital Media,0.33003098
Digital Media,0.40706933
Digital Media,0.41898796
DotNet Developer,0.31942436
DotNet Developer,0.32651088
DotNet Developer,0.33055127
ETL Developer,0.29118252
ETL Developer,0.29669893
ETL Developer,0.35398963
Education,0.2942293
Education,0.2676532
Education,0.2732691
Electrical Engineering,0.33667585
Electrical Engineering,0.23998582
Electrical Engineering,0.3691612
Finance,0.4017822
Finance,0.36580458
Finance,0.35869285
Food and Beverages,0.30244896
Food and Beverages,0.36429888
Food and Beverages,0.3481307
Health and Fitness,0.33442584
Health and Fitness,0.35014153
Health and Fitness,0.27208284
Human Resources,0.41086942
Human Resources,0.3580983
Human Resources,0.3905442
Information Technology,0.38145664
Information Technology,0.41536817
Information Technology,0.41193172
Java Developer,0.32075068
Java Developer,0.25795254
Java Developer,0.29829657
Management,0.39769545
Management,0.34432095
Management,0.33858687
Mechanical Engineer,0.26693872
Mechanical Engineer,0.33040443
Mechanical Engineer,0.35534054
Network Security Engineer,0.29287386
Network Security Engineer,0.34841987
Network Security Engineer,0.33927333
Operations Manager,0.3748488
Operations Manager,0.41645512
Operations Manager,0.41834226
PMO,0.34467265
PMO,0.34820667
PMO,0.38836047
Public Relations,0.3774441
Public Relations,0.3656456
Public Relations,0.30352375
Python Developer,0.35406697
Python Developer,0.23328824
Python Developer,0.32751778
React Developer,0.32907045
React Developer,0.3075597
React Developer,0.42291054
SAP Developer,0.33202943
SAP Developer,0.39243886
SAP Developer,0.32887027
SQL Developer,0.31533813
SQL Developer,0.34249285
SQL Developer,0.33535713
Sales,0.38547033
Sales,0.40938
Sales,0.4094557
Testing,0.27265865
Testing,0.2614976
Testing,0.24921055
Web Designing,0.35689184
Web Designing,0.3070211
Web Designing,0.34105662
Accountant,0.35226014
Accountant,0.4443692
Accountant,0.37511405
Advocate,0.36678484
Advocate,0.41762716
Advocate,0.4072491
Agriculture,0.28521585
Agriculture,0.39632323
Agriculture,0.28021574
Apparel,0.37113425
Apparel,0.39129812
Apparel,0.39691988
Architecture,0.34037754
Architecture,0.27844706
Architecture,0.393199
Arts,0.26610672
Arts,0.378889
Arts,0.24327801
Automobile,0.35658965
Automobile,0.3081713
Automobile,0.42733192
Aviation,0.36715236
Aviation,0.29484484
Aviation,0.3664881
BPO,0.3436981
BPO,0.36685383
BPO,0.4162009
Banking,0.38515738
Banking,0.32833543
Banking,0.40869886
Blockchain,0.2551628
Blockchain,0.3963315
Blockchain,0.24444108
Building and Construction,0.4100867
Building and Construction,0.38409007
Building and Construction,0.31942242
Business Analyst,0.363167
Business Analyst,0.35458434
Business Analyst,0.3321929
Civil Engineer,0.42619252
Civil Engineer,0.24360974
Civil Engineer,0.24807058
Consultant,0.24552086
Consultant,0.385975
Consultant,0.45248306
Data Science,0.3394411
Data Science,0.38442665
Data Science,0.33904564
Database,0.38010678
Database,0.33318195
Database,0.3252529
Designing,0.22497155
Designing,0.25161183
Designing,0.2993202
DevOps,0.31369066
DevOps,0.34440404
DevOps,0.37378845
Digital Media,0.29355395
Digital Media,0.39318192
Digital Media,0.36496344
DotNet Developer,0.28526938
DotNet Developer,0.35207704
DotNet Developer,0.34393346
ETL Developer,0.28593987
ETL Developer,0.30420867
ETL Developer,0.38267928
Education,0.3293032
Education,0.2676634
Education,0.30541354
Electrical Engineering,0.4008078
Electrical Engineering,0.281204
Electrical Engineering,0.40171233
Finance,0.40401268
Finance,0.39278424
Finance,0.41608286
Food and Beverages,0.35619533
Food and Beverages,0.38813466
Food and Beverages,0.39119908
Health and Fitness,0.33211717
Health and Fitness,0.33196113
Health and Fitness,0.29753038
Human Resources,0.44056165
Human Resources,0.3217151
Human Resources,0.42044577
Information Technology,0.39857122
Information Technology,0.4120549
Information Technology,0.39966708
Java Developer,0.31511188
Java Developer,0.23505852
Java Developer,0.30131355
Management,0.42217135
Management,0.36817214
Management,0.3245412
Mechanical Engineer,0.28239903
Mechanical Engineer,0.37502006
Mechanical Engineer,0.35058823
Network Security Engineer,0.28750667
Network Security Engineer,0.37822035
Network Security Engineer,0.34786204
Operations Manager,0.40515262
Operations Manager,0.4205286
Operations Manager,0.4476637
PMO,0.35188285
PMO,0.36473104
PMO,0.39912906
Public Relations,0.39987892
Public Relations,0.43701696
Public Relations,0.36974832
Python Developer,0.31268236
Python Developer,0.24960212
Python Developer,0.29743883
React Developer,0.276657
React Developer,0.3123528
React Developer,0.4479667
SAP Developer,0.34581706
SAP Developer,0.4080579
SAP Developer,0.33842605
SQL Developer,0.29342312
SQL Developer,0.35832402
SQL Developer,0.364007
Sales,0.43827692
Sales,0.37678462
Sales,0.35532045
Testing,0.33584037
Testing,0.31573775
Testing,0.30142394
Web Designing,0.3313553
Web Designing,0.30498043
Web Designing,0.27493694
Accountant,0.3522051
Accountant,0.46717027
Accountant,0.35717145
Advocate,0.34639457
Advocate,0.44030342
Advocate,0.40455288
Agriculture,0.28029272
Agriculture,0.39979154
Agriculture,0.26862335
Apparel,0.46585542
Apparel,0.4108375
Apparel,0.46898448
Architecture,0.41647473
Architecture,0.26432705
Architecture,0.34776983
Arts,0.28332716
Arts,0.3099117
Arts,0.25615975
Automobile,0.35438898
Automobile,0.37025496
Automobile,0.46601072
Aviation,0.32118627
Aviation,0.2867599
Aviation,0.30214694
BPO,0.48853475
BPO,0.29456958
BPO,0.44699442
Banking,0.41596368
Banking,0.3471594
Banking,0.3865763
Blockchain,0.22757575
Blockchain,0.43139642
Blockchain,0.25157234
Building and Construction,0.46986964
Building and Construction,0.39799774
Building and Construction,0.34035358
Business Analyst,0.34215438
Business Analyst,0.37728533
Business Analyst,0.33865765
Civil Engineer,0.37403575
Civil Engineer,0.24814473
Civil Engineer,0.2208657
Consultant,0.24441493
Consultant,0.35753605
Consultant,0.40835547
Data Science,0.3094589
Data Science,0.39131653
Data Science,0.40661386
Database,0.32035422
Database,0.33497807
Database,0.31181172
Designing,0.25898138
Designing,0.30491
Designing,0.35853568
DevOps,0.23930188
DevOps,0.36954695
DevOps,0.36105347
Digital Media,0.3011445
Digital Media,0.3520978
Digital Media,0.5089336
DotNet Developer,0.32469144
DotNet Developer,0.3772804
DotNet Developer,0.27238977
ETL Developer,0.3056544
ETL Developer,0.29924446
ETL Developer,0.36034262
Education,0.31496474
Education,0.25359178
Education,0.26766968
Electrical Engineering,0.36543053
Electrical Engineering,0.29850346
Electrical Engineering,0.41079676
Finance,0.42321116
Finance,0.32446134
Finance,0.33916116
Food and Beverages,0.3752227
Food and Beverages,0.40653136
Food and Beverages,0.38766468
Health and Fitness,0.3770498
Health and Fitness,0.4044438
Health and Fitness,0.31232962
Human Resources,0.41493443
Human Resources,0.30532435
Human Resources,0.4226771
Information Technology,0.32959905
Information Technology,0.36801073
Information Technology,0.49030486
Java Developer,0.28654298
Java Developer,0.26104182
Java Developer,0.28040987
Management,0.4868196
Management,0.31120434
Management,0.33554128
Mechanical Engineer,0.3084635
Mechanical Engineer,0.43269035
Mechanical Engineer,0.4425726
Network Security Engineer,0.23962481
Network Security Engineer,0.38918972
Network Security Engineer,0.33145064
Operations Manager,0.45368013
Operations Manager,0.46062165
Operations Manager,0.48220235
PMO,0.28503805
PMO,0.3120699
PMO,0.37285727
Public Relations,0.31489938
Public Relations,0.45313793
Public Relations,0.30235013
Python Developer,0.3270522
Python Developer,0.23083045
Python Developer,0.2896201
React Developer,0.31072143
React Developer,0.29376885
React Developer,0.43427148
SAP Developer,0.32407454
SAP Developer,0.4017602
SAP Developer,0.37879503
SQL Developer,0.27273947
SQL Developer,0.37535357
SQL Developer,0.32729083
Sales,0.4864912
Sales,0.42772993
Sales,0.44025934
Testing,0.2957984
Testing,0.31247434
Testing,0.281055
Web Designing,0.2902299
Web Designing,0.3175537
Web Designing,0.3006291
Accountant,0.34912777
Accountant,0.47577447
Accountant,0.37601537
Advocate,0.35460317
Advocate,0.41170046
Advocate,0.39385176
Agriculture,0.37175414
Agriculture,0.5032269
Agriculture,0.2954153
Apparel,0.35818753
Apparel,0.4488799
Apparel,0.37546957
Architecture,0.3276478
Architecture,0.35762784
Architecture,0.39333248
Arts,0.31998432
Arts,0.376356
Arts,0.24254005
Automobile,0.30020702
Automobile,0.33988193
Automobile,0.41314653
Aviation,0.34698325
Aviation,0.29791388
Aviation,0.3859947
BPO,0.3382505
BPO,0.48420632
BPO,0.4637173
Banking,0.3760573
Banking,0.34890673
Banking,0.43735456
Blockchain,0.30132037
Blockchain,0.41570878
Blockchain,0.30322707
Building and Construction,0.42741987
Building and Construction,0.44446245
Building and Construction,0.37387335
Business Analyst,0.4850135
Business Analyst,0.435066
Business Analyst,0.4435907
Civil Engineer,0.37421638
Civil Engineer,0.26011595
Civil Engineer,0.3556296
Consultant,0.21623234
Consultant,0.38195267
Consultant,0.46461922
Data Science,0.3370681
Data Science,0.35198203
Data Science,0.33035865
Database,0.35979968
Database,0.40732157
Database,0.39576146
Designing,0.2730788
Designing,0.2583245
Designing,0.4161769
DevOps,0.31894073
DevOps,0.45333135
DevOps,0.41567892
Digital Media,0.2805271
Digital Media,0.45001948
Digital Media,0.4274991
DotNet Developer,0.42733446
DotNet Developer,0.34080783
DotNet Developer,0.45791534
ETL Developer,0.33285534
ETL Developer,0.37146965
ETL Developer,0.45929772
Education,0.3116313
Education,0.25257707
Education,0.24662405
Electrical Engineering,0.39521196
Electrical Engineering,0.30686513
Electrical Engineering,0.40715688
Finance,0.46276793
Finance,0.43562686
Finance,0.48397782
Food and Beverages,0.36038536
Food and Beverages,0.39130032
Food and Beverages,0.36642095
Health and Fitness,0.31988612
Health and Fitness,0.3212856
Health and Fitness,0.24728352
Human Resources,0.49902838
Human Resources,0.31969747
Human Resources,0.41654027
Information Technology,0.4970814
Information Technology,0.45651114
Information Technology,0.4166038
Java Developer,0.37352824
Java Developer,0.31094187
Java Developer,0.38097298
Management,0.4185081
Management,0.36629865
Management,0.3534764
Mechanical Engineer,0.41203597
Mechanical Engineer,0.37988278
Mechanical Engineer,0.41245258
Network Security Engineer,0.29846063
Network Security Engineer,0.41205525
Network Security Engineer,0.4149134
Operations Manager,0.37066558
Operations Manager,0.41415107
Operations Manager,0.50166786
PMO,0.47908142
PMO,0.47232696
PMO,0.48985526
Public Relations,0.41272205
Public Relations,0.38846847
Public Relations,0.28373656
Python Developer,0.3421078
Python Developer,0.2975281
Python Developer,0.37575737
React Developer,0.3942808
React Developer,0.38338646
React Developer,0.4779033
SAP Developer,0.3591099
SAP Developer,0.50666094
SAP Developer,0.39677745
SQL Developer,0.34218165
SQL Developer,0.38847786
SQL Developer,0.38041958
Sales,0.39274362
Sales,0.38124102
Sales,0.356619
Testing,0.3162982
Testing,0.28232685
Testing,0.27605832
Web Designing,0.4185501
Web Designing,0.4128162
Web Designing,0.29198503
Accountant,0.28332776
Accountant,0.4243425
Accountant,0.29689682
Advocate,0.24512713
Advocate,0.34157416
Advocate,0.28914255
Agriculture,0.282446
Agriculture,0.36955607
Agriculture,0.25597963
Apparel,0.3333003
Apparel,0.40631643
Apparel,0.40442836
Architecture,0.30653504
Architecture,0.24663317
Architecture,0.2441626
Arts,0.28523642
Arts,0.26163515
Arts,0.21431613
Automobile,0.30216363
Automobile,0.26417652
Automobile,0.33514392
Aviation,0.24535954
Aviation,0.181845
Aviation,0.20674299
BPO,0.41153613
BPO,0.24787919
BPO,0.41762438
Banking,0.3487406
Banking,0.417498
Banking,0.3221922
Blockchain,0.2627583
Blockchain,0.4152675
Blockchain,0.32730648
Building and Construction,0.37555513
Building and Construction,0.2971068
Building and Construction,0.26311824
Business Analyst,0.3319525
Business Analyst,0.3417696
Business Analyst,0.3509483
Civil Engineer,0.2710724
Civil Engineer,0.15019934
Civil Engineer,0.19634815
Consultant,0.22398366
Consultant,0.33189532
Consultant,0.41191483
Data Science,0.22844946
Data Science,0.26103392
Data Science,0.2922386
Database,0.3064899
Database,0.27627102
Database,0.32724
Designing,0.30310863
Designing,0.20588344
Designing,0.33513203
DevOps,0.22230886
DevOps,0.33239654
DevOps,0.303036
Digital Media,0.31961432
Digital Media,0.3717228
Digital Media,0.452147
DotNet Developer,0.3467141
DotNet Developer,0.36504224
DotNet Developer,0.28769186
ETL Developer,0.31779596
ETL Developer,0.28490454
ETL Developer,0.33723876
Education,0.20773084
Education,0.19286837
Education,0.20804882
Electrical Engineering,0.24842758
Electrical Engineering,0.19469132
Electrical Engineering,0.3530663
Finance,0.32826293
Finance,0.2947968
Finance,0.31126416
Food and Beverages,0.3418956
Food and Beverages,0.2814509
Food and Beverages,0.32253504
Health and Fitness,0.23687913
Health and Fitness,0.28387466
Health and Fitness,0.21352713
Human Resources,0.33802238
Human Resources,0.21283455
Human Resources,0.33879974
Information Technology,0.31829616
Information Technology,0.3961896
Information Technology,0.44903228
Java Developer,0.2727805
Java Developer,0.29688075
Java Developer,0.320485
Management,0.40424773
Management,0.2626019
Management,0.29585662
Mechanical Engineer,0.21598367
Mechanical Engineer,0.30618718
Mechanical Engineer,0.30363068
Network Security Engineer,0.25081763
Network Security Engineer,0.39859012
Network Security Engineer,0.29420033
Operations Manager,0.3427609
Operations Manager,0.39271104
Operations Manager,0.40628707
PMO,0.32333454
PMO,0.2959735
PMO,0.37489894
Public Relations,0.29610404
Public Relations,0.30292514
Public Relations,0.28171957
Python Developer,0.3927767
Python Developer,0.19903149
Python Developer,0.27559236
React Developer,0.39594808
React Developer,0.28076676
React Developer,0.33123323
SAP Developer,0.31804362
SAP Developer,0.3956776
SAP Developer,0.36370194
SQL Developer,0.2519559
SQL Developer,0.33523884
SQL Developer,0.27433845
Sales,0.37570298
Sales,0.43736538
Sales,0.37947014
Testing,0.18101095
Testing,0.17036319
Testing,0.19047822
Web Designing,0.30138654
Web Designing,0.27708605
Web Designing,0.3099623
Accountant,0.32917014
Accountant,0.4494126
Accountant,0.4240214
Advocate,0.35987422
Advocate,0.3561675
Advocate,0.34223402
Agriculture,0.22484557
Agriculture,0.30439192
Agriculture,0.24608712
Apparel,0.3377384
Apparel,0.33099386
Apparel,0.28972974
Architecture,0.26280478
Architecture,0.29750958
Architecture,0.38546628
Arts,0.23671313
Arts,0.30113348
Arts,0.20874526
Automobile,0.2905846
Automobile,0.25157595
Automobile,0.33393165
Aviation,0.27507785
Aviation,0.20258237
Aviation,0.28777796
BPO,0.33019972
BPO,0.29609668
BPO,0.35931364
Banking,0.3814543
Banking,0.33737707
Banking,0.36571923
Blockchain,0.22891593
Blockchain,0.34524828
Blockchain,0.23866914
Building and Construction,0.30412582
Building and Construction,0.29905728
Building and Construction,0.3144873
Business Analyst,0.35378703
Business Analyst,0.33928764
Business Analyst,0.32294258
Civil Engineer,0.34307447
Civil Engineer,0.21541981
Civil Engineer,0.24075967
Consultant,0.22094645
Consultant,0.28457072
Consultant,0.37852544
Data Science,0.27811214
Data Science,0.31611505
Data Science,0.2847391
Database,0.25873125
Database,0.25172758
Database,0.26929063
Designing,0.18136328
Designing,0.24890795
Designing,0.29701743
DevOps,0.22457813
DevOps,0.2854392
DevOps,0.2913802
Digital Media,0.26628616
Digital Media,0.29426423
Digital Media,0.29677504
DotNet Developer,0.2708232
DotNet Developer,0.28359976
DotNet Developer,0.24553397
ETL Developer,0.25179812
ETL Developer,0.25887084
ETL Developer,0.31384808
Education,0.26939288
Education,0.21573308
Education,0.22358535
Electrical Engineering,0.26028186
Electrical Engineering,0.25307426
Electrical Engineering,0.31383148
Finance,0.35213566
Finance,0.33164528
Finance,0.34395224
Food and Beverages,0.2557422
Food and Beverages,0.29528695
Food and Beverages,0.29162753
Health and Fitness,0.2616853
Health and Fitness,0.30152664
Health and Fitness,0.23400909
Human Resources,0.36627805
Human Resources,0.28398785
Human Resources,0.3546117
Information Technology,0.30457935
Information Technology,0.3288688
Information Technology,0.32810584
Java Developer,0.27470073
Java Developer,0.24064822
Java Developer,0.25337943
Management,0.32625034
Management,0.3513306
Management,0.26828873
Mechanical Engineer,0.25916576
Mechanical Engineer,0.27791616
Mechanical Engineer,0.28338906
Network Security Engineer,0.22592539
Network Security Engineer,0.27548206
Network Security Engineer,0.3190593
Operations Manager,0.2963056
Operations Manager,0.33030668
Operations Manager,0.34423122
PMO,0.28057757
PMO,0.31267777
PMO,0.29156992
Public Relations,0.2858678
Public Relations,0.36689138
Public Relations,0.2742434
Python Developer,0.27235994
Python Developer,0.20397095
Python Developer,0.25203195
React Developer,0.2295089
React Developer,0.25615183
React Developer,0.3835792
SAP Developer,0.32253677
SAP Developer,0.37278762
SAP Developer,0.36618602
SQL Developer,0.2447227
SQL Developer,0.3219134
SQL Developer,0.3015337
Sales,0.3465527
Sales,0.31518885
Sales,0.30986133
Testing,0.28821295
Testing,0.25884315
Testing,0.25793952
Web Designing,0.27903476
Web Designing,0.25284848
Web Designing,0.2471884
Accountant,0.3484428
Accountant,0.38493297
Accountant,0.36003542
Advocate,0.3394078
Advocate,0.41884977
Advocate,0.30863616
Agriculture,0.2937237
Agriculture,0.3300116
Agriculture,0.29064247
Apparel,0.35281283
Apparel,0.31867903
Apparel,0.37254682
Architecture,0.31627053
Architecture,0.27491486
Architecture,0.3436867
Arts,0.24771607
Arts,0.2933548
Arts,0.24625471
Automobile,0.36140147
Automobile,0.3916288
Automobile,0.4105802
Aviation,0.34207124
Aviation,0.29880956
Aviation,0.31765002
BPO,0.3378706
BPO,0.28797296
BPO,0.38402036
Banking,0.3651586
Banking,0.3181683
Banking,0.3852025
Blockchain,0.30738232
Blockchain,0.33481178
Blockchain,0.2822406
Building and Construction,0.37850183
Building and Construction,0.3695829
Building and Construction,0.34851012
Business Analyst,0.36055112
Business Analyst,0.35165915
Business Analyst,0.2690539
Civil Engineer,0.34752882
Civil Engineer,0.2876897
Civil Engineer,0.31677273
Consultant,0.23842867
Consultant,0.30796793
Consultant,0.36847386
Data Science,0.2868618
Data Science,0.31057706
Data Science,0.32033637
Database,0.32307327
Database,0.31206784
Database,0.31440502
Designing,0.16298482
Designing,0.24952208
Designing,0.29454923
DevOps,0.24959004
DevOps,0.3225751
DevOps,0.33510375
Digital Media,0.265023
Digital Media,0.29674485
Digital Media,0.29845855
DotNet Developer,0.2742659
DotNet Developer,0.33310848
DotNet Developer,0.29235044
ETL Developer,0.27269015
ETL Developer,0.28445634
ETL Developer,0.31826264
Education,0.27520576
Education,0.25628516
Education,0.29066595
Electrical Engineering,0.36945102
Electrical Engineering,0.3429532
Electrical Engineering,0.3699957
Finance,0.3817384
Finance,0.32977462
Finance,0.30058694
Food and Beverages,0.3185565
Food and Beverages,0.31119624
Food and Beverages,0.2947577
Health and Fitness,0.29388365
Health and Fitness,0.32913926
Health and Fitness,0.29878175
Human Resources,0.4111263
Human Resources,0.3850442
Human Resources,0.38261622
Information Technology,0.31861588
Information Technology,0.3423635
Information Technology,0.37627748
Java Developer,0.2784056
Java Developer,0.2452752
Java Developer,0.2887732
Management,0.35701203
Management,0.30592874
Management,0.36200553
Mechanical Engineer,0.35395598
Mechanical Engineer,0.33868805
Mechanical Engineer,0.3616097
Network Security Engineer,0.31318513
Network Security Engineer,0.33309728
Network Security Engineer,0.32196018
Operations Manager,0.30911624
Operations Manager,0.3847626
Operations Manager,0.36412063
PMO,0.30626652
PMO,0.32639718
PMO,0.3370585
Public Relations,0.25664485
Public Relations,0.33549532
Public Relations,0.22505176
Python Developer,0.30961448
Python Developer,0.2225542
Python Developer,0.30916226
React Developer,0.23684801
React Developer,0.28879124
React Developer,0.39393312
SAP Developer,0.3385148
SAP Developer,0.34252328
SAP Developer,0.36680153
SQL Developer,0.29054826
SQL Developer,0.3370857
SQL Developer,0.30853763
Sales,0.36927915
Sales,0.32120278
Sales,0.34026802
Testing,0.3069859
Testing,0.25963756
Testing,0.30954534
Web Designing,0.3010532
Web Designing,0.2822289
Web Designing,0.23892811
Accountant,0.29457146
Accountant,0.40870348
Accountant,0.30915135
Advocate,0.31933656
Advocate,0.42251176
Advocate,0.299822
Agriculture,0.27173087
Agriculture,0.36372522
Agriculture,0.29342893
Apparel,0.341841
Apparel,0.41671884
Apparel,0.398218
Architecture,0.32290268
Architecture,0.36092383
Architecture,0.35270196
Arts,0.34403795
Arts,0.33761007
Arts,0.29406273
Automobile,0.3215635
Automobile,0.3757111
Automobile,0.37879115
Aviation,0.31481007
Aviation,0.25531882
Aviation,0.34184945
BPO,0.34387684
BPO,0.3826908
BPO,0.38962343
Banking,0.3221261
Banking,0.33564508
Banking,0.3333388
Blockchain,0.33282387
Blockchain,0.35905075
Blockchain,0.28729352
Building and Construction,0.38063425
Building and Construction,0.36304885
Building and Construction,0.35076526
Business Analyst,0.32070196
Business Analyst,0.3247107
Business Analyst,0.38757005
Civil Engineer,0.35380447
Civil Engineer,0.2609711
Civil Engineer,0.28621998
Consultant,0.23902282
Consultant,0.3490149
Consultant,0.37359175
Data Science,0.29472473
Data Science,0.3437233
Data Science,0.29271802
Database,0.3497945
Database,0.3199206
Database,0.33053875
Designing,0.34320438
Designing,0.29945257
Designing,0.38202924
DevOps,0.31320047
DevOps,0.36929375
DevOps,0.3585797
Digital Media,0.33789328
Digital Media,0.3412555
Digital Media,0.3549156
DotNet Developer,0.37075168
DotNet Developer,0.30724633
DotNet Developer,0.3425452
ETL Developer,0.27588657
ETL Developer,0.28367555
ETL Developer,0.35296804
Education,0.27103254
Education,0.31127185
Education,0.3146343
Electrical Engineering,0.35054958
Electrical Engineering,0.3208528
Electrical Engineering,0.41561347
Finance,0.318064
Finance,0.33342317
Finance,0.3367189
Food and Beverages,0.3276542
Food and Beverages,0.3496542
Food and Beverages,0.37944826
Health and Fitness,0.31770846
Health and Fitness,0.345108
Health and Fitness,0.30738622
Human Resources,0.36440688
Human Resources,0.302717
Human Resources,0.3600755
Information Technology,0.33670193
Information Technology,0.39316624
Information Technology,0.40038773
Java Developer,0.349208
Java Developer,0.2670737
Java Developer,0.34104964
Management,0.3552519
Management,0.28255248
Management,0.309983
Mechanical Engineer,0.3352946
Mechanical Engineer,0.34585255
Mechanical Engineer,0.36701572
Network Security Engineer,0.29401597
Network Security Engineer,0.3824333
Network Security Engineer,0.37808368
Operations Manager,0.3672468
Operations Manager,0.40480143
Operations Manager,0.3946597
PMO,0.33267495
PMO,0.36971873
PMO,0.3759229
Public Relations,0.3315112
Public Relations,0.3887467
Public Relations,0.31735986
Python Developer,0.33346394
Python Developer,0.29511923
Python Developer,0.36958975
React Developer,0.37716433
React Developer,0.34980044
React Developer,0.4050374
SAP Developer,0.32589838
SAP Developer,0.36801022
SAP Developer,0.32819477
SQL Developer,0.314823
SQL Developer,0.38162932
SQL Developer,0.3375882
Sales,0.41070712
Sales,0.34937355
Sales,0.38982376
Testing,0.28329012
Testing,0.2789372
Testing,0.2626255
Web Designing,0.37899965
Web Designing,0.31801048
Web Designing,0.33958736
Accountant,0.40350556
Accountant,0.52303535
Accountant,0.4402298
Advocate,0.36918518
Advocate,0.43866646
Advocate,0.45394677
Agriculture,0.33094653
Agriculture,0.4466204
Agriculture,0.35552147
Apparel,0.4217928
Apparel,0.4503705
Apparel,0.4598385
Architecture,0.36859515
Architecture,0.302452
Architecture,0.3717383
Arts,0.288156
Arts,0.3304131
Arts,0.22328399
Automobile,0.43641543
Automobile,0.37662095
Automobile,0.43958202
Aviation,0.3578382
Aviation,0.34673306
Aviation,0.38429147
BPO,0.45129433
BPO,0.39664608
BPO,0.4771152
Banking,0.44650182
Banking,0.41398445
Banking,0.44583744
Blockchain,0.27959037
Blockchain,0.4742929
Blockchain,0.28241196
Building and Construction,0.47138932
Building and Construction,0.41318023
Building and Construction,0.37405834
Business Analyst,0.4544513
Business Analyst,0.46958405
Business Analyst,0.41452545
Civil Engineer,0.41860878
Civil Engineer,0.24219868
Civil Engineer,0.29061952
Consultant,0.27133435
Consultant,0.429831
Consultant,0.46822342
Data Science,0.3378859
Data Science,0.39751503
Data Science,0.43431306
Database,0.38766316
Database,0.38701347
Database,0.3826249
Designing,0.2322172
Designing,0.35404655
Designing,0.38846973
DevOps,0.28924522
DevOps,0.42545238
DevOps,0.42131367
Digital Media,0.283966
Digital Media,0.4050342
Digital Media,0.44563404
DotNet Developer,0.38701436
DotNet Developer,0.39937472
DotNet Developer,0.3481632
ETL Developer,0.39162228
ETL Developer,0.39579165
ETL Developer,0.41187626
Education,0.32940713
Education,0.27127713
Education,0.25162393
Electrical Engineering,0.38855276
Electrical Engineering,0.30584973
Electrical Engineering,0.42432007
Finance,0.492669
Finance,0.40989244
Finance,0.4450644
Food and Beverages,0.3825669
Food and Beverages,0.41319823
Food and Beverages,0.40807915
Health and Fitness,0.36795792
Health and Fitness,0.37614796
Health and Fitness,0.29948702
Human Resources,0.47298333
Human Resources,0.3310434
Human Resources,0.4358007
Information Technology,0.4351506
Information Technology,0.44340307
Information Technology,0.4770955
Java Developer,0.35658008
Java Developer,0.30650556
Java Developer,0.3437599
Management,0.4687568
Management,0.3991684
Management,0.37547457
Mechanical Engineer,0.34064075
Mechanical Engineer,0.4115764
Mechanical Engineer,0.425477
Network Security Engineer,0.30970266
Network Security Engineer,0.41257608
Network Security Engineer,0.40629944
Operations Manager,0.4659724
Operations Manager,0.45254013
Operations Manager,0.51560175
PMO,0.38788906
PMO,0.3789973
PMO,0.43907517
Public Relations,0.3583648
Public Relations,0.4431414
Public Relations,0.25908515
Python Developer,0.36353147
Python Developer,0.2586586
Python Developer,0.33405617
React Developer,0.31763804
React Developer,0.38194647
React Developer,0.46396708
SAP Developer,0.38798445
SAP Developer,0.46388623
SAP Developer,0.44989482
SQL Developer,0.31771895
SQL Developer,0.43168107
SQL Developer,0.42976895
Sales,0.462312
Sales,0.4576682
Sales,0.46069586
Testing,0.32691875
Testing,0.30628058
Testing,0.29528418
Web Designing,0.35472557
Web Designing,0.37870273
Web Designing,0.30240545
Accountant,0.45594686
Accountant,0.50782627
Accountant,0.5112477
Advocate,0.354638
Advocate,0.40920383
Advocate,0.39714864
Agriculture,0.27706534
Agriculture,0.37569538
Agriculture,0.30501884
Apparel,0.37035218
Apparel,0.38842466
Apparel,0.38205975
Architecture,0.32687017
Architecture,0.3057278
Architecture,0.34279463
Arts,0.30583236
Arts,0.30562747
Arts,0.20053321
Automobile,0.34008527
Automobile,0.3515805
Automobile,0.36584964
Aviation,0.35028353
Aviation,0.2585899
Aviation,0.37827092
BPO,0.37365147
BPO,0.38571376
BPO,0.43241754
Banking,0.43115157
Banking,0.42372414
Banking,0.4791457
Blockchain,0.34507018
Blockchain,0.37579468
Blockchain,0.30125135
Building and Construction,0.38864875
Building and Construction,0.36544403
Building and Construction,0.34897983
Business Analyst,0.5060951
Business Analyst,0.42061836
Business Analyst,0.36735514
Civil Engineer,0.3936454
Civil Engineer,0.2558027
Civil Engineer,0.28932464
Consultant,0.2672245
Consultant,0.3624032
Consultant,0.4626789
Data Science,0.28450543
Data Science,0.32969823
Data Science,0.33459872
Database,0.34514478
Database,0.34661353
Database,0.39691335
Designing,0.20841455
Designing,0.30511633
Designing,0.36519676
DevOps,0.32497394
DevOps,0.3979048
DevOps,0.36621827
Digital Media,0.28714526
Digital Media,0.3589464
Digital Media,0.3562341
DotNet Developer,0.36740503
DotNet Developer,0.35813633
DotNet Developer,0.34507957
ETL Developer,0.31179616
ETL Developer,0.35361847
ETL Developer,0.38707602
Education,0.29257813
Education,0.26747596
Education,0.30222267
Electrical Engineering,0.37562057
Electrical Engineering,0.3114032
Electrical Engineering,0.397043
Finance,0.47718713
Finance,0.47449517
Finance,0.47987005
Food and Beverages,0.35157922
Food and Beverages,0.4141178
Food and Beverages,0.39670542
Health and Fitness,0.3254173
Health and Fitness,0.32423016
Health and Fitness,0.29336852
Human Resources,0.43978947
Human Resources,0.39673603
Human Resources,0.43108332
Information Technology,0.38594535
Information Technology,0.41972905
Information Technology,0.40714595
Java Developer,0.3449683
Java Developer,0.2559009
Java Developer,0.32081157
Management,0.41929686
Management,0.38085732
Management,0.34355602
Mechanical Engineer,0.30930874
Mechanical Engineer,0.34405667
Mechanical Engineer,0.37391457
Network Security Engineer,0.3239524
Network Security Engineer,0.3318243
Network Security Engineer,0.39618453
Operations Manager,0.36675188
Operations Manager,0.40429622
Operations Manager,0.47173074
PMO,0.38916168
PMO,0.3632453
PMO,0.42137706
Public Relations,0.36445042
Public Relations,0.4057241
Public Relations,0.29852396
Python Developer,0.3552164
Python Developer,0.25718457
Python Developer,0.31883094
React Developer,0.2920813
React Developer,0.32823852
React Developer,0.43702564
SAP Developer,0.38707268
SAP Developer,0.4097746
SAP Developer,0.38122314
SQL Developer,0.35739195
SQL Developer,0.3984747
SQL Developer,0.37619534
Sales,0.4046371
Sales,0.41201738
Sales,0.38336083
Testing,0.29277855
Testing,0.27723277
Testing,0.26756397
Web Designing,0.39731878
Web Designing,0.31572783
Web Designing,0.28394654
Accountant,0.35902816
Accountant,0.42651626
Accountant,0.3661817
Advocate,0.34115398
Advocate,0.3927135
Advocate,0.34113732
Agriculture,0.3070553
Agriculture,0.39031366
Agriculture,0.29602987
Apparel,0.35134494
Apparel,0.38588205
Apparel,0.34592846
Architecture,0.3407818
Architecture,0.29751158
Architecture,0.36280358
Arts,0.27782866
Arts,0.3222467
Arts,0.2267927
Automobile,0.3366357
Automobile,0.3404028
Automobile,0.37637243
Aviation,0.35670218
Aviation,0.29094878
Aviation,0.3563545
BPO,0.29556006
BPO,0.33944324
BPO,0.4271147
Banking,0.35465768
Banking,0.33309045
Banking,0.39841962
Blockchain,0.30927688
Blockchain,0.39211452
Blockchain,0.287935
Building and Construction,0.38343802
Building and Construction,0.3903927
Building and Construction,0.3493742
Business Analyst,0.41149715
Business Analyst,0.39835432
Business Analyst,0.38372448
Civil Engineer,0.35264376
Civil Engineer,0.25475448
Civil Engineer,0.30494434
Consultant,0.22608496
Consultant,0.36703855
Consultant,0.4086854
Data Science,0.30592203
Data Science,0.34123167
Data Science,0.34559342
Database,0.37443048
Database,0.37517685
Database,0.36400643
Designing,0.2444972
Designing,0.2523333
Designing,0.33334488
DevOps,0.32169285
DevOps,0.39775455
DevOps,0.39314663
Digital Media,0.29193833
Digital Media,0.36843368
Digital Media,0.3375924
DotNet Developer,0.36777875
DotNet Developer,0.34857672
DotNet Developer,0.38326558
ETL Developer,0.3439289
ETL Developer,0.3287256
ETL Developer,0.41230595
Education,0.3025266
Education,0.26344153
Education,0.27645454
Electrical Engineering,0.37998068
Electrical Engineering,0.2978725
Electrical Engineering,0.39689597
Finance,0.39354733
Finance,0.35342717
Finance,0.38111028
Food and Beverages,0.34152326
Food and Beverages,0.3438494
Food and Beverages,0.3393307
Health and Fitness,0.30518827
Health and Fitness,0.32955948
Health and Fitness,0.29136986
Human Resources,0.42833504
Human Resources,0.36221993
Human Resources,0.4132656
Information Technology,0.3963129
Information Technology,0.4036627
Information Technology,0.40492368
Java Developer,0.38039222
Java Developer,0.33700293
Java Developer,0.37811863
Management,0.36140466
Management,0.33417955
Management,0.32851323
Mechanical Engineer,0.3284812
Mechanical Engineer,0.37677255
Mechanical Engineer,0.388601
Network Security Engineer,0.3143232
Network Security Engineer,0.4051534
Network Security Engineer,0.3966042
Operations Manager,0.33211076
Operations Manager,0.4065184
Operations Manager,0.41916797
PMO,0.38069522
PMO,0.3830253
PMO,0.39421842
Public Relations,0.30956647
Public Relations,0.3818107
Public Relations,0.26567006
Python Developer,0.3518545
Python Developer,0.3044977
Python Developer,0.37411436
React Developer,0.33955035
React Developer,0.37841508
React Developer,0.42904142
SAP Developer,0.38800144
SAP Developer,0.4222031
SAP Developer,0.39997232
SQL Developer,0.341796
SQL Developer,0.39070055
SQL Developer,0.37589154
Sales,0.36882198
Sales,0.33200976
Sales,0.34577733
Testing,0.31353125
Testing,0.2773949
Testing,0.28482568
Web Designing,0.39509538
Web Designing,0.3766008
Web Designing,0.28027785
Accountant,0.30986091
Accountant,0.41492036
Accountant,0.3429839
Advocate,0.31442112
Advocate,0.38401675
Advocate,0.30724627
Agriculture,0.27820233
Agriculture,0.36071837
Agriculture,0.2965464
Apparel,0.3452253
Apparel,0.39245793
Apparel,0.397047
Architecture,0.32846525
Architecture,0.30297264
Architecture,0.31334943
Arts,0.29289076
Arts,0.2845621
Arts,0.2566706
Automobile,0.32460883
Automobile,0.36336073
Automobile,0.36929175
Aviation,0.31696945
Aviation,0.2685426
Aviation,0.30713588
BPO,0.37286547
BPO,0.34545496
BPO,0.40769663
Banking,0.33670232
Banking,0.33010817
Banking,0.340019
Blockchain,0.30697572
Blockchain,0.38085482
Blockchain,0.29541823
Building and Construction,0.3859198
Building and Construction,0.3572483
Building and Construction,0.32627398
Business Analyst,0.36513048
Business Analyst,0.3739721
Business Analyst,0.3760933
Civil Engineer,0.32471713
Civil Engineer,0.2570117
Civil Engineer,0.2826782
Consultant,0.2141775
Consultant,0.35454476
Consultant,0.42068747
Data Science,0.28602386
Data Science,0.33780414
Data Science,0.2932866
Database,0.35717368
Database,0.3526287
Database,0.35135004
Designing,0.28833124
Designing,0.25538257
Designing,0.34414676
DevOps,0.299394
DevOps,0.36136216
DevOps,0.35688254
Digital Media,0.33752778
Digital Media,0.4046073
Digital Media,0.43319592
DotNet Developer,0.36552212
DotNet Developer,0.36011532
DotNet Developer,0.35566452
ETL Developer,0.33819836
ETL Developer,0.31154868
ETL Developer,0.39281648
Education,0.28421298
Education,0.26237956
Education,0.24465483
Electrical Engineering,0.34376553
Electrical Engineering,0.2772673
Electrical Engineering,0.35086504
Finance,0.36626616
Finance,0.33468118
Finance,0.35487673
Food and Beverages,0.32253468
Food and Beverages,0.33789378
Food and Beverages,0.33403367
Health and Fitness,0.3074588
Health and Fitness,0.3319185
Health and Fitness,0.26884097
Human Resources,0.38855582
Human Resources,0.2822715
Human Resources,0.3576815
Information Technology,0.36948147
Information Technology,0.39308897
Information Technology,0.41561183
Java Developer,0.34903944
Java Developer,0.31384215
Java Developer,0.34880826
Management,0.37832808
Management,0.31622148
Management,0.31064942
Mechanical Engineer,0.30548698
Mechanical Engineer,0.34316823
Mechanical Engineer,0.36848575
Network Security Engineer,0.28472465
Network Security Engineer,0.37723377
Network Security Engineer,0.3644578
Operations Manager,0.34999275
Operations Manager,0.37252188
Operations Manager,0.40976605
PMO,0.35970867
PMO,0.35636297
PMO,0.39368263
Public Relations,0.33756614
Public Relations,0.34929627
Public Relations,0.28172976
Python Developer,0.36349988
Python Developer,0.29866996
Python Developer,0.35382533
React Developer,0.37121117
React Developer,0.358187
React Developer,0.39281386
SAP Developer,0.34289032
SAP Developer,0.39721492
SAP Developer,0.35417643
SQL Developer,0.3091513
SQL Developer,0.34828532
SQL Developer,0.36365533
Sales,0.38303006
Sales,0.38953295
Sales,0.3854645
Testing,0.25196764
Testing,0.21958563
Testing,0.2262055
Web Designing,0.39571744
Web Designing,0.33794874
Web Designing,0.33592328
Accountant,0.3295998
Accountant,0.41775662
Accountant,0.33577627
Advocate,0.31500962
Advocate,0.38019368
Advocate,0.32408208
Agriculture,0.30719125
Agriculture,0.3989358
Agriculture,0.28306338
Apparel,0.32861522
Apparel,0.40315616
Apparel,0.3657769
Architecture,0.34363157
Architecture,0.31657508
Architecture,0.31802174
Arts,0.26430586
Arts,0.29856402
Arts,0.2289744
Automobile,0.33223835
Automobile,0.362182
Automobile,0.36115834
Aviation,0.3135627
Aviation,0.28585166
Aviation,0.3340317
BPO,0.32496974
BPO,0.36733472
BPO,0.4149718
Banking,0.35334274
Banking,0.38226983
Banking,0.34882516
Blockchain,0.33381778
Blockchain,0.4087898
Blockchain,0.31513417
Building and Construction,0.38289562
Building and Construction,0.37957555
Building and Construction,0.3304819
Business Analyst,0.39461198
Business Analyst,0.3910143
Business Analyst,0.39246604
Civil Engineer,0.32913908
Civil Engineer,0.22527152
Civil Engineer,0.28870082
Consultant,0.22540341
Consultant,0.37596077
Consultant,0.42170668
Data Science,0.31589392
Data Science,0.34626466
Data Science,0.285048
Database,0.4190785
Database,0.39130256
Database,0.367208
Designing,0.29193312
Designing,0.2618651
Designing,0.3600691
DevOps,0.34486437
DevOps,0.4077872
DevOps,0.41616252
Digital Media,0.30249456
Digital Media,0.3970509
Digital Media,0.36672032
DotNet Developer,0.35965842
DotNet Developer,0.3357218
DotNet Developer,0.39391047
ETL Developer,0.34839708
ETL Developer,0.34558377
ETL Developer,0.40709358
Education,0.28193882
Education,0.24582931
Education,0.27402365
Electrical Engineering,0.3416302
Electrical Engineering,0.30912685
Electrical Engineering,0.3745126
Finance,0.39281115
Finance,0.35452554
Finance,0.37033606
Food and Beverages,0.33058017
Food and Beverages,0.3329986
Food and Beverages,0.342215
Health and Fitness,0.2974407
Health and Fitness,0.3189508
Health and Fitness,0.2853479
Human Resources,0.38465422
Human Resources,0.27623087
Human Resources,0.37988076
Information Technology,0.4166351
Information Technology,0.42516482
Information Technology,0.41192982
Java Developer,0.38384613
Java Developer,0.3249706
Java Developer,0.39283273
Management,0.3783749
Management,0.29737368
Management,0.32512158
Mechanical Engineer,0.3306904
Mechanical Engineer,0.37224692
Mechanical Engineer,0.37655175
Network Security Engineer,0.33408886
Network Security Engineer,0.39136803
Network Security Engineer,0.39733583
Operations Manager,0.34233013
Operations Manager,0.3989697
Operations Manager,0.42894253
PMO,0.36498103
PMO,0.3843098
PMO,0.4059497
Public Relations,0.30914056
Public Relations,0.3880019
Public Relations,0.25670806
Python Developer,0.37428984
Python Developer,0.3179301
Python Developer,0.37248105
React Developer,0.36345875
React Developer,0.36151266
React Developer,0.40214613
SAP Developer,0.3288903
SAP Developer,0.4038059
SAP Developer,0.39071363
SQL Developer,0.3371634
SQL Developer,0.36056483
SQL Developer,0.34757555
Sales,0.38011977
Sales,0.36742753
Sales,0.36893737
Testing,0.2861289
Testing,0.24444786
Testing,0.23984316
Web Designing,0.3782477
Web Designing,0.3780179
Web Designing,0.31373733
Accountant,0.35119453
Accountant,0.4239284
Accountant,0.3781003
Advocate,0.36720288
Advocate,0.38938695
Advocate,0.39105546
Agriculture,0.2757534
Agriculture,0.3707441
Agriculture,0.26510495
Apparel,0.34020334
Apparel,0.36754206
Apparel,0.3457017
Architecture,0.3286531
Architecture,0.26372606
Architecture,0.34800228
Arts,0.24572267
Arts,0.3869092
Arts,0.23724507
Automobile,0.3204115
Automobile,0.2812967
Automobile,0.36474672
Aviation,0.33561462
Aviation,0.26094487
Aviation,0.32455087
BPO,0.30947885
BPO,0.34366822
BPO,0.40676144
Banking,0.36072686
Banking,0.33267725
Banking,0.4232422
Blockchain,0.25988317
Blockchain,0.37476948
Blockchain,0.26267245
Building and Construction,0.36832857
Building and Construction,0.33424076
Building and Construction,0.3052669
Business Analyst,0.3774621
Business Analyst,0.36348915
Business Analyst,0.34722087
Civil Engineer,0.36643487
Civil Engineer,0.23150845
Civil Engineer,0.28582925
Consultant,0.25561038
Consultant,0.34806085
Consultant,0.4356266
Data Science,0.3019745
Data Science,0.3487453
Data Science,0.33809188
Database,0.3501792
Database,0.33283406
Database,0.32469487
Designing,0.23365222
Designing,0.24381237
Designing,0.3121914
DevOps,0.2880013
DevOps,0.36111316
DevOps,0.34048325
Digital Media,0.2664218
Digital Media,0.34610954
Digital Media,0.3373798
DotNet Developer,0.30197662
DotNet Developer,0.35315335
DotNet Developer,0.32248354
ETL Developer,0.28429753
ETL Developer,0.3316375
ETL Developer,0.3818759
Education,0.27811575
Education,0.26554674
Education,0.21967508
Electrical Engineering,0.34301353
Electrical Engineering,0.2677253
Electrical Engineering,0.39237434
Finance,0.41105637
Finance,0.39242253
Finance,0.4072284
Food and Beverages,0.32829225
Food and Beverages,0.35364193
Food and Beverages,0.34278378
Health and Fitness,0.30072397
Health and Fitness,0.33048168
Health and Fitness,0.26982304
Human Resources,0.4150497
Human Resources,0.3244529
Human Resources,0.3935628
Information Technology,0.39569485
Information Technology,0.3963603
Information Technology,0.37833992
Java Developer,0.30643207
Java Developer,0.2362596
Java Developer,0.31876588
Management,0.37434512
Management,0.35509908
Management,0.32027447
Mechanical Engineer,0.2618824
Mechanical Engineer,0.33831128
Mechanical Engineer,0.3156263
Network Security Engineer,0.32825306
Network Security Engineer,0.34236428
Network Security Engineer,0.35016194
Operations Manager,0.36471066
Operations Manager,0.38526887
Operations Manager,0.4184439
PMO,0.37565523
PMO,0.38481894
PMO,0.37491342
Public Relations,0.348882
Public Relations,0.38389444
Public Relations,0.325438
Python Developer,0.3129787
Python Developer,0.2283822
Python Developer,0.2971371
React Developer,0.26950592
React Developer,0.29944864
React Developer,0.4183798
SAP Developer,0.3658398
SAP Developer,0.3969584
SAP Developer,0.34078163
SQL Developer,0.31216434
SQL Developer,0.33846077
SQL Developer,0.3394007
Sales,0.3612767
Sales,0.35501054
Sales,0.3314034
Testing,0.30150783
Testing,0.26713932
Testing,0.27233207
Web Designing,0.3288005
Web Designing,0.30253133
Web Designing,0.25248876
Accountant,0.34233966
Accountant,0.49502295
Accountant,0.40044463
Advocate,0.3672931
Advocate,0.44699454
Advocate,0.43050832
Agriculture,0.33068022
Agriculture,0.45527208
Agriculture,0.3164828
Apparel,0.39895588
Apparel,0.47636053
Apparel,0.4791442
Architecture,0.37007776
Architecture,0.28766745
Architecture,0.3433876
Arts,0.27033848
Arts,0.3142625
Arts,0.22498916
Automobile,0.36787602
Automobile,0.35440207
Automobile,0.4284727
Aviation,0.32234287
Aviation,0.2734694
Aviation,0.3407248
BPO,0.47752863
BPO,0.4229664
BPO,0.49866846
Banking,0.43340132
Banking,0.40622643
Banking,0.4200431
Blockchain,0.27129883
Blockchain,0.50122297
Blockchain,0.33673382
Building and Construction,0.49476883
Building and Construction,0.38634393
Building and Construction,0.3348882
Business Analyst,0.43906453
Business Analyst,0.48009175
Business Analyst,0.45321703
Civil Engineer,0.36751562
Civil Engineer,0.21902281
Civil Engineer,0.27006805
Consultant,0.22848056
Consultant,0.4264518
Consultant,0.5149456
Data Science,0.32145482
Data Science,0.3933522
Data Science,0.3445619
Database,0.37288207
Database,0.3954055
Database,0.3874743
Designing,0.28877583
Designing,0.29539698
Designing,0.41038886
DevOps,0.30427247
DevOps,0.4139973
DevOps,0.41021836
Digital Media,0.30590802
Digital Media,0.4476823
Digital Media,0.5406566
DotNet Developer,0.40412483
DotNet Developer,0.43026236
DotNet Developer,0.35763383
ETL Developer,0.39974335
ETL Developer,0.37906978
ETL Developer,0.444972
Education,0.2964622
Education,0.2251138
Education,0.2030258
Electrical Engineering,0.34121627
Electrical Engineering,0.26416728
Electrical Engineering,0.40896794
Finance,0.47808585
Finance,0.41836435
Finance,0.43635654
Food and Beverages,0.36454287
Food and Beverages,0.4023614
Food and Beverages,0.38927376
Health and Fitness,0.31731132
Health and Fitness,0.3505835
Health and Fitness,0.26485795
Human Resources,0.43604562
Human Resources,0.2869045
Human Resources,0.43156314
Information Technology,0.44685382
Information Technology,0.48543066
Information Technology,0.52250135
Java Developer,0.38486248
Java Developer,0.32784748
Java Developer,0.37789914
Management,0.50224984
Management,0.3326636
Management,0.39275342
Mechanical Engineer,0.30631024
Mechanical Engineer,0.4184953
Mechanical Engineer,0.4120648
Network Security Engineer,0.29350212
Network Security Engineer,0.44040468
Network Security Engineer,0.40173176
Operations Manager,0.45880142
Operations Manager,0.44473213
Operations Manager,0.5357898
PMO,0.4062076
PMO,0.39891723
PMO,0.45584407
Public Relations,0.40692526
Public Relations,0.42692405
Public Relations,0.28772333
Python Developer,0.36712867
Python Developer,0.2638681
Python Developer,0.3562741
React Developer,0.39490712
React Developer,0.394225
React Developer,0.4455144
SAP Developer,0.37274876
SAP Developer,0.4910979
SAP Developer,0.44105977
SQL Developer,0.34134534
SQL Developer,0.41353187
SQL Developer,0.42378277
Sales,0.4816212
Sales,0.48078182
Sales,0.46370047
Testing,0.28926188
Testing,0.2846625
Testing,0.2714465
Web Designing,0.3594521
Web Designing,0.372495
Web Designing,0.31908524
Accountant,0.37702456
Accountant,0.39916438
Accountant,0.3722845
Advocate,0.39978695
Advocate,0.40981856
Advocate,0.38106775
Agriculture,0.2828377
Agriculture,0.3680867
Agriculture,0.29992282
Apparel,0.3464142
Apparel,0.3355693
Apparel,0.3248681
Architecture,0.32363775
Architecture,0.27970222
Architecture,0.34232327
Arts,0.3036365
Arts,0.3440448
Arts,0.28377187
Automobile,0.34034452
Automobile,0.31214035
Automobile,0.39544377
Aviation,0.38711578
Aviation,0.25196877
Aviation,0.32520974
BPO,0.26706678
BPO,0.3067849
BPO,0.42704156
Banking,0.38187543
Banking,0.33815908
Banking,0.4042302
Blockchain,0.23887713
Blockchain,0.3454217
Blockchain,0.25784388
Building and Construction,0.36376005
Building and Construction,0.3549504
Building and Construction,0.3205418
Business Analyst,0.37808353
Business Analyst,0.34449598
Business Analyst,0.315019
Civil Engineer,0.35467082
Civil Engineer,0.28613177
Civil Engineer,0.26353714
Consultant,0.2504653
Consultant,0.35372266
Consultant,0.3382853
Data Science,0.30243042
Data Science,0.3512859
Data Science,0.3308283
Database,0.3906236
Database,0.3735119
Database,0.33166987
Designing,0.26149154
Designing,0.22735658
Designing,0.29955044
DevOps,0.26919985
DevOps,0.32505473
DevOps,0.32270715
Digital Media,0.3186271
Digital Media,0.2999998
Digital Media,0.3037834
DotNet Developer,0.33908397
DotNet Developer,0.35609144
DotNet Developer,0.3761727
ETL Developer,0.32759038
ETL Developer,0.32551798
ETL Developer,0.36680257
Education,0.2970607
Education,0.27395043
Education,0.27160862
Electrical Engineering,0.34283632
Electrical Engineering,0.27618828
Electrical Engineering,0.34084395
Finance,0.40126455
Finance,0.3317866
Finance,0.33658648
Food and Beverages,0.32082832
Food and Beverages,0.3040966
Food and Beverages,0.33157414
Health and Fitness,0.3382501
Health and Fitness,0.33656517
Health and Fitness,0.28284943
Human Resources,0.41886932
Human Resources,0.3826874
Human Resources,0.41940072
Information Technology,0.33044383
Information Technology,0.3706425
Information Technology,0.39428
Java Developer,0.33519277
Java Developer,0.25389767
Java Developer,0.3357653
Management,0.32486534
Management,0.38529894
Management,0.34528682
Mechanical Engineer,0.27731648
Mechanical Engineer,0.37469167
Mechanical Engineer,0.35404536
Network Security Engineer,0.31910697
Network Security Engineer,0.32120895
Network Security Engineer,0.36774427
Operations Manager,0.32102332
Operations Manager,0.40751627
Operations Manager,0.38815558
PMO,0.32166058
PMO,0.356046
PMO,0.33656737
Public Relations,0.28736818
Public Relations,0.40041173
Public Relations,0.33822668
Python Developer,0.34934857
Python Developer,0.27986905
Python Developer,0.31187636
React Developer,0.2581369
React Developer,0.32652918
React Developer,0.40380558
SAP Developer,0.3640026
SAP Developer,0.36899954
SAP Developer,0.3758518
SQL Developer,0.35352325
SQL Developer,0.36752242
SQL Developer,0.3934515
Sales,0.3969874
Sales,0.2992789
Sales,0.35693318
Testing,0.33637488
Testing,0.355625
Testing,0.3420061
Web Designing,0.33187026
Web Designing,0.29634282
Web Designing,0.2791031
Accountant,0.34237418
Accountant,0.48699647
Accountant,0.36039284
Advocate,0.34157017
Advocate,0.43690115
Advocate,0.44708663
Agriculture,0.2829501
Agriculture,0.4181906
Agriculture,0.32264936
Apparel,0.43206033
Apparel,0.471536
Apparel,0.51113033
Architecture,0.38137364
Architecture,0.3004077
Architecture,0.36530313
Arts,0.3231397
Arts,0.34238526
Arts,0.29752114
Automobile,0.37037668
Automobile,0.41940323
Automobile,0.4359063
Aviation,0.32502183
Aviation,0.30914643
Aviation,0.35336924
BPO,0.5109829
BPO,0.38491943
BPO,0.46566632
Banking,0.43237236
Banking,0.430677
Banking,0.39237475
Blockchain,0.2614565
Blockchain,0.46831852
Blockchain,0.25777435
Building and Construction,0.5143988
Building and Construction,0.440124
Building and Construction,0.3521333
Business Analyst,0.4040842
Business Analyst,0.41298062
Business Analyst,0.40184784
Civil Engineer,0.35870355
Civil Engineer,0.2341464
Civil Engineer,0.241233
Consultant,0.26351056
Consultant,0.37618056
Consultant,0.46299702
Data Science,0.3537439
Data Science,0.4381524
Data Science,0.39480728
Database,0.32239392
Database,0.34485015
Database,0.33190948
Designing,0.30254015
Designing,0.3576632
Designing,0.4145745
DevOps,0.25441864
DevOps,0.36324197
DevOps,0.38015944
Digital Media,0.3204625
Digital Media,0.418451
Digital Media,0.4917539
DotNet Developer,0.3588511
DotNet Developer,0.37732986
DotNet Developer,0.31869823
ETL Developer,0.33466762
ETL Developer,0.3397433
ETL Developer,0.4187688
Education,0.34212944
Education,0.2782361
Education,0.2690403
Electrical Engineering,0.38352695
Electrical Engineering,0.2836749
Electrical Engineering,0.41300502
Finance,0.44464296
Finance,0.34979066
Finance,0.40126735
Food and Beverages,0.3990482
Food and Beverages,0.3933736
Food and Beverages,0.4143227
Health and Fitness,0.42896736
Health and Fitness,0.40581262
Health and Fitness,0.32464457
Human Resources,0.43358323
Human Resources,0.30343494
Human Resources,0.41993746
Information Technology,0.38556796
Information Technology,0.40666285
Information Technology,0.52684844
Java Developer,0.32181457
Java Developer,0.29287836
Java Developer,0.32314178
Management,0.5280123
Management,0.3510956
Management,0.32188836
Mechanical Engineer,0.34424397
Mechanical Engineer,0.4528203
Mechanical Engineer,0.49390674
Network Security Engineer,0.24395989
Network Security Engineer,0.40712887
Network Security Engineer,0.3512553
Operations Manager,0.47640625
Operations Manager,0.474624
Operations Manager,0.49472633
PMO,0.33364958
PMO,0.34606603
PMO,0.3945815
Public Relations,0.3640678
Public Relations,0.4534095
Public Relations,0.30463013
Python Developer,0.33124498
Python Developer,0.24583544
Python Developer,0.29670608
React Developer,0.3879224
React Developer,0.3432067
React Developer,0.4576065
SAP Developer,0.34394455
SAP Developer,0.43432632
SAP Developer,0.39525914
SQL Developer,0.30095547
SQL Developer,0.38476878
SQL Developer,0.37579095
Sales,0.47616902
Sales,0.48016647
Sales,0.45913115
Testing,0.29751903
Testing,0.31093982
Testing,0.2700116
Web Designing,0.3054111
Web Designing,0.33543378
Web Designing,0.340619
Accountant,0.35976496
Accountant,0.45280924
Accountant,0.3688422
Advocate,0.36301488
Advocate,0.4338649
Advocate,0.37918732
Agriculture,0.2863622
Agriculture,0.37333024
Agriculture,0.30138054
Apparel,0.3874683
Apparel,0.40357357
Apparel,0.4097501
Architecture,0.3493876
Architecture,0.3097334
Architecture,0.3771791
Arts,0.29878494
Arts,0.34046528
Arts,0.2712353
Automobile,0.33073
Automobile,0.36597094
Automobile,0.39707312
Aviation,0.32677338
Aviation,0.26744708
Aviation,0.3518174
BPO,0.39253476
BPO,0.34258556
BPO,0.43446463
Banking,0.39818478
Banking,0.35758802
Banking,0.39211527
Blockchain,0.2690875
Blockchain,0.41835114
Blockchain,0.26739976
Building and Construction,0.4134301
Building and Construction,0.37334198
Building and Construction,0.3523871
Business Analyst,0.38705945
Business Analyst,0.3756867
Business Analyst,0.33457282
Civil Engineer,0.38043708
Civil Engineer,0.24850918
Civil Engineer,0.256391
Consultant,0.24935336
Consultant,0.34622797
Consultant,0.40949786
Data Science,0.33188444
Data Science,0.37111497
Data Science,0.34345907
Database,0.34314254
Database,0.32405832
Database,0.32211527
Designing,0.2899888
Designing,0.2815005
Designing,0.36329448
DevOps,0.25100985
DevOps,0.3583009
DevOps,0.35976732
Digital Media,0.33392525
Digital Media,0.35245574
Digital Media,0.4034411
DotNet Developer,0.3453098
DotNet Developer,0.35228398
DotNet Developer,0.33543324
ETL Developer,0.30506918
ETL Developer,0.30270895
ETL Developer,0.40085322
Education,0.32058087
Education,0.28841993
Education,0.29665542
Electrical Engineering,0.33449766
Electrical Engineering,0.2687515
Electrical Engineering,0.38833687
Finance,0.41265714
Finance,0.36022463
Finance,0.37544897
Food and Beverages,0.34840107
Food and Beverages,0.36639494
Food and Beverages,0.3958107
Health and Fitness,0.34706682
Health and Fitness,0.3786658
Health and Fitness,0.29922634
Human Resources,0.4435982
Human Resources,0.34349313
Human Resources,0.42668894
Information Technology,0.3702774
Information Technology,0.39150244
Information Technology,0.43235278
Java Developer,0.32249552
Java Developer,0.26562944
Java Developer,0.3110527
Management,0.4558772
Management,0.31570372
Management,0.30475143
Mechanical Engineer,0.31447285
Mechanical Engineer,0.38349193
Mechanical Engineer,0.38752875
Network Security Engineer,0.26066214
Network Security Engineer,0.36118662
Network Security Engineer,0.3393328
Operations Manager,0.39109495
Operations Manager,0.41506833
Operations Manager,0.42258522
PMO,0.3190402
PMO,0.34670123
PMO,0.37068474
Public Relations,0.32554772
Public Relations,0.4080101
Public Relations,0.31548053
Python Developer,0.34878668
Python Developer,0.23858613
Python Developer,0.3010396
React Developer,0.31823933
React Developer,0.31865424
React Developer,0.45508617
SAP Developer,0.32086447
SAP Developer,0.38566327
SAP Developer,0.36594394
SQL Developer,0.30190498
SQL Developer,0.3626675
SQL Developer,0.33415997
Sales,0.44305176
Sales,0.39699548
Sales,0.40845603
Testing,0.30150807
Testing,0.29761657
Testing,0.29120594
Web Designing,0.34392935
Web Designing,0.31986642
Web Designing,0.32711333
Accountant,0.24508347
Accountant,0.340529
Accountant,0.23516397
Advocate,0.27994916
Advocate,0.3452328
Advocate,0.2771018
Agriculture,0.25992557
Agriculture,0.319569
Agriculture,0.25410077
Apparel,0.33122337
Apparel,0.30517998
Apparel,0.31296733
Architecture,0.28102475
Architecture,0.2550553
Architecture,0.295192
Arts,0.23445934
Arts,0.31673035
Arts,0.25018457
Automobile,0.30507448
Automobile,0.32123703
Automobile,0.4088281
Aviation,0.27145115
Aviation,0.25752267
Aviation,0.27834395
BPO,0.32117677
BPO,0.22624509
BPO,0.30172044
Banking,0.31213686
Banking,0.27510107
Banking,0.30825123
Blockchain,0.17265634
Blockchain,0.28206152
Blockchain,0.18001688
Building and Construction,0.34062266
Building and Construction,0.34437078
Building and Construction,0.3257936
Business Analyst,0.25154775
Business Analyst,0.23744236
Business Analyst,0.22480214
Civil Engineer,0.33772445
Civil Engineer,0.2290744
Civil Engineer,0.25455683
Consultant,0.2197346
Consultant,0.24388193
Consultant,0.28138292
Data Science,0.27927005
Data Science,0.33301118
Data Science,0.2971814
Database,0.29069152
Database,0.24557723
Database,0.24886185
Designing,0.19045445
Designing,0.21171278
Designing,0.24788338
DevOps,0.2054335
DevOps,0.2836282
DevOps,0.27408788
Digital Media,0.25098813
Digital Media,0.24838975
Digital Media,0.28272298
DotNet Developer,0.22109365
DotNet Developer,0.23934986
DotNet Developer,0.25104493
ETL Developer,0.19756582
ETL Developer,0.22244072
ETL Developer,0.29602572
Education,0.27111682
Education,0.24545935
Education,0.26197436
Electrical Engineering,0.33600232
Electrical Engineering,0.2983381
Electrical Engineering,0.39640686
Finance,0.28646618
Finance,0.22979157
Finance,0.25920996
Food and Beverages,0.34861547
Food and Beverages,0.30487144
Food and Beverages,0.32545063
Health and Fitness,0.30660015
Health and Fitness,0.30238912
Health and Fitness,0.2864202
Human Resources,0.32433495
Human Resources,0.22623765
Human Resources,0.30540696
Information Technology,0.25063375
Information Technology,0.28357702
Information Technology,0.3289697
Java Developer,0.2339031
Java Developer,0.18907827
Java Developer,0.24580859
Management,0.32837886
Management,0.20466956
Management,0.25272948
Mechanical Engineer,0.32846448
Mechanical Engineer,0.3218598
Mechanical Engineer,0.33989498
Network Security Engineer,0.18933408
Network Security Engineer,0.3034124
Network Security Engineer,0.2696849
Operations Manager,0.34817868
Operations Manager,0.37225628
Operations Manager,0.32023674
PMO,0.23145102
PMO,0.2744785
PMO,0.26269546
Public Relations,0.2437226
Public Relations,0.36527145
Public Relations,0.2824375
Python Developer,0.24927072
Python Developer,0.17164195
Python Developer,0.24768569
React Developer,0.20011255
React Developer,0.27470577
React Developer,0.34553814
SAP Developer,0.24813186
SAP Developer,0.27572784
SAP Developer,0.2820876
SQL Developer,0.22882938
SQL Developer,0.30865818
SQL Developer,0.2478214
Sales,0.3426967
Sales,0.25731733
Sales,0.28391114
Testing,0.27066013
Testing,0.25580338
Testing,0.24876338
Web Designing,0.2399191
Web Designing,0.23416135
Web Designing,0.21577594
Accountant,0.30780184
Accountant,0.4068972
Accountant,0.3255118
Advocate,0.2946251
Advocate,0.36449397
Advocate,0.280399
Agriculture,0.23196425
Agriculture,0.3342947
Agriculture,0.24762629
Apparel,0.2980924
Apparel,0.39603993
Apparel,0.34900182
Architecture,0.33278525
Architecture,0.3028479
Architecture,0.31898853
Arts,0.36918938
Arts,0.28514877
Arts,0.27120465
Automobile,0.3111332
Automobile,0.31042323
Automobile,0.31994995
Aviation,0.26202813
Aviation,0.21810429
Aviation,0.2947485
BPO,0.30605462
BPO,0.33062527
BPO,0.38975924
Banking,0.31245914
Banking,0.30651918
Banking,0.31964082
Blockchain,0.31306812
Blockchain,0.34591606
Blockchain,0.28522593
Building and Construction,0.33173397
Building and Construction,0.32733074
Building and Construction,0.31703374
Business Analyst,0.35849455
Business Analyst,0.3446574
Business Analyst,0.35121495
Civil Engineer,0.3106519
Civil Engineer,0.21210362
Civil Engineer,0.24621259
Consultant,0.19214715
Consultant,0.35319376
Consultant,0.36841387
Data Science,0.26867804
Data Science,0.30353305
Data Science,0.25883707
Database,0.36543262
Database,0.3514628
Database,0.32421178
Designing,0.30711576
Designing,0.2431455
Designing,0.35829884
DevOps,0.28578275
DevOps,0.33032754
DevOps,0.33599198
Digital Media,0.40621573
Digital Media,0.38671657
Digital Media,0.3955947
DotNet Developer,0.39656287
DotNet Developer,0.34945276
DotNet Developer,0.36748427
ETL Developer,0.32564172
ETL Developer,0.29678133
ETL Developer,0.36892265
Education,0.26942778
Education,0.2669997
Education,0.25362596
Electrical Engineering,0.31818688
Electrical Engineering,0.2568548
Electrical Engineering,0.3199441
Finance,0.3339535
Finance,0.30098715
Finance,0.32574522
Food and Beverages,0.2976095
Food and Beverages,0.31180876
Food and Beverages,0.31647387
Health and Fitness,0.28640777
Health and Fitness,0.3086801
Health and Fitness,0.24533029
Human Resources,0.3592773
Human Resources,0.28638837
Human Resources,0.33818612
Information Technology,0.34246475
Information Technology,0.36865914
Information Technology,0.38662812
Java Developer,0.35593036
Java Developer,0.33072042
Java Developer,0.33334064
Management,0.3284454
Management,0.31932792
Management,0.27506405
Mechanical Engineer,0.2800128
Mechanical Engineer,0.31443125
Mechanical Engineer,0.35775092
Network Security Engineer,0.293874
Network Security Engineer,0.3462183
Network Security Engineer,0.35481766
Operations Manager,0.3237691
Operations Manager,0.35319135
Operations Manager,0.37242633
PMO,0.33718598
PMO,0.3391976
PMO,0.36540344
Public Relations,0.31393865
Public Relations,0.37738797
Public Relations,0.30018076
Python Developer,0.35907087
Python Developer,0.31748402
Python Developer,0.3420496
React Developer,0.41501588
React Developer,0.35572952
React Developer,0.3739851
SAP Developer,0.32619303
SAP Developer,0.3669383
SAP Developer,0.34478298
SQL Developer,0.29898822
SQL Developer,0.342344
SQL Developer,0.34123293
Sales,0.34538838
Sales,0.34432825
Sales,0.34754455
Testing,0.25065824
Testing,0.23897082
Testing,0.23429018
Web Designing,0.38254425
Web Designing,0.36592287
Web Designing,0.38901088
Accountant,0.32580578
Accountant,0.4021237
Accountant,0.36553556
Advocate,0.41091034
Advocate,0.47113714
Advocate,0.4895757
Agriculture,0.23291217
Agriculture,0.35849118
Agriculture,0.23439357
Apparel,0.33071777
Apparel,0.28642797
Apparel,0.30333006
Architecture,0.3346315
Architecture,0.24565272
Architecture,0.3727787
Arts,0.22047812
Arts,0.33077496
Arts,0.1809608
Automobile,0.3597058
Automobile,0.25256407
Automobile,0.35593972
Aviation,0.29711413
Aviation,0.2401141
Aviation,0.38039947
BPO,0.22766943
BPO,0.24041659
BPO,0.37708405
Banking,0.4163761
Banking,0.22915953
Banking,0.44139144
Blockchain,0.27102655
Blockchain,0.3118752
Blockchain,0.15372066
Building and Construction,0.32070798
Building and Construction,0.3398555
Building and Construction,0.31381214
Business Analyst,0.34171197
Business Analyst,0.3246891
Business Analyst,0.26368836
Civil Engineer,0.420887
Civil Engineer,0.20817935
Civil Engineer,0.2149871
Consultant,0.3394915
Consultant,0.32165644
Consultant,0.32986838
Data Science,0.28282267
Data Science,0.29638636
Data Science,0.37958068
Database,0.3655147
Database,0.31813282
Database,0.22981495
Designing,0.19265556
Designing,0.23003027
Designing,0.2510568
DevOps,0.18480907
DevOps,0.2802373
DevOps,0.31160587
Digital Media,0.2640856
Digital Media,0.26169795
Digital Media,0.27614856
DotNet Developer,0.2820027
DotNet Developer,0.33116043
DotNet Developer,0.31289583
ETL Developer,0.24073915
ETL Developer,0.2398074
ETL Developer,0.32634532
Education,0.27610895
Education,0.24464093
Education,0.23534027
Electrical Engineering,0.34823543
Electrical Engineering,0.22681865
Electrical Engineering,0.36801788
Finance,0.34736314
Finance,0.27708876
Finance,0.34099156
Food and Beverages,0.3182096
Food and Beverages,0.24150616
Food and Beverages,0.26830396
Health and Fitness,0.3093153
Health and Fitness,0.36727843
Health and Fitness,0.2962216
Human Resources,0.40900487
Human Resources,0.312402
Human Resources,0.47534364
Information Technology,0.3422891
Information Technology,0.33447182
Information Technology,0.36474252
Java Developer,0.2413226
Java Developer,0.23440413
Java Developer,0.24974641
Management,0.33127517
Management,0.33286175
Management,0.247455
Mechanical Engineer,0.27807546
Mechanical Engineer,0.31644085
Mechanical Engineer,0.3448812
Network Security Engineer,0.20666832
Network Security Engineer,0.30782786
Network Security Engineer,0.35352653
Operations Manager,0.36706665
Operations Manager,0.31526637
Operations Manager,0.37291425
PMO,0.35392824
PMO,0.35823137
PMO,0.3240459
Public Relations,0.2156415
Public Relations,0.3713716
Public Relations,0.2917428
Python Developer,0.32511684
Python Developer,0.21591467
Python Developer,0.25470394
React Developer,0.22847375
React Developer,0.24823973
React Developer,0.4167116
SAP Developer,0.33507425
SAP Developer,0.3665329
SAP Developer,0.3182676
SQL Developer,0.26454028
SQL Developer,0.3502742
SQL Developer,0.31578326
Sales,0.49958462
Sales,0.24919516
Sales,0.32028323
Testing,0.45143023
Testing,0.46589977
Testing,0.44480556
Web Designing,0.2523947
Web Designing,0.3517453
Web Designing,0.23798153
Accountant,0.29977465
Accountant,0.49487373
Accountant,0.3399362
Advocate,0.3014007
Advocate,0.41331458
Advocate,0.42836085
Agriculture,0.27279887
Agriculture,0.39443097
Agriculture,0.27056232
Apparel,0.42045045
Apparel,0.49881482
Apparel,0.4968863
Architecture,0.36232412
Architecture,0.26683304
Architecture,0.32454872
Arts,0.33590925
Arts,0.30683494
Arts,0.2660155
Automobile,0.3581756
Automobile,0.35290626
Automobile,0.43083632
Aviation,0.26693064
Aviation,0.25666466
Aviation,0.29436007
BPO,0.54595727
BPO,0.3253029
BPO,0.43257266
Banking,0.4076893
Banking,0.41772303
Banking,0.36409014
Blockchain,0.25003222
Blockchain,0.48471692
Blockchain,0.2850829
Building and Construction,0.48146763
Building and Construction,0.35392448
Building and Construction,0.3211313
Business Analyst,0.36204338
Business Analyst,0.38915935
Business Analyst,0.39617085
Civil Engineer,0.35439152
Civil Engineer,0.18318796
Civil Engineer,0.21960483
Consultant,0.26325375
Consultant,0.33909133
Consultant,0.45939785
Data Science,0.31464306
Data Science,0.37494084
Data Science,0.35765842
Database,0.30525902
Database,0.32943457
Database,0.2750342
Designing,0.33806267
Designing,0.3429003
Designing,0.46224812
DevOps,0.21583351
DevOps,0.36331987
DevOps,0.33901432
Digital Media,0.28875756
Digital Media,0.40838432
Digital Media,0.50800925
DotNet Developer,0.33634996
DotNet Developer,0.3586755
DotNet Developer,0.30389062
ETL Developer,0.3269916
ETL Developer,0.31555977
ETL Developer,0.39300942
Education,0.30766875
Education,0.24250536
Education,0.2493398
Electrical Engineering,0.3363669
Electrical Engineering,0.23447385
Electrical Engineering,0.39503285
Finance,0.43145233
Finance,0.354705
Finance,0.36507937
Food and Beverages,0.34782195
Food and Beverages,0.39849502
Food and Beverages,0.41008404
Health and Fitness,0.3855064
Health and Fitness,0.39022595
Health and Fitness,0.26388136
Human Resources,0.39240834
Human Resources,0.24568819
Human Resources,0.39425614
Information Technology,0.36446944
Information Technology,0.4024971
Information Technology,0.5217194
Java Developer,0.31451994
Java Developer,0.2656025
Java Developer,0.3020461
Management,0.52206177
Management,0.31818643
Management,0.31439143
Mechanical Engineer,0.2923943
Mechanical Engineer,0.40708756
Mechanical Engineer,0.4063743
Network Security Engineer,0.23185468
Network Security Engineer,0.37444255
Network Security Engineer,0.32860285
Operations Manager,0.44538504
Operations Manager,0.46973968
Operations Manager,0.4623674
PMO,0.31499708
PMO,0.34395182
PMO,0.3951802
Public Relations,0.36419624
Public Relations,0.40467575
Public Relations,0.3401857
Python Developer,0.32021824
Python Developer,0.22865663
Python Developer,0.2741223
React Developer,0.4103825
React Developer,0.31483307
React Developer,0.40944383
SAP Developer,0.3041133
SAP Developer,0.4503041
SAP Developer,0.37656203
SQL Developer,0.23696181
SQL Developer,0.35221255
SQL Developer,0.3432793
Sales,0.46868417
Sales,0.47023696
Sales,0.45340437
Testing,0.2614169
Testing,0.27472803
Testing,0.25654903
Web Designing,0.30261427
Web Designing,0.31400934
Web Designing,0.3816986
Accountant,0.33766466
Accountant,0.41914675
Accountant,0.36663085
Advocate,0.43965235
Advocate,0.4591632
Advocate,0.45004845
Agriculture,0.30181074
Agriculture,0.36487085
Agriculture,0.27085948
Apparel,0.3527226
Apparel,0.3213196
Apparel,0.33765057
Architecture,0.33230814
Architecture,0.25676152
Architecture,0.38744062
Arts,0.25213185
Arts,0.34831056
Arts,0.22721188
Automobile,0.33623624
Automobile,0.28034255
Automobile,0.37911296
Aviation,0.34010753
Aviation,0.2543352
Aviation,0.3581302
BPO,0.28520185
BPO,0.2956122
BPO,0.40239012
Banking,0.3899472
Banking,0.29994988
Banking,0.46627223
Blockchain,0.29868752
Blockchain,0.35193142
Blockchain,0.23416513
Building and Construction,0.37453362
Building and Construction,0.3532882
Building and Construction,0.3078297
Business Analyst,0.38947853
Business Analyst,0.3595168
Business Analyst,0.33037966
Civil Engineer,0.3950946
Civil Engineer,0.24377498
Civil Engineer,0.25330487
Consultant,0.32527414
Consultant,0.33450952
Consultant,0.37376454
Data Science,0.32127652
Data Science,0.34068134
Data Science,0.36172715
Database,0.35249153
Database,0.34464625
Database,0.29068568
Designing,0.21916099
Designing,0.21273862
Designing,0.2909658
DevOps,0.22726765
DevOps,0.33407173
DevOps,0.35447815
Digital Media,0.25819615
Digital Media,0.31604534
Digital Media,0.3295789
DotNet Developer,0.28814206
DotNet Developer,0.35475993
DotNet Developer,0.3156238
ETL Developer,0.27404252
ETL Developer,0.27199602
ETL Developer,0.38581765
Education,0.29750824
Education,0.26918635
Education,0.23142916
Electrical Engineering,0.3589417
Electrical Engineering,0.2559536
Electrical Engineering,0.3852103
Finance,0.39398798
Finance,0.3462873
Finance,0.37070486
Food and Beverages,0.31770015
Food and Beverages,0.33804908
Food and Beverages,0.3267354
Health and Fitness,0.3775478
Health and Fitness,0.4286898
Health and Fitness,0.32264224
Human Resources,0.4391869
Human Resources,0.35004616
Human Resources,0.45016325
Information Technology,0.3718356
Information Technology,0.36325026
Information Technology,0.37305278
Java Developer,0.26982176
Java Developer,0.2687099
Java Developer,0.29209542
Management,0.36090788
Management,0.33437875
Management,0.28493583
Mechanical Engineer,0.29238907
Mechanical Engineer,0.3395052
Mechanical Engineer,0.3384607
Network Security Engineer,0.2579541
Network Security Engineer,0.36095265
Network Security Engineer,0.36068642
Operations Manager,0.37736437
Operations Manager,0.39179572
Operations Manager,0.41104436
PMO,0.355796
PMO,0.37510353
PMO,0.35617813
Public Relations,0.28003737
Public Relations,0.39032093
Public Relations,0.32145008
Python Developer,0.30128738
Python Developer,0.24602713
Python Developer,0.30407315
React Developer,0.2652316
React Developer,0.29819036
React Developer,0.44589505
SAP Developer,0.35913923
SAP Developer,0.41149813
SAP Developer,0.35098687
SQL Developer,0.31380522
SQL Developer,0.367527
SQL Developer,0.35088012
Sales,0.4626479
Sales,0.29971805
Sales,0.36448586
Testing,0.45118037
Testing,0.42814526
Testing,0.4271994
Web Designing,0.3154208
Web Designing,0.3200576
Web Designing,0.24049565
Accountant,0.3149816
Accountant,0.4283968
Accountant,0.33115354
Advocate,0.3301753
Advocate,0.4176226
Advocate,0.36482635
Agriculture,0.33551824
Agriculture,0.38938487
Agriculture,0.3133006
Apparel,0.36815554
Apparel,0.36578855
Apparel,0.38151595
Architecture,0.32729456
Architecture,0.29532242
Architecture,0.35918328
Arts,0.28109077
Arts,0.35046297
Arts,0.27038816
Automobile,0.3206562
Automobile,0.32697433
Automobile,0.43956977
Aviation,0.32395068
Aviation,0.25188768
Aviation,0.3217243
BPO,0.36613464
BPO,0.30976626
BPO,0.39149845
Banking,0.38124925
Banking,0.35945153
Banking,0.38837218
Blockchain,0.25309065
Blockchain,0.41860914
Blockchain,0.26056725
Building and Construction,0.40131256
Building and Construction,0.37814918
Building and Construction,0.3101149
Business Analyst,0.3549749
Business Analyst,0.37795517
Business Analyst,0.35549122
Civil Engineer,0.3550074
Civil Engineer,0.25038868
Civil Engineer,0.2956601
Consultant,0.30655158
Consultant,0.3005845
Consultant,0.4076944
Data Science,0.3467086
Data Science,0.36276668
Data Science,0.33656693
Database,0.3255477
Database,0.3346368
Database,0.3073161
Designing,0.26053286
Designing,0.26885715
Designing,0.33595774
DevOps,0.25885913
DevOps,0.36605012
DevOps,0.3658896
Digital Media,0.2760422
Digital Media,0.33884326
Digital Media,0.37509125
DotNet Developer,0.29409057
DotNet Developer,0.28155655
DotNet Developer,0.31350356
ETL Developer,0.2708019
ETL Developer,0.28838784
ETL Developer,0.37487045
Education,0.32235754
Education,0.27720478
Education,0.30223367
Electrical Engineering,0.3758657
Electrical Engineering,0.3074377
Electrical Engineering,0.4151377
Finance,0.39538056
Finance,0.35466033
Finance,0.34753302
Food and Beverages,0.3685238
Food and Beverages,0.41250387
Food and Beverages,0.40646586
Health and Fitness,0.38631022
Health and Fitness,0.38608247
Health and Fitness,0.3174302
Human Resources,0.39682746
Human Resources,0.3079676
Human Resources,0.37653983
Information Technology,0.3602523
Information Technology,0.371782
Information Technology,0.40070474
Java Developer,0.31462017
Java Developer,0.24914496
Java Developer,0.30417114
Management,0.40478122
Management,0.29741997
Management,0.32382938
Mechanical Engineer,0.30870348
Mechanical Engineer,0.38297567
Mechanical Engineer,0.36327067
Network Security Engineer,0.2810887
Network Security Engineer,0.36857292
Network Security Engineer,0.33478084
Operations Manager,0.3825645
Operations Manager,0.43270501
Operations Manager,0.42328703
PMO,0.31238145
PMO,0.35826087
PMO,0.33919162
Public Relations,0.3255269
Public Relations,0.39783633
Public Relations,0.3353661
Python Developer,0.33357388
Python Developer,0.21591355
Python Developer,0.3099861
React Developer,0.27819705
React Developer,0.316064
React Developer,0.4480993
SAP Developer,0.3031639
SAP Developer,0.3841353
SAP Developer,0.3376588
SQL Developer,0.2810583
SQL Developer,0.34064206
SQL Developer,0.3233454
Sales,0.3985202
Sales,0.35075873
Sales,0.36975846
Testing,0.313685
Testing,0.3102126
Testing,0.29741985
Web Designing,0.33043292
Web Designing,0.29326162
Web Designing,0.29589662
Accountant,0.3389553
Accountant,0.4449418
Accountant,0.36531457
Advocate,0.32768902
Advocate,0.41472486
Advocate,0.33916464
Agriculture,0.3046742
Agriculture,0.36093447
Agriculture,0.33647367
Apparel,0.35853246
Apparel,0.38306156
Apparel,0.39482576
Architecture,0.31049877
Architecture,0.27419978
Architecture,0.3291316
Arts,0.29994044
Arts,0.30441335
Arts,0.2552727
Automobile,0.33905873
Automobile,0.38239238
Automobile,0.37879977
Aviation,0.34318113
Aviation,0.24090879
Aviation,0.2859641
BPO,0.40276012
BPO,0.3481512
BPO,0.3960922
Banking,0.39014944
Banking,0.35749474
Banking,0.369469
Blockchain,0.29103658
Blockchain,0.4183488
Blockchain,0.27879295
Building and Construction,0.40246457
Building and Construction,0.3748713
Building and Construction,0.32631373
Business Analyst,0.3689606
Business Analyst,0.36220938
Business Analyst,0.31452107
Civil Engineer,0.32860634
Civil Engineer,0.27336684
Civil Engineer,0.2716268
Consultant,0.2563872
Consultant,0.34697005
Consultant,0.42591542
Data Science,0.29006702
Data Science,0.36583623
Data Science,0.29587108
Database,0.32917744
Database,0.3137301
Database,0.32835764
Designing,0.24456434
Designing,0.29118413
Designing,0.34227148
DevOps,0.26654476
DevOps,0.34143156
DevOps,0.32201236
Digital Media,0.28453556
Digital Media,0.3858497
Digital Media,0.3804009
DotNet Developer,0.28375307
DotNet Developer,0.3101519
DotNet Developer,0.29067016
ETL Developer,0.26365885
ETL Developer,0.28243753
ETL Developer,0.32909793
Education,0.2686696
Education,0.26536244
Education,0.2938478
Electrical Engineering,0.35824686
Electrical Engineering,0.2965186
Electrical Engineering,0.40040103
Finance,0.3964534
Finance,0.39004022
Finance,0.34158182
Food and Beverages,0.3201045
Food and Beverages,0.37590408
Food and Beverages,0.36847895
Health and Fitness,0.34334496
Health and Fitness,0.34358177
Health and Fitness,0.29867
Human Resources,0.37841678
Human Resources,0.38547638
Human Resources,0.36232778
Information Technology,0.3449969
Information Technology,0.40962905
Information Technology,0.40058532
Java Developer,0.29338428
Java Developer,0.21905817
Java Developer,0.29073438
Management,0.38584927
Management,0.3052759
Management,0.34444046
Mechanical Engineer,0.29816583
Mechanical Engineer,0.35349855
Mechanical Engineer,0.36938044
Network Security Engineer,0.27663752
Network Security Engineer,0.34227896
Network Security Engineer,0.32400915
Operations Manager,0.40414026
Operations Manager,0.4389196
Operations Manager,0.4266182
PMO,0.3280777
PMO,0.3514332
PMO,0.366579
Public Relations,0.38324282
Public Relations,0.37406126
Public Relations,0.28895426
Python Developer,0.3613152
Python Developer,0.2250695
Python Developer,0.3080086
React Developer,0.29144755
React Developer,0.30420652
React Developer,0.40831226
SAP Developer,0.31270027
SAP Developer,0.38141957
SAP Developer,0.3328444
SQL Developer,0.28692394
SQL Developer,0.36878276
SQL Developer,0.34088013
Sales,0.37038264
Sales,0.41479704
Sales,0.4123113
Testing,0.2760773
Testing,0.25241348
Testing,0.2582399
Web Designing,0.32964858
Web Designing,0.27828616
Web Designing,0.32198414
Accountant,0.3439162
Accountant,0.44937283
Accountant,0.37830675
Advocate,0.36331078
Advocate,0.4312928
Advocate,0.39636657
Agriculture,0.3597115
Agriculture,0.44306117
Agriculture,0.31956527
Apparel,0.37286693
Apparel,0.43229645
Apparel,0.3911569
Architecture,0.3504077
Architecture,0.33682287
Architecture,0.35621184
Arts,0.2857717
Arts,0.32843304
Arts,0.24253386
Automobile,0.3439936
Automobile,0.3402974
Automobile,0.4048525
Aviation,0.31973228
Aviation,0.29132995
Aviation,0.36712182
BPO,0.35869035
BPO,0.4065597
BPO,0.42932293
Banking,0.3749665
Banking,0.3622195
Banking,0.4056728
Blockchain,0.2788961
Blockchain,0.4134648
Blockchain,0.3016288
Building and Construction,0.41970783
Building and Construction,0.41514924
Building and Construction,0.36142868
Business Analyst,0.43690747
Business Analyst,0.43452275
Business Analyst,0.43605465
Civil Engineer,0.3547788
Civil Engineer,0.26487866
Civil Engineer,0.3151205
Consultant,0.23301892
Consultant,0.38039097
Consultant,0.42667934
Data Science,0.31858426
Data Science,0.35865536
Data Science,0.33101422
Database,0.37999955
Database,0.38251722
Database,0.39744416
Designing,0.29704022
Designing,0.27547193
Designing,0.37459764
DevOps,0.3177554
DevOps,0.42016557
DevOps,0.4081057
Digital Media,0.30494148
Digital Media,0.41936257
Digital Media,0.42109334
DotNet Developer,0.38633934
DotNet Developer,0.36386093
DotNet Developer,0.3954859
ETL Developer,0.36259937
ETL Developer,0.3498776
ETL Developer,0.45383197
Education,0.3024744
Education,0.25930148
Education,0.23643193
Electrical Engineering,0.38241893
Electrical Engineering,0.2963766
Electrical Engineering,0.4015424
Finance,0.44870055
Finance,0.3830489
Finance,0.42325372
Food and Beverages,0.37319115
Food and Beverages,0.39257258
Food and Beverages,0.3620836
Health and Fitness,0.31606132
Health and Fitness,0.33739537
Health and Fitness,0.27668834
Human Resources,0.42422158
Human Resources,0.2889718
Human Resources,0.38556832
Information Technology,0.43338507
Information Technology,0.41731384
Information Technology,0.42479742
Java Developer,0.38464966
Java Developer,0.30575618
Java Developer,0.3873756
Management,0.41351697
Management,0.33820644
Management,0.3667066
Mechanical Engineer,0.3509251
Mechanical Engineer,0.40210074
Mechanical Engineer,0.3940784
Network Security Engineer,0.281876
Network Security Engineer,0.39003354
Network Security Engineer,0.41509378
Operations Manager,0.38793236
Operations Manager,0.41058987
Operations Manager,0.4657668
PMO,0.4405201
PMO,0.43626177
PMO,0.45019776
Public Relations,0.35835603
Public Relations,0.40611973
Public Relations,0.28978303
Python Developer,0.34432974
Python Developer,0.29066363
Python Developer,0.35726774
React Developer,0.38854262
React Developer,0.3840483
React Developer,0.44161412
SAP Developer,0.3585174
SAP Developer,0.46254674
SAP Developer,0.39664027
SQL Developer,0.35447884
SQL Developer,0.40513518
SQL Developer,0.3827746
Sales,0.40361205
Sales,0.390357
Sales,0.38793156
Testing,0.3118031
Testing,0.286922
Testing,0.2741101
Web Designing,0.3838496
Web Designing,0.38813218
Web Designing,0.28573963
Accountant,0.32782865
Accountant,0.42487857
Accountant,0.37539116
Advocate,0.31712836
Advocate,0.419573
Advocate,0.33404294
Agriculture,0.33874062
Agriculture,0.4011737
Agriculture,0.2851859
Apparel,0.36272183
Apparel,0.40605453
Apparel,0.37944072
Architecture,0.34799862
Architecture,0.3048065
Architecture,0.36033252
Arts,0.27049953
Arts,0.3057512
Arts,0.21185823
Automobile,0.3514595
Automobile,0.37129965
Automobile,0.4237971
Aviation,0.33941352
Aviation,0.32070577
Aviation,0.34428048
BPO,0.34065342
BPO,0.36311454
BPO,0.44536456
Banking,0.3571652
Banking,0.34361032
Banking,0.38128453
Blockchain,0.309855
Blockchain,0.41200274
Blockchain,0.31885946
Building and Construction,0.41679215
Building and Construction,0.43075612
Building and Construction,0.36020243
Business Analyst,0.39218947
Business Analyst,0.38829732
Business Analyst,0.4071459
Civil Engineer,0.38237748
Civil Engineer,0.2493026
Civil Engineer,0.29636884
Consultant,0.20072404
Consultant,0.3859916
Consultant,0.42288607
Data Science,0.3120378
Data Science,0.32606328
Data Science,0.3410164
Database,0.41272166
Database,0.38554773
Database,0.35417
Designing,0.2747162
Designing,0.21323852
Designing,0.35632628
DevOps,0.32017747
DevOps,0.40840533
DevOps,0.4222859
Digital Media,0.32599545
Digital Media,0.4080977
Digital Media,0.3735179
DotNet Developer,0.34037948
DotNet Developer,0.35081384
DotNet Developer,0.3759684
ETL Developer,0.3434385
ETL Developer,0.3147536
ETL Developer,0.42907336
Education,0.28148788
Education,0.22634268
Education,0.25556657
Electrical Engineering,0.40806496
Electrical Engineering,0.33674496
Electrical Engineering,0.41295937
Finance,0.39416382
Finance,0.35813197
Finance,0.39093918
Food and Beverages,0.37891126
Food and Beverages,0.35393426
Food and Beverages,0.33336598
Health and Fitness,0.30091837
Health and Fitness,0.3173751
Health and Fitness,0.2789921
Human Resources,0.39905304
Human Resources,0.31460175
Human Resources,0.41381228
Information Technology,0.3899604
Information Technology,0.42057976
Information Technology,0.4229431
Java Developer,0.3732793
Java Developer,0.3282521
Java Developer,0.3865478
Management,0.37079796
Management,0.32814762
Management,0.36038408
Mechanical Engineer,0.3520967
Mechanical Engineer,0.40985507
Mechanical Engineer,0.40742546
Network Security Engineer,0.31700993
Network Security Engineer,0.43716758
Network Security Engineer,0.40526503
Operations Manager,0.359182
Operations Manager,0.4368909
Operations Manager,0.46196213
PMO,0.36099607
PMO,0.3927796
PMO,0.42389852
Public Relations,0.32161218
Public Relations,0.4087864
Public Relations,0.2822174
Python Developer,0.37514594
Python Developer,0.30045915
Python Developer,0.3948015
React Developer,0.3781102
React Developer,0.3720012
React Developer,0.4284378
SAP Developer,0.3555637
SAP Developer,0.42654264
SAP Developer,0.40410054
SQL Developer,0.3289198
SQL Developer,0.38115007
SQL Developer,0.37279767
Sales,0.41151404
Sales,0.35938683
Sales,0.37145045
Testing,0.30339515
Testing,0.27579495
Testing,0.27321342
Web Designing,0.35563132
Web Designing,0.39268148
Web Designing,0.30315226
Accountant,0.27044597
Accountant,0.3913504
Accountant,0.30770993
Advocate,0.30635193
Advocate,0.3431114
Advocate,0.3243831
Agriculture,0.2540395
Agriculture,0.35074523
Agriculture,0.2535738
Apparel,0.29526055
Apparel,0.41265893
Apparel,0.3736924
Architecture,0.30207682
Architecture,0.3270891
Architecture,0.35136306
Arts,0.4209071
Arts,0.3198701
Arts,0.32603678
Automobile,0.27594772
Automobile,0.29653034
Automobile,0.3050524
Aviation,0.23611294
Aviation,0.16916601
Aviation,0.29471242
BPO,0.3599542
BPO,0.3354299
BPO,0.35783085
Banking,0.2982148
Banking,0.34646884
Banking,0.32890344
Blockchain,0.29339075
Blockchain,0.359188
Blockchain,0.27317357
Building and Construction,0.3382044
Building and Construction,0.2818006
Building and Construction,0.30095702
Business Analyst,0.32394913
Business Analyst,0.3451337
Business Analyst,0.37234476
Civil Engineer,0.28423637
Civil Engineer,0.20858361
Civil Engineer,0.30727825
Consultant,0.25228566
Consultant,0.33574352
Consultant,0.4197038
Data Science,0.33299637
Data Science,0.30546677
Data Science,0.23535408
Database,0.3048764
Database,0.30010366
Database,0.3024186
Designing,0.34983006
Designing,0.27370727
Designing,0.389474
DevOps,0.2753307
DevOps,0.32233772
DevOps,0.34938344
Digital Media,0.4695318
Digital Media,0.5042505
Digital Media,0.52556866
DotNet Developer,0.35055956
DotNet Developer,0.31199875
DotNet Developer,0.32670885
ETL Developer,0.31561726
ETL Developer,0.26910096
ETL Developer,0.38481435
Education,0.30849326
Education,0.25977585
Education,0.228086
Electrical Engineering,0.2748491
Electrical Engineering,0.20531106
Electrical Engineering,0.33349848
Finance,0.3422866
Finance,0.35242817
Finance,0.39522362
Food and Beverages,0.3113275
Food and Beverages,0.3240488
Food and Beverages,0.35664454
Health and Fitness,0.3130327
Health and Fitness,0.33008453
Health and Fitness,0.24843733
Human Resources,0.35052738
Human Resources,0.24586725
Human Resources,0.33454832
Information Technology,0.36449695
Information Technology,0.3803294
Information Technology,0.43541527
Java Developer,0.308416
Java Developer,0.28150234
Java Developer,0.30918285
Management,0.3816273
Management,0.3106133
Management,0.26460242
Mechanical Engineer,0.2566371
Mechanical Engineer,0.3216066
Mechanical Engineer,0.31267098
Network Security Engineer,0.23288625
Network Security Engineer,0.30754364
Network Security Engineer,0.31251305
Operations Manager,0.34958184
Operations Manager,0.3346145
Operations Manager,0.37318382
PMO,0.3300261
PMO,0.3151109
PMO,0.377032
Public Relations,0.4388776
Public Relations,0.375345
Public Relations,0.38383391
Python Developer,0.3196186
Python Developer,0.26200598
Python Developer,0.31438544
React Developer,0.41571847
React Developer,0.31538746
React Developer,0.37022468
SAP Developer,0.31167722
SAP Developer,0.38989165
SAP Developer,0.3105248
SQL Developer,0.287294
SQL Developer,0.33131674
SQL Developer,0.33674428
Sales,0.3297269
Sales,0.42651972
Sales,0.36454234
Testing,0.25608477
Testing,0.23073184
Testing,0.23750532
Web Designing,0.37423944
Web Designing,0.3022367
Web Designing,0.4156791
Accountant,0.35869625
Accountant,0.4384915
Accountant,0.3969804
Advocate,0.3594188
Advocate,0.3889434
Advocate,0.3831286
Agriculture,0.28987947
Agriculture,0.37999043
Agriculture,0.28998005
Apparel,0.36127722
Apparel,0.38634846
Apparel,0.35758626
Architecture,0.32008743
Architecture,0.28479466
Architecture,0.3449117
Arts,0.24445178
Arts,0.28665596
Arts,0.20260149
Automobile,0.31283233
Automobile,0.32291102
Automobile,0.36109242
Aviation,0.32337752
Aviation,0.25069636
Aviation,0.3300176
BPO,0.36418167
BPO,0.35329974
BPO,0.4193285
Banking,0.40444726
Banking,0.36003807
Banking,0.41001084
Blockchain,0.30739334
Blockchain,0.40321323
Blockchain,0.30658552
Building and Construction,0.36478174
Building and Construction,0.34666955
Building and Construction,0.3098072
Business Analyst,0.39613825
Business Analyst,0.39760858
Business Analyst,0.35573038
Civil Engineer,0.36862457
Civil Engineer,0.22718783
Civil Engineer,0.2449551
Consultant,0.22113058
Consultant,0.37887272
Consultant,0.42003524
Data Science,0.27792802
Data Science,0.31213015
Data Science,0.33194944
Database,0.3469147
Database,0.33477512
Database,0.34274805
Designing,0.26344326
Designing,0.25948766
Designing,0.3455124
DevOps,0.27629134
DevOps,0.3709139
DevOps,0.35312158
Digital Media,0.27292287
Digital Media,0.35891354
Digital Media,0.35890263
DotNet Developer,0.35752773
DotNet Developer,0.3566032
DotNet Developer,0.34424305
ETL Developer,0.3355711
ETL Developer,0.34073487
ETL Developer,0.38023826
Education,0.2577274
Education,0.23022479
Education,0.20846936
Electrical Engineering,0.3143143
Electrical Engineering,0.27428314
Electrical Engineering,0.363467
Finance,0.39876512
Finance,0.3690968
Finance,0.36841
Food and Beverages,0.31897897
Food and Beverages,0.34615597
Food and Beverages,0.3251693
Health and Fitness,0.28525966
Health and Fitness,0.3221061
Health and Fitness,0.2474683
Human Resources,0.41792327
Human Resources,0.29570305
Human Resources,0.38942617
Information Technology,0.39067528
Information Technology,0.42181548
Information Technology,0.40323898
Java Developer,0.31939226
Java Developer,0.27756062
Java Developer,0.3323184
Management,0.37042058
Management,0.35414252
Management,0.35783046
Mechanical Engineer,0.26922122
Mechanical Engineer,0.3482885
Mechanical Engineer,0.33540988
Network Security Engineer,0.30527803
Network Security Engineer,0.33996955
Network Security Engineer,0.37148055
Operations Manager,0.34219778
Operations Manager,0.3958875
Operations Manager,0.42469767
PMO,0.36255676
PMO,0.37482598
PMO,0.37992278
Public Relations,0.32065016
Public Relations,0.35257515
Public Relations,0.2653253
Python Developer,0.34695274
Python Developer,0.2468898
Python Developer,0.32948118
React Developer,0.32583353
React Developer,0.33364147
React Developer,0.40180764
SAP Developer,0.3592739
SAP Developer,0.4004313
SAP Developer,0.39000538
SQL Developer,0.30913007
SQL Developer,0.34791735
SQL Developer,0.35584915
Sales,0.37895864
Sales,0.3833243
Sales,0.35700235
Testing,0.28058705
Testing,0.28069788
Testing,0.28732175
Web Designing,0.34374967
Web Designing,0.31925312
Web Designing,0.25994366
Accountant,0.34745824
Accountant,0.373827
Accountant,0.35913152
Advocate,0.32068905
Advocate,0.3567469
Advocate,0.33167976
Agriculture,0.20757027
Agriculture,0.28714544
Agriculture,0.21899256
Apparel,0.34889224
Apparel,0.26501584
Apparel,0.275417
Architecture,0.27115497
Architecture,0.25277853
Architecture,0.4426995
Arts,0.22862656
Arts,0.27483612
Arts,0.230732
Automobile,0.3532522
Automobile,0.25605294
Automobile,0.3982486
Aviation,0.31644014
Aviation,0.25696313
Aviation,0.30066353
BPO,0.2740911
BPO,0.29163155
BPO,0.36760786
Banking,0.32364392
Banking,0.25584874
Banking,0.37109408
Blockchain,0.20604298
Blockchain,0.33158478
Blockchain,0.19908372
Building and Construction,0.36639732
Building and Construction,0.32642928
Building and Construction,0.29715934
Business Analyst,0.31478003
Business Analyst,0.28326634
Business Analyst,0.25603932
Civil Engineer,0.4018143
Civil Engineer,0.23542623
Civil Engineer,0.23270762
Consultant,0.16450611
Consultant,0.25643623
Consultant,0.3165663
Data Science,0.2879782
Data Science,0.27070087
Data Science,0.34433728
Database,0.28066182
Database,0.2623139
Database,0.22799987
Designing,0.13625243
Designing,0.19976759
Designing,0.24440992
DevOps,0.20267749
DevOps,0.26135054
DevOps,0.25223133
Digital Media,0.27685302
Digital Media,0.2473413
Digital Media,0.24035627
DotNet Developer,0.24365774
DotNet Developer,0.25974962
DotNet Developer,0.2506161
ETL Developer,0.2284216
ETL Developer,0.23687303
ETL Developer,0.31006518
Education,0.28294253
Education,0.21790607
Education,0.22093873
Electrical Engineering,0.30420426
Electrical Engineering,0.26180765
Electrical Engineering,0.36286348
Finance,0.35967988
Finance,0.2846695
Finance,0.3045367
Food and Beverages,0.3054974
Food and Beverages,0.2592132
Food and Beverages,0.25505325
Health and Fitness,0.23891434
Health and Fitness,0.27230167
Health and Fitness,0.23276791
Human Resources,0.40870014
Human Resources,0.3033996
Human Resources,0.35310856
Information Technology,0.29798433
Information Technology,0.29553422
Information Technology,0.2916528
Java Developer,0.25611869
Java Developer,0.24725899
Java Developer,0.22512658
Management,0.3331128
Management,0.33949614
Management,0.24286468
Mechanical Engineer,0.25847605
Mechanical Engineer,0.3090848
Mechanical Engineer,0.28934836
Network Security Engineer,0.22812077
Network Security Engineer,0.2764273
Network Security Engineer,0.2897901
Operations Manager,0.29458848
Operations Manager,0.31023312
Operations Manager,0.3331676
PMO,0.25313303
PMO,0.30813888
PMO,0.28464076
Public Relations,0.22659704
Public Relations,0.3278482
Public Relations,0.25483513
Python Developer,0.2509976
Python Developer,0.18525653
Python Developer,0.23963282
React Developer,0.17380878
React Developer,0.23575082
React Developer,0.3838448
SAP Developer,0.32074758
SAP Developer,0.3005907
SAP Developer,0.3069769
SQL Developer,0.1985824
SQL Developer,0.29075828
SQL Developer,0.29997888
Sales,0.35348988
Sales,0.24842267
Sales,0.2516069
Testing,0.2755922
Testing,0.2918823
Testing,0.26456234
Web Designing,0.24087104
Web Designing,0.2748972
Web Designing,0.20834506
Accountant,0.31319898
Accountant,0.43268666
Accountant,0.3390324
Advocate,0.350318
Advocate,0.39778748
Advocate,0.34961176
Agriculture,0.2811495
Agriculture,0.38793352
Agriculture,0.25709018
Apparel,0.32066673
Apparel,0.37140363
Apparel,0.35339966
Architecture,0.3824829
Architecture,0.30579197
Architecture,0.38450712
Arts,0.26250973
Arts,0.3854936
Arts,0.30269372
Automobile,0.3492857
Automobile,0.35462335
Automobile,0.36429623
Aviation,0.34516272
Aviation,0.3113492
Aviation,0.37672913
BPO,0.29571462
BPO,0.34772754
BPO,0.4257004
Banking,0.36449155
Banking,0.35649255
Banking,0.36156866
Blockchain,0.31052473
Blockchain,0.37336966
Blockchain,0.27407205
Building and Construction,0.3768344
Building and Construction,0.35643932
Building and Construction,0.31337854
Business Analyst,0.4125328
Business Analyst,0.37129903
Business Analyst,0.39192417
Civil Engineer,0.3696376
Civil Engineer,0.2557811
Civil Engineer,0.25773156
Consultant,0.25839984
Consultant,0.41268474
Consultant,0.41158858
Data Science,0.35867426
Data Science,0.3944903
Data Science,0.3157166
Database,0.40654755
Database,0.41283917
Database,0.3524791
Designing,0.29157993
Designing,0.27920738
Designing,0.3432027
DevOps,0.29334497
DevOps,0.36299264
DevOps,0.44026563
Digital Media,0.29357454
Digital Media,0.3949971
Digital Media,0.35325584
DotNet Developer,0.3383541
DotNet Developer,0.34492517
DotNet Developer,0.38342103
ETL Developer,0.3360221
ETL Developer,0.30338752
ETL Developer,0.4112855
Education,0.3643035
Education,0.3222582
Education,0.3133456
Electrical Engineering,0.3792839
Electrical Engineering,0.3239718
Electrical Engineering,0.3816394
Finance,0.37145036
Finance,0.32665613
Finance,0.38467905
Food and Beverages,0.3538854
Food and Beverages,0.30819017
Food and Beverages,0.35069844
Health and Fitness,0.3388491
Health and Fitness,0.39043516
Health and Fitness,0.31729728
Human Resources,0.39495412
Human Resources,0.30846295
Human Resources,0.37263688
Information Technology,0.37679073
Information Technology,0.40942413
Information Technology,0.44950303
Java Developer,0.38417155
Java Developer,0.3311517
Java Developer,0.37072375
Management,0.3372357
Management,0.31784192
Management,0.30366328
Mechanical Engineer,0.33736077
Mechanical Engineer,0.38948148
Mechanical Engineer,0.40957975
Network Security Engineer,0.30811357
Network Security Engineer,0.4350322
Network Security Engineer,0.3772066
Operations Manager,0.36095476
Operations Manager,0.37161398
Operations Manager,0.4101445
PMO,0.34914288
PMO,0.36016878
PMO,0.3810404
Public Relations,0.31547177
Public Relations,0.4160438
Public Relations,0.33489048
Python Developer,0.39327005
Python Developer,0.31489283
Python Developer,0.37662518
React Developer,0.3439621
React Developer,0.36885506
React Developer,0.42367953
SAP Developer,0.3719128
SAP Developer,0.41416207
SAP Developer,0.4019845
SQL Developer,0.3452116
SQL Developer,0.39236385
SQL Developer,0.36240503
Sales,0.385927
Sales,0.34358472
Sales,0.32833502
Testing,0.34330615
Testing,0.33313426
Testing,0.31387454
Web Designing,0.35219318
Web Designing,0.370498
Web Designing,0.314909
Accountant,0.3606509
Accountant,0.44576198
Accountant,0.38701147
Advocate,0.37943566
Advocate,0.42733455
Advocate,0.4706496
Agriculture,0.24140255
Agriculture,0.4146272
Agriculture,0.27909607
Apparel,0.47001582
Apparel,0.43033782
Apparel,0.4769189
Architecture,0.3983295
Architecture,0.25213054
Architecture,0.34564483
Arts,0.32034206
Arts,0.2685906
Arts,0.2984806
Automobile,0.4485155
Automobile,0.37639707
Automobile,0.38080317
Aviation,0.34553424
Aviation,0.32880777
Aviation,0.33049774
BPO,0.45597714
BPO,0.3288098
BPO,0.44017366
Banking,0.41748238
Banking,0.31712195
Banking,0.3907917
Blockchain,0.24207172
Blockchain,0.40620464
Blockchain,0.22497073
Building and Construction,0.4512678
Building and Construction,0.3959306
Building and Construction,0.34180644
Business Analyst,0.39042822
Business Analyst,0.39316845
Business Analyst,0.30334327
Civil Engineer,0.417127
Civil Engineer,0.25463378
Civil Engineer,0.20666301
Consultant,0.25426355
Consultant,0.36715078
Consultant,0.46920726
Data Science,0.27096987
Data Science,0.38575673
Data Science,0.46108308
Database,0.3504666
Database,0.3562402
Database,0.31277877
Designing,0.2756403
Designing,0.24833253
Designing,0.4125419
DevOps,0.241308
DevOps,0.38167185
DevOps,0.3727718
Digital Media,0.2696643
Digital Media,0.3348077
Digital Media,0.5064212
DotNet Developer,0.33234143
DotNet Developer,0.3627862
DotNet Developer,0.30721486
ETL Developer,0.30880952
ETL Developer,0.3085309
ETL Developer,0.35842925
Education,0.29047093
Education,0.2323626
Education,0.27361786
Electrical Engineering,0.36647645
Electrical Engineering,0.27727968
Electrical Engineering,0.39430708
Finance,0.44879633
Finance,0.35408485
Finance,0.3844412
Food and Beverages,0.35318002
Food and Beverages,0.36538172
Food and Beverages,0.4079383
Health and Fitness,0.35335392
Health and Fitness,0.3492278
Health and Fitness,0.28871965
Human Resources,0.40937078
Human Resources,0.32194155
Human Resources,0.40684754
Information Technology,0.3321213
Information Technology,0.36442012
Information Technology,0.48047835
Java Developer,0.2874245
Java Developer,0.22493081
Java Developer,0.276159
Management,0.46977663
Management,0.31901532
Management,0.32352298
Mechanical Engineer,0.32920882
Mechanical Engineer,0.44532245
Mechanical Engineer,0.43985042
Network Security Engineer,0.21724597
Network Security Engineer,0.37411404
Network Security Engineer,0.38190898
Operations Manager,0.48014003
Operations Manager,0.44559875
Operations Manager,0.48170382
PMO,0.3509245
PMO,0.29415578
PMO,0.38022465
Public Relations,0.32512927
Public Relations,0.43151635
Public Relations,0.28959036
Python Developer,0.32181937
Python Developer,0.26099616
Python Developer,0.27374494
React Developer,0.28138542
React Developer,0.32766262
React Developer,0.41755632
SAP Developer,0.35832295
SAP Developer,0.42148852
SAP Developer,0.38674575
SQL Developer,0.2828536
SQL Developer,0.39715743
SQL Developer,0.3623674
Sales,0.40604594
Sales,0.4291718
Sales,0.5127306
Testing,0.24316576
Testing,0.28561985
Testing,0.27649885
Web Designing,0.28034788
Web Designing,0.33622944
Web Designing,0.22451134
Accountant,0.36640754
Accountant,0.48416817
Accountant,0.404887
Advocate,0.3406254
Advocate,0.45111915
Advocate,0.39670604
Agriculture,0.28008223
Agriculture,0.4196223
Agriculture,0.33828932
Apparel,0.5216308
Apparel,0.4127928
Apparel,0.5108366
Architecture,0.4551632
Architecture,0.2517793
Architecture,0.32748476
Arts,0.2594179
Arts,0.3230466
Arts,0.2030502
Automobile,0.40273762
Automobile,0.39633492
Automobile,0.46263912
Aviation,0.363962
Aviation,0.32485586
Aviation,0.29841208
BPO,0.44302976
BPO,0.34253222
BPO,0.43436024
Banking,0.42077076
Banking,0.2995726
Banking,0.4013902
Blockchain,0.2635177
Blockchain,0.40128395
Blockchain,0.30292374
Building and Construction,0.48174393
Building and Construction,0.42226493
Building and Construction,0.35155526
Business Analyst,0.35977182
Business Analyst,0.40836442
Business Analyst,0.3462118
Civil Engineer,0.40342847
Civil Engineer,0.2367407
Civil Engineer,0.25217432
Consultant,0.22496952
Consultant,0.38734576
Consultant,0.43550897
Data Science,0.28180808
Data Science,0.39890862
Data Science,0.44037592
Database,0.37296423
Database,0.3161319
Database,0.33912784
Designing,0.1955955
Designing,0.2879268
Designing,0.30941978
DevOps,0.2957723
DevOps,0.4081016
DevOps,0.39843023
Digital Media,0.2712125
Digital Media,0.32170674
Digital Media,0.46486726
DotNet Developer,0.30799404
DotNet Developer,0.39682424
DotNet Developer,0.30573168
ETL Developer,0.31571656
ETL Developer,0.3202089
ETL Developer,0.35072497
Education,0.29150262
Education,0.2598399
Education,0.271851
Electrical Engineering,0.4108047
Electrical Engineering,0.31333938
Electrical Engineering,0.46518272
Finance,0.44577137
Finance,0.33993453
Finance,0.36109853
Food and Beverages,0.41113442
Food and Beverages,0.40269125
Food and Beverages,0.4140135
Health and Fitness,0.364278
Health and Fitness,0.36752057
Health and Fitness,0.36281225
Human Resources,0.4465624
Human Resources,0.36168092
Human Resources,0.432423
Information Technology,0.3350264
Information Technology,0.37560785
Information Technology,0.48036438
Java Developer,0.27807313
Java Developer,0.2531262
Java Developer,0.29606822
Management,0.5194156
Management,0.33287537
Management,0.3670964
Mechanical Engineer,0.3250909
Mechanical Engineer,0.44227293
Mechanical Engineer,0.43688264
Network Security Engineer,0.27812713
Network Security Engineer,0.38295117
Network Security Engineer,0.39550626
Operations Manager,0.47583485
Operations Manager,0.49602637
Operations Manager,0.47360033
PMO,0.3171705
PMO,0.31272182
PMO,0.38309598
Public Relations,0.293206
Public Relations,0.43978283
Public Relations,0.300305
Python Developer,0.39144897
Python Developer,0.26296768
Python Developer,0.3028022
React Developer,0.23764986
React Developer,0.29254553
React Developer,0.42507383
SAP Developer,0.3562262
SAP Developer,0.37855825
SAP Developer,0.38959372
SQL Developer,0.27782792
SQL Developer,0.39199153
SQL Developer,0.3470093
Sales,0.4392682
Sales,0.46387815
Sales,0.48382705
Testing,0.28191924
Testing,0.28107154
Testing,0.25980583
Web Designing,0.32413194
Web Designing,0.34633696
Web Designing,0.24641307
Accountant,0.30678686
Accountant,0.49922538
Accountant,0.3615218
Advocate,0.34939885
Advocate,0.44950247
Advocate,0.43456304
Agriculture,0.26577717
Agriculture,0.39992598
Agriculture,0.3340045
Apparel,0.45660296
Apparel,0.45828685
Apparel,0.5223506
Architecture,0.42913756
Architecture,0.23743892
Architecture,0.3186207
Arts,0.342548
Arts,0.25381088
Arts,0.24375343
Automobile,0.37315384
Automobile,0.388684
Automobile,0.41440332
Aviation,0.327714
Aviation,0.29963684
Aviation,0.26772436
BPO,0.5324875
BPO,0.40131792
BPO,0.45369816
Banking,0.42182827
Banking,0.3280489
Banking,0.38290343
Blockchain,0.24562474
Blockchain,0.50477844
Blockchain,0.2551592
Building and Construction,0.50397253
Building and Construction,0.3897734
Building and Construction,0.35853067
Business Analyst,0.37738714
Business Analyst,0.37458244
Business Analyst,0.39890334
Civil Engineer,0.39523795
Civil Engineer,0.21440239
Civil Engineer,0.21344304
Consultant,0.27377006
Consultant,0.39894083
Consultant,0.42956343
Data Science,0.3154826
Data Science,0.43538198
Data Science,0.39300802
Database,0.37746224
Database,0.30963674
Database,0.30612186
Designing,0.2699149
Designing,0.3204121
Designing,0.36601672
DevOps,0.24111609
DevOps,0.39210662
DevOps,0.35002208
Digital Media,0.31984127
Digital Media,0.43949208
Digital Media,0.549967
DotNet Developer,0.33041072
DotNet Developer,0.36178365
DotNet Developer,0.3133346
ETL Developer,0.3353841
ETL Developer,0.35099044
ETL Developer,0.3824602
Education,0.29597166
Education,0.23648302
Education,0.28964037
Electrical Engineering,0.40254673
Electrical Engineering,0.27302492
Electrical Engineering,0.4305657
Finance,0.47165504
Finance,0.32852423
Finance,0.36401543
Food and Beverages,0.38496196
Food and Beverages,0.39306617
Food and Beverages,0.42489648
Health and Fitness,0.41469502
Health and Fitness,0.45860028
Health and Fitness,0.35470572
Human Resources,0.40486613
Human Resources,0.35298404
Human Resources,0.44912577
Information Technology,0.33037573
Information Technology,0.35338974
Information Technology,0.48227012
Java Developer,0.27736616
Java Developer,0.24066818
Java Developer,0.2977114
Management,0.4952983
Management,0.32623124
Management,0.34266505
Mechanical Engineer,0.380908
Mechanical Engineer,0.47380626
Mechanical Engineer,0.49413145
Network Security Engineer,0.19552948
Network Security Engineer,0.4356301
Network Security Engineer,0.33261254
Operations Manager,0.5176225
Operations Manager,0.53760237
Operations Manager,0.49330553
PMO,0.29209882
PMO,0.29123124
PMO,0.39163485
Public Relations,0.3220123
Public Relations,0.47966146
Public Relations,0.25735226
Python Developer,0.40311965
Python Developer,0.23668914
Python Developer,0.29498187
React Developer,0.32731596
React Developer,0.30490145
React Developer,0.44712973
SAP Developer,0.3454918
SAP Developer,0.44116187
SAP Developer,0.41679108
SQL Developer,0.25792006
SQL Developer,0.3704706
SQL Developer,0.34819236
Sales,0.4910748
Sales,0.4764239
Sales,0.48441473
Testing,0.28724426
Testing,0.33052996
Testing,0.29066333
Web Designing,0.278892
Web Designing,0.35843694
Web Designing,0.3158023
Accountant,0.33044618
Accountant,0.4395884
Accountant,0.3895458
Advocate,0.3575602
Advocate,0.42547965
Advocate,0.3491338
Agriculture,0.3020968
Agriculture,0.37593198
Agriculture,0.34947896
Apparel,0.36413476
Apparel,0.39820027
Apparel,0.40474102
Architecture,0.34436345
Architecture,0.27076244
Architecture,0.3518349
Arts,0.28938782
Arts,0.31967393
Arts,0.24460396
Automobile,0.33295542
Automobile,0.3536324
Automobile,0.39848074
Aviation,0.37929377
Aviation,0.25562474
Aviation,0.32335532
BPO,0.38198102
BPO,0.38115636
BPO,0.4447664
Banking,0.40902472
Banking,0.3802105
Banking,0.40852004
Blockchain,0.28778487
Blockchain,0.4353296
Blockchain,0.3141767
Building and Construction,0.40734464
Building and Construction,0.39079818
Building and Construction,0.3267462
Business Analyst,0.39496717
Business Analyst,0.40903312
Business Analyst,0.40242383
Civil Engineer,0.3463938
Civil Engineer,0.25211295
Civil Engineer,0.26819715
Consultant,0.22781445
Consultant,0.35814643
Consultant,0.44583777
Data Science,0.31873488
Data Science,0.38015684
Data Science,0.33710518
Database,0.3742345
Database,0.37555796
Database,0.37329006
Designing,0.25682214
Designing,0.23206179
Designing,0.3428354
DevOps,0.3259363
DevOps,0.40810302
DevOps,0.38420722
Digital Media,0.29892194
Digital Media,0.40190822
Digital Media,0.4041909
DotNet Developer,0.35187015
DotNet Developer,0.3655059
DotNet Developer,0.3751834
ETL Developer,0.35024795
ETL Developer,0.35135788
ETL Developer,0.4157196
Education,0.2719583
Education,0.24540113
Education,0.25828597
Electrical Engineering,0.3826193
Electrical Engineering,0.2804927
Electrical Engineering,0.4028175
Finance,0.40482122
Finance,0.38140982
Finance,0.38193956
Food and Beverages,0.3251237
Food and Beverages,0.3809115
Food and Beverages,0.37893593
Health and Fitness,0.33895314
Health and Fitness,0.33747074
Health and Fitness,0.28143016
Human Resources,0.43252158
Human Resources,0.3476008
Human Resources,0.42164797
Information Technology,0.40658405
Information Technology,0.44239512
Information Technology,0.44251868
Java Developer,0.3648837
Java Developer,0.29843098
Java Developer,0.36921963
Management,0.41186902
Management,0.36774704
Management,0.3567277
Mechanical Engineer,0.30739725
Mechanical Engineer,0.35786712
Mechanical Engineer,0.38984674
Network Security Engineer,0.31485873
Network Security Engineer,0.3867524
Network Security Engineer,0.36837924
Operations Manager,0.36592403
Operations Manager,0.43609926
Operations Manager,0.4645019
PMO,0.37601987
PMO,0.39087066
PMO,0.40203103
Public Relations,0.37668425
Public Relations,0.38214454
Public Relations,0.29082233
Python Developer,0.38723013
Python Developer,0.26300374
Python Developer,0.3737135
React Developer,0.30076385
React Developer,0.38103446
React Developer,0.43165705
SAP Developer,0.37245476
SAP Developer,0.41061285
SAP Developer,0.37567338
SQL Developer,0.36599344
SQL Developer,0.37021106
SQL Developer,0.39371955
Sales,0.3899332
Sales,0.41691598
Sales,0.41095412
Testing,0.28111526
Testing,0.2683573
Testing,0.2553478
Web Designing,0.40155372
Web Designing,0.3376134
Web Designing,0.3022186
Accountant,0.40432465
Accountant,0.48733923
Accountant,0.42932877
Advocate,0.35331613
Advocate,0.40846768
Advocate,0.3893343
Agriculture,0.3157907
Agriculture,0.3989509
Agriculture,0.31631997
Apparel,0.38583186
Apparel,0.3965883
Apparel,0.38764715
Architecture,0.34155548
Architecture,0.27368402
Architecture,0.32695052
Arts,0.26387364
Arts,0.28072405
Arts,0.20738593
Automobile,0.33545002
Automobile,0.3525833
Automobile,0.38091034
Aviation,0.35477602
Aviation,0.26362225
Aviation,0.29679877
BPO,0.4034978
BPO,0.333385
BPO,0.44303194
Banking,0.4506526
Banking,0.39705896
Banking,0.4216527
Blockchain,0.3088946
Blockchain,0.43279275
Blockchain,0.32480842
Building and Construction,0.3941975
Building and Construction,0.36858794
Building and Construction,0.3373584
Business Analyst,0.41879216
Business Analyst,0.4100297
Business Analyst,0.34794584
Civil Engineer,0.36342078
Civil Engineer,0.23822503
Civil Engineer,0.25883728
Consultant,0.25128612
Consultant,0.37046853
Consultant,0.45387602
Data Science,0.23776145
Data Science,0.3083053
Data Science,0.32024574
Database,0.34025165
Database,0.33568507
Database,0.36827558
Designing,0.21025504
Designing,0.28512734
Designing,0.39968696
DevOps,0.28195474
DevOps,0.38784665
DevOps,0.35679886
Digital Media,0.25557813
Digital Media,0.38323212
Digital Media,0.38763323
DotNet Developer,0.32703206
DotNet Developer,0.35289314
DotNet Developer,0.30992594
ETL Developer,0.3246252
ETL Developer,0.36233374
ETL Developer,0.34670848
Education,0.27800396
Education,0.24095327
Education,0.24066862
Electrical Engineering,0.38003707
Electrical Engineering,0.27790335
Electrical Engineering,0.3518533
Finance,0.43113163
Finance,0.42028335
Finance,0.41496044
Food and Beverages,0.2940749
Food and Beverages,0.39476952
Food and Beverages,0.3478401
Health and Fitness,0.30061787
Health and Fitness,0.3434912
Health and Fitness,0.24503447
Human Resources,0.41026828
Human Resources,0.36074322
Human Resources,0.38890246
Information Technology,0.3689437
Information Technology,0.42395958
Information Technology,0.4093209
Java Developer,0.31990913
Java Developer,0.25462082
Java Developer,0.32870236
Management,0.382125
Management,0.3453641
Management,0.3773461
Mechanical Engineer,0.28152686
Mechanical Engineer,0.3442001
Mechanical Engineer,0.37321466
Network Security Engineer,0.32264218
Network Security Engineer,0.35846898
Network Security Engineer,0.35884517
Operations Manager,0.3710288
Operations Manager,0.4315657
Operations Manager,0.4517024
PMO,0.37008846
PMO,0.37765542
PMO,0.43074828
Public Relations,0.34971648
Public Relations,0.37652788
Public Relations,0.2494215
Python Developer,0.34117493
Python Developer,0.22509596
Python Developer,0.3159837
React Developer,0.30943823
React Developer,0.3270732
React Developer,0.43310526
SAP Developer,0.35799038
SAP Developer,0.42050713
SAP Developer,0.38224766
SQL Developer,0.32106167
SQL Developer,0.36335778
SQL Developer,0.34397507
Sales,0.39575994
Sales,0.42440927
Sales,0.4028268
Testing,0.27857178
Testing,0.24589443
Testing,0.25561064
Web Designing,0.34423265
Web Designing,0.32191965
Web Designing,0.30326432
Accountant,0.35258976
Accountant,0.46315998
Accountant,0.3891215
Advocate,0.40551496
Advocate,0.43266928
Advocate,0.41255718
Agriculture,0.33840933
Agriculture,0.40682963
Agriculture,0.35650036
Apparel,0.37070036
Apparel,0.39424488
Apparel,0.4253263
Architecture,0.3806365
Architecture,0.33363685
Architecture,0.40985104
Arts,0.30736664
Arts,0.41892827
Arts,0.3454939
Automobile,0.35038045
Automobile,0.35232863
Automobile,0.44987014
Aviation,0.4007225
Aviation,0.3004676
Aviation,0.39055082
BPO,0.37517726
BPO,0.38968495
BPO,0.4406433
Banking,0.3957766
Banking,0.3838659
Banking,0.45520028
Blockchain,0.31867933
Blockchain,0.40288374
Blockchain,0.27527285
Building and Construction,0.40822974
Building and Construction,0.3862026
Building and Construction,0.34533542
Business Analyst,0.38844413
Business Analyst,0.40551952
Business Analyst,0.37544045
Civil Engineer,0.3745382
Civil Engineer,0.3309671
Civil Engineer,0.3014977
Consultant,0.3399461
Consultant,0.36365187
Consultant,0.4404049
Data Science,0.40911794
Data Science,0.4219896
Data Science,0.3720341
Database,0.36216673
Database,0.35014662
Database,0.3625884
Designing,0.20939247
Designing,0.32804313
Designing,0.37197423
DevOps,0.30173528
DevOps,0.37162843
DevOps,0.44465908
Digital Media,0.31584373
Digital Media,0.39674166
Digital Media,0.38785145
DotNet Developer,0.3405441
DotNet Developer,0.33498266
DotNet Developer,0.37366515
ETL Developer,0.31559774
ETL Developer,0.32255897
ETL Developer,0.4302053
Education,0.37661323
Education,0.33817506
Education,0.3545821
Electrical Engineering,0.41511482
Electrical Engineering,0.3039248
Electrical Engineering,0.40552944
Finance,0.44265577
Finance,0.39895177
Finance,0.4242593
Food and Beverages,0.35290527
Food and Beverages,0.42407343
Food and Beverages,0.40549308
Health and Fitness,0.441768
Health and Fitness,0.442978
Health and Fitness,0.3767127
Human Resources,0.46249953
Human Resources,0.3880541
Human Resources,0.4245027
Information Technology,0.40125805
Information Technology,0.42136255
Information Technology,0.4017648
Java Developer,0.3553599
Java Developer,0.2862605
Java Developer,0.34281683
Management,0.41364527
Management,0.38003427
Management,0.34226963
Mechanical Engineer,0.32944703
Mechanical Engineer,0.37773246
Mechanical Engineer,0.39090872
Network Security Engineer,0.3275153
Network Security Engineer,0.38484117
Network Security Engineer,0.36298358
Operations Manager,0.39291167
Operations Manager,0.44751394
Operations Manager,0.48681712
PMO,0.38801458
PMO,0.39462385
PMO,0.3948603
Public Relations,0.39222357
Public Relations,0.41378698
Public Relations,0.3684015
Python Developer,0.35243616
Python Developer,0.28733313
Python Developer,0.3237176
React Developer,0.27537638
React Developer,0.3482624
React Developer,0.49573475
SAP Developer,0.34718272
SAP Developer,0.396569
SAP Developer,0.3744629
SQL Developer,0.34550932
SQL Developer,0.4138481
SQL Developer,0.3745064
Sales,0.40640604
Sales,0.417738
Sales,0.43675128
Testing,0.37273112
Testing,0.34299034
Testing,0.321699
Web Designing,0.38464636
Web Designing,0.33025602
Web Designing,0.3442239
Accountant,0.30260846
Accountant,0.4483094
Accountant,0.33251727
Advocate,0.30306134
Advocate,0.41103378
Advocate,0.34938806
Agriculture,0.2546507
Agriculture,0.3915142
Agriculture,0.2560199
Apparel,0.4643706
Apparel,0.41678232
Apparel,0.4813368
Architecture,0.38713488
Architecture,0.27776304
Architecture,0.30399668
Arts,0.3018213
Arts,0.29045892
Arts,0.25478914
Automobile,0.36892876
Automobile,0.34825543
Automobile,0.42135578
Aviation,0.2558037
Aviation,0.23691362
Aviation,0.27271208
BPO,0.52569616
BPO,0.2926946
BPO,0.40772042
Banking,0.3788326
Banking,0.37358645
Banking,0.33823654
Blockchain,0.24224289
Blockchain,0.45622113
Blockchain,0.31109616
Building and Construction,0.4757914
Building and Construction,0.34302235
Building and Construction,0.30650118
Business Analyst,0.33984435
Business Analyst,0.40520194
Business Analyst,0.34687304
Civil Engineer,0.36412832
Civil Engineer,0.2141087
Civil Engineer,0.17403977
Consultant,0.22533219
Consultant,0.33928642
Consultant,0.4374271
Data Science,0.29232347
Data Science,0.37840867
Data Science,0.36116043
Database,0.31311974
Database,0.30535513
Database,0.31907487
Designing,0.30239323
Designing,0.30511868
Designing,0.41424814
DevOps,0.23263642
DevOps,0.34309757
DevOps,0.30825058
Digital Media,0.31097278
Digital Media,0.37846676
Digital Media,0.5487177
DotNet Developer,0.32035184
DotNet Developer,0.405215
DotNet Developer,0.28401035
ETL Developer,0.29937345
ETL Developer,0.2707429
ETL Developer,0.34916216
Education,0.27269223
Education,0.2525728
Education,0.25942954
Electrical Engineering,0.31567279
Electrical Engineering,0.25121534
Electrical Engineering,0.3666562
Finance,0.3910027
Finance,0.31334865
Finance,0.3231155
Food and Beverages,0.34817374
Food and Beverages,0.37109572
Food and Beverages,0.38410446
Health and Fitness,0.32642442
Health and Fitness,0.3479397
Health and Fitness,0.2468601
Human Resources,0.3535649
Human Resources,0.25225326
Human Resources,0.3599315
Information Technology,0.33383423
Information Technology,0.36469316
Information Technology,0.52563375
Java Developer,0.2727443
Java Developer,0.273343
Java Developer,0.30820003
Management,0.5229389
Management,0.28119865
Management,0.3172253
Mechanical Engineer,0.28928047
Mechanical Engineer,0.4227351
Mechanical Engineer,0.4183014
Network Security Engineer,0.2152461
Network Security Engineer,0.38080373
Network Security Engineer,0.3091756
Operations Manager,0.45075428
Operations Manager,0.43006566
Operations Manager,0.43392023
PMO,0.31480375
PMO,0.29244873
PMO,0.41184863
Public Relations,0.34935033
Public Relations,0.40892643
Public Relations,0.2807273
Python Developer,0.33355075
Python Developer,0.21191122
Python Developer,0.2779183
React Developer,0.34221077
React Developer,0.27401152
React Developer,0.35557154
SAP Developer,0.29365143
SAP Developer,0.4234908
SAP Developer,0.36669844
SQL Developer,0.26555738
SQL Developer,0.36653224
SQL Developer,0.3197774
Sales,0.4623334
Sales,0.521278
Sales,0.4643141
Testing,0.2430711
Testing,0.2378918
Testing,0.22372937
Web Designing,0.28659177
Web Designing,0.26500005
Web Designing,0.3193137
Accountant,0.22060823
Accountant,0.32420555
Accountant,0.28504825
Advocate,0.3358406
Advocate,0.41951215
Advocate,0.3678587
Agriculture,0.29937565
Agriculture,0.3057859
Agriculture,0.26225203
Apparel,0.2515234
Apparel,0.31963292
Apparel,0.24985947
Architecture,0.32150763
Architecture,0.22289206
Architecture,0.30649555
Arts,0.18676895
Arts,0.30986866
Arts,0.1906426
Automobile,0.23372675
Automobile,0.23872252
Automobile,0.2887632
Aviation,0.257912
Aviation,0.19339842
Aviation,0.2991709
BPO,0.22118433
BPO,0.2561917
BPO,0.32701418
Banking,0.3057825
Banking,0.26300564
Banking,0.4072416
Blockchain,0.2879254
Blockchain,0.30785275
Blockchain,0.2125847
Building and Construction,0.28255627
Building and Construction,0.26656598
Building and Construction,0.23708852
Business Analyst,0.30033684
Business Analyst,0.2842387
Business Analyst,0.29951626
Civil Engineer,0.26468694
Civil Engineer,0.1858487
Civil Engineer,0.19691126
Consultant,0.31816489
Consultant,0.2615552
Consultant,0.34141296
Data Science,0.29570037
Data Science,0.32792184
Data Science,0.3238263
Database,0.30391657
Database,0.25946173
Database,0.23924808
Designing,0.18603043
Designing,0.13261317
Designing,0.23762141
DevOps,0.21219547
DevOps,0.25959244
DevOps,0.32871574
Digital Media,0.245267
Digital Media,0.29828897
Digital Media,0.29413864
DotNet Developer,0.22402312
DotNet Developer,0.32367638
DotNet Developer,0.295019
ETL Developer,0.23189406
ETL Developer,0.23436087
ETL Developer,0.31937683
Education,0.23988008
Education,0.1850524
Education,0.18639159
Electrical Engineering,0.30829856
Electrical Engineering,0.19314362
Electrical Engineering,0.31991944
Finance,0.30354577
Finance,0.29072666
Finance,0.33302784
Food and Beverages,0.35781893
Food and Beverages,0.26449606
Food and Beverages,0.2501193
Health and Fitness,0.28914675
Health and Fitness,0.32832536
Health and Fitness,0.27282998
Human Resources,0.33148956
Human Resources,0.23630776
Human Resources,0.32952407
Information Technology,0.31619394
Information Technology,0.32994455
Information Technology,0.3099132
Java Developer,0.25113136
Java Developer,0.21474218
Java Developer,0.25404572
Management,0.30080554
Management,0.28222
Management,0.2911546
Mechanical Engineer,0.23783465
Mechanical Engineer,0.29219943
Mechanical Engineer,0.25832224
Network Security Engineer,0.23659886
Network Security Engineer,0.28269738
Network Security Engineer,0.33592042
Operations Manager,0.23711295
Operations Manager,0.31935883
Operations Manager,0.35705224
PMO,0.3648229
PMO,0.41763726
PMO,0.3040965
Public Relations,0.32142493
Public Relations,0.2792099
Public Relations,0.29563364
Python Developer,0.2673868
Python Developer,0.2113728
Python Developer,0.27573684
React Developer,0.24211416
React Developer,0.2583673
React Developer,0.3548736
SAP Developer,0.3406316
SAP Developer,0.33289555
SAP Developer,0.27179104
SQL Developer,0.28846195
SQL Developer,0.2925494
SQL Developer,0.32691187
Sales,0.3739771
Sales,0.2950928
Sales,0.3396607
Testing,0.39479825
Testing,0.36584172
Testing,0.36284503
Web Designing,0.26953056
Web Designing,0.24175408
Web Designing,0.20495658
Accountant,0.30162987
Accountant,0.34131464
Accountant,0.29113197
Advocate,0.28697154
Advocate,0.35202715
Advocate,0.26500502
Agriculture,0.2421255
Agriculture,0.33922085
Agriculture,0.22732301
Apparel,0.29029968
Apparel,0.4022632
Apparel,0.3166228
Architecture,0.30035263
Architecture,0.32943752
Architecture,0.3515213
Arts,0.32619423
Arts,0.312857
Arts,0.28270876
Automobile,0.27459946
Automobile,0.31226104
Automobile,0.3294899
Aviation,0.31243685
Aviation,0.25045067
Aviation,0.30904067
BPO,0.25534162
BPO,0.30006057
BPO,0.35114595
Banking,0.25063163
Banking,0.30933514
Banking,0.3298457
Blockchain,0.28778556
Blockchain,0.33513334
Blockchain,0.28906262
Building and Construction,0.32161888
Building and Construction,0.307173
Building and Construction,0.34363693
Business Analyst,0.3384112
Business Analyst,0.34110186
Business Analyst,0.3507529
Civil Engineer,0.30765477
Civil Engineer,0.22098777
Civil Engineer,0.26780763
Consultant,0.19353032
Consultant,0.31436837
Consultant,0.36295286
Data Science,0.3300518
Data Science,0.30950725
Data Science,0.28569892
Database,0.36286607
Database,0.31292397
Database,0.30574208
Designing,0.34411472
Designing,0.2229956
Designing,0.34045985
DevOps,0.32993388
DevOps,0.34793407
DevOps,0.36080545
Digital Media,0.3801182
Digital Media,0.36347848
Digital Media,0.30567503
DotNet Developer,0.36154056
DotNet Developer,0.2914825
DotNet Developer,0.3421525
ETL Developer,0.2753367
ETL Developer,0.28099945
ETL Developer,0.4035311
Education,0.2736571
Education,0.23964791
Education,0.24390449
Electrical Engineering,0.30887127
Electrical Engineering,0.26359314
Electrical Engineering,0.35074872
Finance,0.31572175
Finance,0.3034265
Finance,0.33458772
Food and Beverages,0.27153927
Food and Beverages,0.3183073
Food and Beverages,0.32243383
Health and Fitness,0.2921546
Health and Fitness,0.32152745
Health and Fitness,0.26145017
Human Resources,0.32674024
Human Resources,0.28608853
Human Resources,0.34769356
Information Technology,0.3485125
Information Technology,0.36464125
Information Technology,0.33839107
Java Developer,0.36630502
Java Developer,0.3438548
Java Developer,0.33577773
Management,0.30422214
Management,0.27764216
Management,0.28659746
Mechanical Engineer,0.3085104
Mechanical Engineer,0.31510618
Mechanical Engineer,0.31764966
Network Security Engineer,0.27571845
Network Security Engineer,0.3425068
Network Security Engineer,0.34473792
Operations Manager,0.29480806
Operations Manager,0.3276563
Operations Manager,0.34787995
PMO,0.3238892
PMO,0.34377435
PMO,0.370543
Public Relations,0.2782443
Public Relations,0.32038948
Public Relations,0.2939224
Python Developer,0.33791864
Python Developer,0.3200631
Python Developer,0.34758842
React Developer,0.38907847
React Developer,0.3485245
React Developer,0.36469993
SAP Developer,0.3155788
SAP Developer,0.34508488
SAP Developer,0.3507476
SQL Developer,0.30532324
SQL Developer,0.33324382
SQL Developer,0.34447572
Sales,0.33453304
Sales,0.29894355
Sales,0.29931515
Testing,0.2709956
Testing,0.2506886
Testing,0.24243239
Web Designing,0.38728604
Web Designing,0.33869702
Web Designing,0.34947792
Accountant,0.38680148
Accountant,0.47163385
Accountant,0.39415
Advocate,0.3325131
Advocate,0.4038745
Advocate,0.37676868
Agriculture,0.3233196
Agriculture,0.39388633
Agriculture,0.3562653
Apparel,0.359171
Apparel,0.39822957
Apparel,0.39611965
Architecture,0.35310927
Architecture,0.2889111
Architecture,0.3564454
Arts,0.27732906
Arts,0.2903767
Arts,0.17511067
Automobile,0.33346033
Automobile,0.3606565
Automobile,0.3937037
Aviation,0.36096883
Aviation,0.30350962
Aviation,0.36724892
BPO,0.3727072
BPO,0.41685897
BPO,0.45555893
Banking,0.3849345
Banking,0.36694616
Banking,0.41615427
Blockchain,0.3394374
Blockchain,0.45969573
Blockchain,0.34200087
Building and Construction,0.39506266
Building and Construction,0.3697711
Building and Construction,0.34561706
Business Analyst,0.41455713
Business Analyst,0.39083105
Business Analyst,0.43596402
Civil Engineer,0.3670972
Civil Engineer,0.18130168
Civil Engineer,0.2581059
Consultant,0.20832036
Consultant,0.41529968
Consultant,0.5113886
Data Science,0.2548933
Data Science,0.3649837
Data Science,0.34644392
Database,0.43428186
Database,0.42964834
Database,0.41043174
Designing,0.26189876
Designing,0.29201427
Designing,0.32402578
DevOps,0.39250916
DevOps,0.45303175
DevOps,0.40966228
Digital Media,0.28797603
Digital Media,0.40215707
Digital Media,0.3796617
DotNet Developer,0.37917575
DotNet Developer,0.42731616
DotNet Developer,0.3946465
ETL Developer,0.37510294
ETL Developer,0.3905027
ETL Developer,0.45846492
Education,0.24326053
Education,0.24630213
Education,0.2502083
Electrical Engineering,0.38193756
Electrical Engineering,0.30714163
Electrical Engineering,0.37820876
Finance,0.42298818
Finance,0.40229645
Finance,0.41223708
Food and Beverages,0.36736625
Food and Beverages,0.3881649
Food and Beverages,0.39023378
Health and Fitness,0.293211
Health and Fitness,0.31707639
Health and Fitness,0.25353813
Human Resources,0.41946325
Human Resources,0.31351578
Human Resources,0.40109557
Information Technology,0.43372783
Information Technology,0.4380171
Information Technology,0.42983958
Java Developer,0.44070697
Java Developer,0.32207826
Java Developer,0.4215426
Management,0.38554627
Management,0.35554418
Management,0.34239587
Mechanical Engineer,0.31355333
Mechanical Engineer,0.35726297
Mechanical Engineer,0.37174153
Network Security Engineer,0.41657838
Network Security Engineer,0.3961767
Network Security Engineer,0.4228947
Operations Manager,0.36609516
Operations Manager,0.411197
Operations Manager,0.42947367
PMO,0.3951707
PMO,0.43692142
PMO,0.42531908
Public Relations,0.3329966
Public Relations,0.40054205
Public Relations,0.28570786
Python Developer,0.3874489
Python Developer,0.33007273
Python Developer,0.39796364
React Developer,0.3019936
React Developer,0.43410125
React Developer,0.40482834
SAP Developer,0.44810462
SAP Developer,0.47501242
SAP Developer,0.44774336
SQL Developer,0.366362
SQL Developer,0.3980607
SQL Developer,0.45497683
Sales,0.4136247
Sales,0.45007956
Sales,0.4040319
Testing,0.26027477
Testing,0.24919605
Testing,0.24712846
Web Designing,0.40034044
Web Designing,0.38192606
Web Designing,0.2562471
Accountant,0.32294273
Accountant,0.45472997
Accountant,0.35045904
Advocate,0.3082543
Advocate,0.41823512
Advocate,0.36991867
Agriculture,0.25604078
Agriculture,0.37881655
Agriculture,0.21621779
Apparel,0.4516515
Apparel,0.4273851
Apparel,0.46705148
Architecture,0.43150252
Architecture,0.28058195
Architecture,0.3381229
Arts,0.3133757
Arts,0.32238424
Arts,0.27710178
Automobile,0.34886762
Automobile,0.36165497
Automobile,0.44111884
Aviation,0.32372287
Aviation,0.31296983
Aviation,0.31161207
BPO,0.49353126
BPO,0.29136884
BPO,0.40770605
Banking,0.38644278
Banking,0.29123437
Banking,0.3371188
Blockchain,0.23442772
Blockchain,0.41248822
Blockchain,0.25867176
Building and Construction,0.44663697
Building and Construction,0.41927296
Building and Construction,0.33765998
Business Analyst,0.32776266
Business Analyst,0.326379
Business Analyst,0.35527295
Civil Engineer,0.39170736
Civil Engineer,0.23261255
Civil Engineer,0.2150357
Consultant,0.20938398
Consultant,0.32153466
Consultant,0.384503
Data Science,0.31774974
Data Science,0.3683942
Data Science,0.36496216
Database,0.3057925
Database,0.2975251
Database,0.26590067
Designing,0.29883724
Designing,0.31315643
Designing,0.37889424
DevOps,0.22896042
DevOps,0.3416572
DevOps,0.32745397
Digital Media,0.3021912
Digital Media,0.37105066
Digital Media,0.48846596
DotNet Developer,0.2862589
DotNet Developer,0.3356225
DotNet Developer,0.30165035
ETL Developer,0.27577195
ETL Developer,0.26717627
ETL Developer,0.38566527
Education,0.29254377
Education,0.24328914
Education,0.27986526
Electrical Engineering,0.35614133
Electrical Engineering,0.31867838
Electrical Engineering,0.39972413
Finance,0.39833367
Finance,0.28592297
Finance,0.37999696
Food and Beverages,0.39607197
Food and Beverages,0.39957333
Food and Beverages,0.3851001
Health and Fitness,0.36546093
Health and Fitness,0.38602135
Health and Fitness,0.2825604
Human Resources,0.39113396
Human Resources,0.2684622
Human Resources,0.4142967
Information Technology,0.33184358
Information Technology,0.34600818
Information Technology,0.49636686
Java Developer,0.2799927
Java Developer,0.22474602
Java Developer,0.27932987
Management,0.48559073
Management,0.2910002
Management,0.32787558
Mechanical Engineer,0.3217325
Mechanical Engineer,0.45009437
Mechanical Engineer,0.4108076
Network Security Engineer,0.21047479
Network Security Engineer,0.38770217
Network Security Engineer,0.3258892
Operations Manager,0.45281366
Operations Manager,0.45377344
Operations Manager,0.439188
PMO,0.27110183
PMO,0.34113362
PMO,0.3870291
Public Relations,0.33977604
Public Relations,0.44879505
Public Relations,0.2983169
Python Developer,0.2884465
Python Developer,0.21898417
Python Developer,0.28569633
React Developer,0.30238715
React Developer,0.27784896
React Developer,0.3960908
SAP Developer,0.3131675
SAP Developer,0.387909
SAP Developer,0.3350017
SQL Developer,0.2509063
SQL Developer,0.3520531
SQL Developer,0.31629264
Sales,0.4530323
Sales,0.42948866
Sales,0.42500198
Testing,0.30179343
Testing,0.3096255
Testing,0.27488533
Web Designing,0.2716151
Web Designing,0.3050601
Web Designing,0.29864457
Accountant,0.47430342
Accountant,0.5033325
Accountant,0.476891
Advocate,0.32973006
Advocate,0.3495786
Advocate,0.3565011
Agriculture,0.36435783
Agriculture,0.42530116
Agriculture,0.36005956
Apparel,0.36334008
Apparel,0.37827337
Apparel,0.40274346
Architecture,0.33117858
Architecture,0.32811823
Architecture,0.35135984
Arts,0.2821666
Arts,0.32700893
Arts,0.22565506
Automobile,0.3717213
Automobile,0.33496222
Automobile,0.4254036
Aviation,0.36544082
Aviation,0.33307818
Aviation,0.37922966
BPO,0.31119052
BPO,0.423261
BPO,0.43236762
Banking,0.4739914
Banking,0.47555044
Banking,0.4796472
Blockchain,0.30299842
Blockchain,0.4153825
Blockchain,0.3163072
Building and Construction,0.3784752
Building and Construction,0.3601285
Building and Construction,0.35900667
Business Analyst,0.44381925
Business Analyst,0.4500965
Business Analyst,0.41992217
Civil Engineer,0.3870257
Civil Engineer,0.31730196
Civil Engineer,0.32092234
Consultant,0.24467893
Consultant,0.37588242
Consultant,0.45546475
Data Science,0.28202775
Data Science,0.34688687
Data Science,0.341431
Database,0.3734638
Database,0.3634692
Database,0.39351285
Designing,0.19796568
Designing,0.30806458
Designing,0.3610842
DevOps,0.34782636
DevOps,0.38701496
DevOps,0.3695984
Digital Media,0.29348528
Digital Media,0.39103678
Digital Media,0.37280652
DotNet Developer,0.36169183
DotNet Developer,0.38645247
DotNet Developer,0.34324312
ETL Developer,0.3365569
ETL Developer,0.4128643
ETL Developer,0.40160447
Education,0.28883874
Education,0.22977851
Education,0.27998802
Electrical Engineering,0.39800322
Electrical Engineering,0.29451635
Electrical Engineering,0.4064097
Finance,0.4738616
Finance,0.4939523
Finance,0.5188606
Food and Beverages,0.3673112
Food and Beverages,0.4400387
Food and Beverages,0.37363377
Health and Fitness,0.34349185
Health and Fitness,0.32447818
Health and Fitness,0.2367157
Human Resources,0.41592208
Human Resources,0.3272445
Human Resources,0.39151084
Information Technology,0.42153934
Information Technology,0.40665072
Information Technology,0.4282588
Java Developer,0.37539127
Java Developer,0.2784864
Java Developer,0.3441498
Management,0.4097554
Management,0.36983642
Management,0.38718235
Mechanical Engineer,0.33247474
Mechanical Engineer,0.34757057
Mechanical Engineer,0.33995497
Network Security Engineer,0.3434352
Network Security Engineer,0.36871254
Network Security Engineer,0.37905386
Operations Manager,0.33587268
Operations Manager,0.39343405
Operations Manager,0.43686044
PMO,0.4110892
PMO,0.39841887
PMO,0.428689
Public Relations,0.38398466
Public Relations,0.40647075
Public Relations,0.26592284
Python Developer,0.33040187
Python Developer,0.26969522
Python Developer,0.342414
React Developer,0.28826752
React Developer,0.40657127
React Developer,0.3954526
SAP Developer,0.38605782
SAP Developer,0.43043825
SAP Developer,0.44574884
SQL Developer,0.36842623
SQL Developer,0.46767175
SQL Developer,0.44168204
Sales,0.40551642
Sales,0.3943989
Sales,0.37281865
Testing,0.29759216
Testing,0.2644489
Testing,0.25604776
Web Designing,0.37607667
Web Designing,0.33969396
Web Designing,0.24588555
Accountant,0.40303883
Accountant,0.49636385
Accountant,0.4268676
Advocate,0.3999664
Advocate,0.45387065
Advocate,0.36578232
Agriculture,0.32864422
Agriculture,0.42059505
Agriculture,0.36859378
Apparel,0.39421353
Apparel,0.4058196
Apparel,0.4428071
Architecture,0.37051544
Architecture,0.30825874
Architecture,0.37763974
Arts,0.29389155
Arts,0.33675197
Arts,0.24534073
Automobile,0.3932854
Automobile,0.3645121
Automobile,0.42077896
Aviation,0.38932294
Aviation,0.30965436
Aviation,0.38982973
BPO,0.37302887
BPO,0.414579
BPO,0.5035583
Banking,0.4126636
Banking,0.39201653
Banking,0.4129097
Blockchain,0.3065213
Blockchain,0.43623465
Blockchain,0.2753187
Building and Construction,0.4120379
Building and Construction,0.39989278
Building and Construction,0.39837328
Business Analyst,0.43385687
Business Analyst,0.4261948
Business Analyst,0.39684883
Civil Engineer,0.40944034
Civil Engineer,0.2673121
Civil Engineer,0.29654697
Consultant,0.23862885
Consultant,0.4246786
Consultant,0.45931014
Data Science,0.3044027
Data Science,0.4214376
Data Science,0.38001773
Database,0.38651142
Database,0.39817807
Database,0.3875295
Designing,0.23632209
Designing,0.31616813
Designing,0.35975373
DevOps,0.3373157
DevOps,0.39868796
DevOps,0.4000567
Digital Media,0.3172726
Digital Media,0.37934786
Digital Media,0.40500093
DotNet Developer,0.3773568
DotNet Developer,0.3721665
DotNet Developer,0.40639833
ETL Developer,0.3647881
ETL Developer,0.34520522
ETL Developer,0.41372183
Education,0.29255834
Education,0.31602767
Education,0.3049232
Electrical Engineering,0.42081815
Electrical Engineering,0.33203593
Electrical Engineering,0.4216583
Finance,0.42105806
Finance,0.38039386
Finance,0.41066837
Food and Beverages,0.38101193
Food and Beverages,0.41255543
Food and Beverages,0.38711965
Health and Fitness,0.37173852
Health and Fitness,0.39512563
Health and Fitness,0.30220702
Human Resources,0.5132891
Human Resources,0.37612078
Human Resources,0.44098154
Information Technology,0.42732736
Information Technology,0.43889698
Information Technology,0.47208562
Java Developer,0.3970167
Java Developer,0.31388813
Java Developer,0.38803294
Management,0.42489648
Management,0.4065658
Management,0.35216793
Mechanical Engineer,0.34805244
Mechanical Engineer,0.4006148
Mechanical Engineer,0.39923975
Network Security Engineer,0.33541766
Network Security Engineer,0.4055298
Network Security Engineer,0.40316716
Operations Manager,0.39408234
Operations Manager,0.44181925
Operations Manager,0.47587126
PMO,0.3907269
PMO,0.39303687
PMO,0.42743853
Public Relations,0.36230493
Public Relations,0.45505428
Public Relations,0.312985
Python Developer,0.41381687
Python Developer,0.2794733
Python Developer,0.37052009
React Developer,0.31271726
React Developer,0.39953318
React Developer,0.48040316
SAP Developer,0.39239648
SAP Developer,0.440296
SAP Developer,0.4163551
SQL Developer,0.36911806
SQL Developer,0.4130362
SQL Developer,0.42800808
Sales,0.44681677
Sales,0.43659973
Sales,0.44150436
Testing,0.33289152
Testing,0.3155421
Testing,0.28465885
Web Designing,0.42164823
Web Designing,0.39738843
Web Designing,0.333726
Accountant,0.34182936
Accountant,0.48782042
Accountant,0.39409336
Advocate,0.3494963
Advocate,0.41369674
Advocate,0.36529797
Agriculture,0.31407252
Agriculture,0.40117982
Agriculture,0.35100916
Apparel,0.35680306
Apparel,0.418039
Apparel,0.4526508
Architecture,0.32938966
Architecture,0.31572738
Architecture,0.36408105
Arts,0.30425334
Arts,0.3284125
Arts,0.23642163
Automobile,0.364295
Automobile,0.3459342
Automobile,0.40448245
Aviation,0.3124805
Aviation,0.2600455
Aviation,0.36078173
BPO,0.45427984
BPO,0.41558704
BPO,0.45484072
Banking,0.38727286
Banking,0.42991886
Banking,0.39392292
Blockchain,0.27859846
Blockchain,0.45515683
Blockchain,0.28663608
Building and Construction,0.41510212
Building and Construction,0.376477
Building and Construction,0.3407173
Business Analyst,0.40779236
Business Analyst,0.43554577
Business Analyst,0.39571127
Civil Engineer,0.36642417
Civil Engineer,0.24906531
Civil Engineer,0.2578728
Consultant,0.24971601
Consultant,0.39386284
Consultant,0.4988534
Data Science,0.3253343
Data Science,0.41042086
Data Science,0.32111597
Database,0.333071
Database,0.3760639
Database,0.35994375
Designing,0.26571217
Designing,0.34067616
Designing,0.38651073
DevOps,0.30475166
DevOps,0.39046344
DevOps,0.3738323
Digital Media,0.3667256
Digital Media,0.4721684
Digital Media,0.51281816
DotNet Developer,0.38431734
DotNet Developer,0.35545307
DotNet Developer,0.3537832
ETL Developer,0.3678463
ETL Developer,0.34063482
ETL Developer,0.41542107
Education,0.3131322
Education,0.26248804
Education,0.2653354
Electrical Engineering,0.32664177
Electrical Engineering,0.2714043
Electrical Engineering,0.40902716
Finance,0.43668306
Finance,0.40909988
Finance,0.4204103
Food and Beverages,0.36796182
Food and Beverages,0.3933743
Food and Beverages,0.41850734
Health and Fitness,0.36797655
Health and Fitness,0.36328822
Health and Fitness,0.27366257
Human Resources,0.4195722
Human Resources,0.30266148
Human Resources,0.3951597
Information Technology,0.42473727
Information Technology,0.43514693
Information Technology,0.4936361
Java Developer,0.35007378
Java Developer,0.29680967
Java Developer,0.34561044
Management,0.50159717
Management,0.341259
Management,0.32673207
Mechanical Engineer,0.31126714
Mechanical Engineer,0.3714768
Mechanical Engineer,0.40133703
Network Security Engineer,0.29849038
Network Security Engineer,0.39999428
Network Security Engineer,0.38230467
Operations Manager,0.41898504
Operations Manager,0.40520045
Operations Manager,0.47996762
PMO,0.38991308
PMO,0.374676
PMO,0.43205905
Public Relations,0.45188537
Public Relations,0.40410644
Public Relations,0.32181635
Python Developer,0.35353187
Python Developer,0.26476824
Python Developer,0.32253218
React Developer,0.36284745
React Developer,0.37258527
React Developer,0.42189443
SAP Developer,0.33978584
SAP Developer,0.43997526
SAP Developer,0.4163806
SQL Developer,0.31492272
SQL Developer,0.39716753
SQL Developer,0.41929227
Sales,0.44629058
Sales,0.48582336
Sales,0.43137655
Testing,0.27786323
Testing,0.25426263
Testing,0.24564433
Web Designing,0.35637924
Web Designing,0.3449019
Web Designing,0.36957982
Accountant,0.3517255
Accountant,0.45378155
Accountant,0.37531832
Advocate,0.3974479
Advocate,0.4291589
Advocate,0.38840818
Agriculture,0.30661836
Agriculture,0.38883623
Agriculture,0.3304402
Apparel,0.39039597
Apparel,0.36852518
Apparel,0.41985586
Architecture,0.39203432
Architecture,0.31400767
Architecture,0.4241068
Arts,0.3188645
Arts,0.42749724
Arts,0.3410371
Automobile,0.34593794
Automobile,0.32527167
Automobile,0.41037223
Aviation,0.3877968
Aviation,0.2750956
Aviation,0.369298
BPO,0.32253975
BPO,0.3714909
BPO,0.4670637
Banking,0.38444456
Banking,0.34809
Banking,0.4297128
Blockchain,0.27833286
Blockchain,0.37615922
Blockchain,0.23710342
Building and Construction,0.3829812
Building and Construction,0.38769
Building and Construction,0.32532555
Business Analyst,0.3835457
Business Analyst,0.37654024
Business Analyst,0.3220413
Civil Engineer,0.39202404
Civil Engineer,0.33915144
Civil Engineer,0.27727765
Consultant,0.30871412
Consultant,0.35866228
Consultant,0.41045573
Data Science,0.4336358
Data Science,0.42010495
Data Science,0.37776428
Database,0.35520384
Database,0.34038776
Database,0.3387765
Designing,0.2007573
Designing,0.32210526
Designing,0.35938072
DevOps,0.28906247
DevOps,0.344954
DevOps,0.39423767
Digital Media,0.3365291
Digital Media,0.357429
Digital Media,0.3664345
DotNet Developer,0.34592962
DotNet Developer,0.32035732
DotNet Developer,0.38741875
ETL Developer,0.29677516
ETL Developer,0.29278073
ETL Developer,0.36781678
Education,0.4025615
Education,0.38301632
Education,0.38239256
Electrical Engineering,0.39760822
Electrical Engineering,0.28656933
Electrical Engineering,0.3894617
Finance,0.42107055
Finance,0.34505516
Finance,0.36923
Food and Beverages,0.33964673
Food and Beverages,0.3814629
Food and Beverages,0.37624556
Health and Fitness,0.3873054
Health and Fitness,0.38594928
Health and Fitness,0.34892097
Human Resources,0.49906036
Human Resources,0.42160812
Human Resources,0.4243091
Information Technology,0.36549395
Information Technology,0.3701392
Information Technology,0.41689947
Java Developer,0.35621545
Java Developer,0.25989217
Java Developer,0.3619461
Management,0.40323353
Management,0.3863751
Management,0.32760072
Mechanical Engineer,0.33051297
Mechanical Engineer,0.38015178
Mechanical Engineer,0.37971082
Network Security Engineer,0.28447405
Network Security Engineer,0.35377595
Network Security Engineer,0.3456092
Operations Manager,0.37932605
Operations Manager,0.41720384
Operations Manager,0.45938155
PMO,0.35898367
PMO,0.36584806
PMO,0.3742535
Public Relations,0.37370273
Public Relations,0.44460708
Public Relations,0.371058
Python Developer,0.3304506
Python Developer,0.25782502
Python Developer,0.32770947
React Developer,0.24645485
React Developer,0.3236573
React Developer,0.52166843
SAP Developer,0.3542502
SAP Developer,0.36084065
SAP Developer,0.3981781
SQL Developer,0.33980322
SQL Developer,0.3903667
SQL Developer,0.36139712
Sales,0.39311102
Sales,0.3543353
Sales,0.40189236
Testing,0.34296265
Testing,0.35652575
Testing,0.3210772
Web Designing,0.3618874
Web Designing,0.32682833
Web Designing,0.31542906
Accountant,0.33044192
Accountant,0.40049562
Accountant,0.36848125
Advocate,0.3192378
Advocate,0.4641097
Advocate,0.355091
Agriculture,0.30907282
Agriculture,0.392257
Agriculture,0.2829833
Apparel,0.4114251
Apparel,0.34546962
Apparel,0.371545
Architecture,0.33988014
Architecture,0.2683471
Architecture,0.36452746
Arts,0.2190905
Arts,0.28968272
Arts,0.20727108
Automobile,0.40959573
Automobile,0.37732014
Automobile,0.4740328
Aviation,0.33855185
Aviation,0.3551214
Aviation,0.3614061
BPO,0.359275
BPO,0.31278446
BPO,0.38589463
Banking,0.3801414
Banking,0.2915839
Banking,0.3691542
Blockchain,0.23571818
Blockchain,0.34979784
Blockchain,0.23553686
Building and Construction,0.46978888
Building and Construction,0.4182472
Building and Construction,0.34658566
Business Analyst,0.314686
Business Analyst,0.3091925
Business Analyst,0.2790214
Civil Engineer,0.37280402
Civil Engineer,0.24595915
Civil Engineer,0.29065025
Consultant,0.20473814
Consultant,0.33866298
Consultant,0.36161932
Data Science,0.29583788
Data Science,0.30602038
Data Science,0.38122633
Database,0.3462998
Database,0.31069282
Database,0.2804782
Designing,0.17900474
Designing,0.19349425
Designing,0.26505652
DevOps,0.22722566
DevOps,0.34794763
DevOps,0.34471488
Digital Media,0.24553943
Digital Media,0.307644
Digital Media,0.3391595
DotNet Developer,0.26406682
DotNet Developer,0.2851508
DotNet Developer,0.26403672
ETL Developer,0.2812567
ETL Developer,0.27151734
ETL Developer,0.3559588
Education,0.25601068
Education,0.19550733
Education,0.22910433
Electrical Engineering,0.42317376
Electrical Engineering,0.33675274
Electrical Engineering,0.41547632
Finance,0.38009045
Finance,0.31536126
Finance,0.33433565
Food and Beverages,0.40895024
Food and Beverages,0.32151678
Food and Beverages,0.3088502
Health and Fitness,0.29605758
Health and Fitness,0.32670817
Health and Fitness,0.26666173
Human Resources,0.3961105
Human Resources,0.27666005
Human Resources,0.40894842
Information Technology,0.32297075
Information Technology,0.34400335
Information Technology,0.37616315
Java Developer,0.25299123
Java Developer,0.24003299
Java Developer,0.26159167
Management,0.3682599
Management,0.32448503
Management,0.3277695
Mechanical Engineer,0.35681176
Mechanical Engineer,0.38168582
Mechanical Engineer,0.4052523
Network Security Engineer,0.27689484
Network Security Engineer,0.3812894
Network Security Engineer,0.3640761
Operations Manager,0.36858228
Operations Manager,0.4361391
Operations Manager,0.4492154
PMO,0.29808095
PMO,0.35016486
PMO,0.32514584
Public Relations,0.26790026
Public Relations,0.38140345
Public Relations,0.23156922
Python Developer,0.2696236
Python Developer,0.22123273
Python Developer,0.29867408
React Developer,0.22995412
React Developer,0.29253802
React Developer,0.4072546
SAP Developer,0.33260754
SAP Developer,0.36054733
SAP Developer,0.33200106
SQL Developer,0.2482907
SQL Developer,0.32011303
SQL Developer,0.29687563
Sales,0.4252728
Sales,0.32331985
Sales,0.32100055
Testing,0.30687535
Testing,0.30707425
Testing,0.30977377
Web Designing,0.2849715
Web Designing,0.3304172
Web Designing,0.22766292
Accountant,0.40505487
Accountant,0.47781268
Accountant,0.42205724
Advocate,0.38104445
Advocate,0.41193208
Advocate,0.39759502
Agriculture,0.29450053
Agriculture,0.40127677
Agriculture,0.28513217
Apparel,0.37170604
Apparel,0.37471658
Apparel,0.36844367
Architecture,0.34105176
Architecture,0.28750452
Architecture,0.38998765
Arts,0.28582495
Arts,0.3175852
Arts,0.19669208
Automobile,0.374404
Automobile,0.34052038
Automobile,0.40994135
Aviation,0.3454327
Aviation,0.299658
Aviation,0.3588996
BPO,0.32803506
BPO,0.3541576
BPO,0.4478039
Banking,0.4173506
Banking,0.3705765
Banking,0.42929
Blockchain,0.30571145
Blockchain,0.39913052
Blockchain,0.2945892
Building and Construction,0.38751155
Building and Construction,0.3871786
Building and Construction,0.3423117
Business Analyst,0.4337117
Business Analyst,0.42013854
Business Analyst,0.3594466
Civil Engineer,0.41912255
Civil Engineer,0.22649603
Civil Engineer,0.25754082
Consultant,0.23261714
Consultant,0.38277984
Consultant,0.41139102
Data Science,0.29105386
Data Science,0.33709702
Data Science,0.37349135
Database,0.36592773
Database,0.36741513
Database,0.35779753
Designing,0.22174802
Designing,0.27218336
Designing,0.34400678
DevOps,0.29288143
DevOps,0.38995475
DevOps,0.3697586
Digital Media,0.2963756
Digital Media,0.3556087
Digital Media,0.3671813
DotNet Developer,0.36292595
DotNet Developer,0.35591787
DotNet Developer,0.36313134
ETL Developer,0.35560212
ETL Developer,0.36048302
ETL Developer,0.3868334
Education,0.30758175
Education,0.24582562
Education,0.24930015
Electrical Engineering,0.3704107
Electrical Engineering,0.2761181
Electrical Engineering,0.38798946
Finance,0.4247973
Finance,0.3663469
Finance,0.4365049
Food and Beverages,0.35993737
Food and Beverages,0.3527481
Food and Beverages,0.35859826
Health and Fitness,0.3184356
Health and Fitness,0.3544686
Health and Fitness,0.26290706
Human Resources,0.44605905
Human Resources,0.33238012
Human Resources,0.44231862
Information Technology,0.3971735
Information Technology,0.40050238
Information Technology,0.42359123
Java Developer,0.34328762
Java Developer,0.30694133
Java Developer,0.34254733
Management,0.37728915
Management,0.39708975
Management,0.3063384
Mechanical Engineer,0.3024072
Mechanical Engineer,0.376045
Mechanical Engineer,0.37106937
Network Security Engineer,0.29626986
Network Security Engineer,0.3885288
Network Security Engineer,0.3750758
Operations Manager,0.37768775
Operations Manager,0.40634665
Operations Manager,0.43104753
PMO,0.3684196
PMO,0.37552077
PMO,0.38901296
Public Relations,0.2878155
Public Relations,0.4191164
Public Relations,0.2776883
Python Developer,0.33994132
Python Developer,0.2843209
Python Developer,0.32988572
React Developer,0.29847145
React Developer,0.35808444
React Developer,0.44545546
SAP Developer,0.3745702
SAP Developer,0.42726335
SAP Developer,0.40214843
SQL Developer,0.33295682
SQL Developer,0.388265
SQL Developer,0.41716236
Sales,0.43278718
Sales,0.34501147
Sales,0.34930757
Testing,0.3155291
Testing,0.31085992
Testing,0.3058353
Web Designing,0.36085102
Web Designing,0.38785782
Web Designing,0.29007575
Accountant,0.3087472
Accountant,0.3946616
Accountant,0.32998258
Advocate,0.30898857
Advocate,0.3580012
Advocate,0.31042638
Agriculture,0.2541558
Agriculture,0.3564008
Agriculture,0.25136444
Apparel,0.31337643
Apparel,0.41456825
Apparel,0.33742478
Architecture,0.33230653
Architecture,0.32724062
Architecture,0.33270288
Arts,0.32257384
Arts,0.2694186
Arts,0.25492305
Automobile,0.28451547
Automobile,0.3253626
Automobile,0.3552565
Aviation,0.28051886
Aviation,0.21522264
Aviation,0.2834422
BPO,0.3327449
BPO,0.3047586
BPO,0.39375892
Banking,0.31845802
Banking,0.319676
Banking,0.32663447
Blockchain,0.3184494
Blockchain,0.3566668
Blockchain,0.31396848
Building and Construction,0.33360815
Building and Construction,0.31842193
Building and Construction,0.35288453
Business Analyst,0.36828476
Business Analyst,0.3443317
Business Analyst,0.37658843
Civil Engineer,0.31055647
Civil Engineer,0.22960517
Civil Engineer,0.2777633
Consultant,0.21101749
Consultant,0.34616858
Consultant,0.38400388
Data Science,0.2614542
Data Science,0.30872533
Data Science,0.27066985
Database,0.33310422
Database,0.34056535
Database,0.2991919
Designing,0.3469985
Designing,0.23971133
Designing,0.3783202
DevOps,0.26656976
DevOps,0.35423714
DevOps,0.36104426
Digital Media,0.3421367
Digital Media,0.37256575
Digital Media,0.3867986
DotNet Developer,0.37865892
DotNet Developer,0.36345857
DotNet Developer,0.3669172
ETL Developer,0.32331437
ETL Developer,0.3027243
ETL Developer,0.37794468
Education,0.25252584
Education,0.24327846
Education,0.21429126
Electrical Engineering,0.2958005
Electrical Engineering,0.26433617
Electrical Engineering,0.34382153
Finance,0.34274536
Finance,0.30782712
Finance,0.3216768
Food and Beverages,0.29061812
Food and Beverages,0.32722783
Food and Beverages,0.326022
Health and Fitness,0.2570948
Health and Fitness,0.32003358
Health and Fitness,0.23787372
Human Resources,0.35888332
Human Resources,0.2654902
Human Resources,0.3469731
Information Technology,0.34404317
Information Technology,0.39812797
Information Technology,0.4002301
Java Developer,0.3497671
Java Developer,0.31388515
Java Developer,0.32959563
Management,0.35104102
Management,0.28152087
Management,0.27303857
Mechanical Engineer,0.30636135
Mechanical Engineer,0.3327279
Mechanical Engineer,0.3443932
Network Security Engineer,0.2830596
Network Security Engineer,0.35860685
Network Security Engineer,0.37516195
Operations Manager,0.33283037
Operations Manager,0.36257893
Operations Manager,0.3687305
PMO,0.32991394
PMO,0.33828577
PMO,0.37064093
Public Relations,0.2990332
Public Relations,0.34193918
Public Relations,0.30292585
Python Developer,0.36132747
Python Developer,0.31802177
Python Developer,0.3282342
React Developer,0.43913412
React Developer,0.33732086
React Developer,0.39328653
SAP Developer,0.33999214
SAP Developer,0.39337584
SAP Developer,0.32354975
SQL Developer,0.28296697
SQL Developer,0.34335238
SQL Developer,0.332819
Sales,0.3800027
Sales,0.3367061
Sales,0.37243938
Testing,0.25622207
Testing,0.24069998
Testing,0.23884311
Web Designing,0.38129884
Web Designing,0.3541882
Web Designing,0.38576025
Accountant,0.09527468
Accountant,0.18721491
Accountant,0.19533274
Advocate,0.16355456
Advocate,0.19658254
Advocate,0.17180628
Agriculture,0.120026
Agriculture,0.17403525
Agriculture,0.13542728
Apparel,0.12603469
Apparel,0.1875912
Apparel,0.122057095
Architecture,0.1048194
Architecture,0.15084189
Architecture,0.15357894
Arts,0.1125368
Arts,0.13485548
Arts,0.11611946
Automobile,0.14979036
Automobile,0.15011579
Automobile,0.14901185
Aviation,0.21833298
Aviation,0.11602384
Aviation,0.16326465
BPO,0.12390877
BPO,0.06512089
BPO,0.2203435
Banking,0.17402667
Banking,0.1484552
Banking,0.13194418
Blockchain,0.10366391
Blockchain,0.17759433
Blockchain,0.14218706
Building and Construction,0.16899867
Building and Construction,0.17236099
Building and Construction,0.13923666
Business Analyst,0.2882334
Business Analyst,0.3020532
Business Analyst,0.1674197
Civil Engineer,0.12690307
Civil Engineer,0.15338719
Civil Engineer,0.22318411
Consultant,0.10849116
Consultant,0.12613945
Consultant,0.16687208
Data Science,0.18223996
Data Science,0.41178164
Data Science,0.1918379
Database,0.17945454
Database,0.26393244
Database,0.17054522
Designing,0.11638265
Designing,0.13863432
Designing,0.10176535
DevOps,0.06585631
DevOps,0.16400114
DevOps,0.13493639
Digital Media,0.09888452
Digital Media,0.15852502
Digital Media,0.15092252
DotNet Developer,0.123332985
DotNet Developer,0.080860585
DotNet Developer,0.3262303
ETL Developer,0.19303575
ETL Developer,0.19800112
ETL Developer,0.3481992
Education,0.18625797
Education,0.16171552
Education,0.3260361
Electrical Engineering,0.311188
Electrical Engineering,0.12891848
Electrical Engineering,0.29978287
Finance,0.17782864
Finance,0.10792256
Finance,0.2142475
Food and Beverages,0.35901546
Food and Beverages,0.16968721
Food and Beverages,0.18380341
Health and Fitness,0.14265612
Health and Fitness,0.13834424
Health and Fitness,0.14180891
Human Resources,0.24168526
Human Resources,0.14467703
Human Resources,0.31719863
Information Technology,0.15286437
Information Technology,0.12797457
Information Technology,0.1575722
Java Developer,0.12254154
Java Developer,0.24301413
Java Developer,0.26533067
Management,0.1827411
Management,0.15360615
Management,0.09054292
Mechanical Engineer,0.10538428
Mechanical Engineer,0.20458987
Mechanical Engineer,0.17592607
Network Security Engineer,0.14992276
Network Security Engineer,0.21970509
Network Security Engineer,0.24551015
Operations Manager,0.18894427
Operations Manager,0.19870767
Operations Manager,0.19808123
PMO,0.2141281
PMO,0.16689877
PMO,0.15133606
Public Relations,0.06253348
Public Relations,0.162812
Public Relations,0.109682284
Python Developer,0.102844186
Python Developer,0.24825099
Python Developer,0.2102848
React Developer,0.15194404
React Developer,0.28191346
React Developer,0.23239562
SAP Developer,0.2259981
SAP Developer,0.17721787
SAP Developer,0.18719772
SQL Developer,0.13737518
SQL Developer,0.22617397
SQL Developer,0.15397936
Sales,0.19379693
Sales,0.14721286
Sales,0.15599081
Testing,0.25238982
Testing,0.23634319
Testing,0.20222309
Web Designing,0.09876955
Web Designing,0.09412243
Web Designing,0.17807874
Accountant,0.36434552
Accountant,0.41126114
Accountant,0.35656232
Advocate,0.41229853
Advocate,0.3955961
Advocate,0.35823599
Agriculture,0.25686866
Agriculture,0.33454597
Agriculture,0.23667946
Apparel,0.32071805
Apparel,0.30199674
Apparel,0.34778088
Architecture,0.4128879
Architecture,0.28030705
Architecture,0.40864104
Arts,0.25522363
Arts,0.45491868
Arts,0.36531645
Automobile,0.29702455
Automobile,0.29661945
Automobile,0.37251136
Aviation,0.3785163
Aviation,0.24802831
Aviation,0.34549603
BPO,0.23504554
BPO,0.26509324
BPO,0.3968557
Banking,0.3747358
Banking,0.33902472
Banking,0.41092592
Blockchain,0.26833853
Blockchain,0.2944829
Blockchain,0.225437
Building and Construction,0.34608933
Building and Construction,0.3067359
Building and Construction,0.3228442
Business Analyst,0.36151823
Business Analyst,0.34469455
Business Analyst,0.2708658
Civil Engineer,0.37239626
Civil Engineer,0.33761808
Civil Engineer,0.22209877
Consultant,0.29234096
Consultant,0.2963979
Consultant,0.35437474
Data Science,0.43124285
Data Science,0.4243294
Data Science,0.3374665
Database,0.32565662
Database,0.2999353
Database,0.3135782
Designing,0.16659145
Designing,0.23972401
Designing,0.34390834
DevOps,0.22785333
DevOps,0.2916026
DevOps,0.3623179
Digital Media,0.303749
Digital Media,0.31579146
Digital Media,0.3338612
DotNet Developer,0.26484194
DotNet Developer,0.3191745
DotNet Developer,0.32173833
ETL Developer,0.24689429
ETL Developer,0.25965893
ETL Developer,0.3179335
Education,0.42382517
Education,0.38417637
Education,0.35038084
Electrical Engineering,0.34239763
Electrical Engineering,0.26201746
Electrical Engineering,0.3357699
Finance,0.36692166
Finance,0.29672113
Finance,0.34069988
Food and Beverages,0.29745412
Food and Beverages,0.31753805
Food and Beverages,0.36947814
Health and Fitness,0.3602352
Health and Fitness,0.36638084
Health and Fitness,0.34479162
Human Resources,0.4499006
Human Resources,0.3407926
Human Resources,0.3484847
Information Technology,0.33562553
Information Technology,0.3282158
Information Technology,0.34518546
Java Developer,0.2970145
Java Developer,0.25418046
Java Developer,0.3242375
Management,0.35416523
Management,0.32068533
Management,0.29778698
Mechanical Engineer,0.28540123
Mechanical Engineer,0.33070222
Mechanical Engineer,0.35047078
Network Security Engineer,0.25059345
Network Security Engineer,0.31286857
Network Security Engineer,0.30024183
Operations Manager,0.31455582
Operations Manager,0.3698862
Operations Manager,0.368584
PMO,0.28412506
PMO,0.31040508
PMO,0.3420138
Public Relations,0.36736128
Public Relations,0.42726853
Public Relations,0.3588026
Python Developer,0.29954022
Python Developer,0.22743523
Python Developer,0.32017872
React Developer,0.20922936
React Developer,0.27348122
React Developer,0.44038838
SAP Developer,0.3209808
SAP Developer,0.34695914
SAP Developer,0.34490722
SQL Developer,0.302528
SQL Developer,0.37861028
SQL Developer,0.32421872
Sales,0.36483568
Sales,0.2825492
Sales,0.35414362
Testing,0.32341337
Testing,0.34370086
Testing,0.27982128
Web Designing,0.33655933
Web Designing,0.28720376
Web Designing,0.24514164
Accountant,0.30090153
Accountant,0.3690072
Accountant,0.33020443
Advocate,0.3914873
Advocate,0.44713852
Advocate,0.41775528
Agriculture,0.29334518
Agriculture,0.34222233
Agriculture,0.28109828
Apparel,0.34284824
Apparel,0.31880727
Apparel,0.32347998
Architecture,0.33436054
Architecture,0.24935818
Architecture,0.37231237
Arts,0.22342499
Arts,0.34322143
Arts,0.2186148
Automobile,0.3050131
Automobile,0.2828311
Automobile,0.37202394
Aviation,0.33875024
Aviation,0.2638087
Aviation,0.3399043
BPO,0.25818586
BPO,0.25371164
BPO,0.35727936
Banking,0.37279713
Banking,0.26702118
Banking,0.42309663
Blockchain,0.30036634
Blockchain,0.31870833
Blockchain,0.21759716
Building and Construction,0.35511705
Building and Construction,0.34746686
Building and Construction,0.30976
Business Analyst,0.33061513
Business Analyst,0.3047728
Business Analyst,0.31604153
Civil Engineer,0.37743714
Civil Engineer,0.23066214
Civil Engineer,0.24292347
Consultant,0.32794473
Consultant,0.31706706
Consultant,0.336802
Data Science,0.32047886
Data Science,0.31734926
Data Science,0.38945216
Database,0.34349164
Database,0.35590526
Database,0.28918093
Designing,0.2007351
Designing,0.18663663
Designing,0.23927012
DevOps,0.27145976
DevOps,0.32230797
DevOps,0.36461672
Digital Media,0.2383372
Digital Media,0.316971
Digital Media,0.2978015
DotNet Developer,0.27056214
DotNet Developer,0.36583826
DotNet Developer,0.3278933
ETL Developer,0.26705116
ETL Developer,0.26270476
ETL Developer,0.3624863
Education,0.29121342
Education,0.25074053
Education,0.25975913
Electrical Engineering,0.37531164
Electrical Engineering,0.29380986
Electrical Engineering,0.3798609
Finance,0.361865
Finance,0.29635155
Finance,0.324794
Food and Beverages,0.35492396
Food and Beverages,0.31014934
Food and Beverages,0.32889327
Health and Fitness,0.3393258
Health and Fitness,0.36336207
Health and Fitness,0.3013473
Human Resources,0.384138
Human Resources,0.31281987
Human Resources,0.40895873
Information Technology,0.3362915
Information Technology,0.37490594
Information Technology,0.36993408
Java Developer,0.29531413
Java Developer,0.2416599
Java Developer,0.29351276
Management,0.32679453
Management,0.3292025
Management,0.28908595
Mechanical Engineer,0.27245235
Mechanical Engineer,0.3188121
Mechanical Engineer,0.33952013
Network Security Engineer,0.27329925
Network Security Engineer,0.34354565
Network Security Engineer,0.36001658
Operations Manager,0.33195153
Operations Manager,0.3769188
Operations Manager,0.37929612
PMO,0.32925302
PMO,0.36284927
PMO,0.31799358
Public Relations,0.30719304
Public Relations,0.36953577
Public Relations,0.33068243
Python Developer,0.30001172
Python Developer,0.23498325
Python Developer,0.31239524
React Developer,0.2390084
React Developer,0.28524
React Developer,0.4098543
SAP Developer,0.36135644
SAP Developer,0.37060678
SAP Developer,0.30052423
SQL Developer,0.29787692
SQL Developer,0.34499878
SQL Developer,0.31134966
Sales,0.45706776
Sales,0.27575362
Sales,0.32938504
Testing,0.41393912
Testing,0.44389185
Testing,0.41815728
Web Designing,0.31096286
Web Designing,0.27623942
Web Designing,0.22747466
Accountant,0.346211
Accountant,0.3306773
Accountant,0.44316775
Advocate,0.22368747
Advocate,0.2583105
Advocate,0.2601576
Agriculture,0.27463976
Agriculture,0.22918797
Agriculture,0.2453115
Apparel,0.35928243
Apparel,0.24961692
Apparel,0.37333944
Architecture,0.28041953
Architecture,0.24049953
Architecture,0.28394878
Arts,0.20271334
Arts,0.25029966
Arts,0.23878387
Automobile,0.2595445
Automobile,0.24909727
Automobile,0.313471
Aviation,0.25830042
Aviation,0.26402935
Aviation,0.3030823
BPO,0.26300934
BPO,0.3422596
BPO,0.3169551
Banking,0.37764698
Banking,0.3244453
Banking,0.41616172
Blockchain,0.19417371
Blockchain,0.2673856
Blockchain,0.21016581
Building and Construction,0.31862527
Building and Construction,0.24103843
Building and Construction,0.28219983
Business Analyst,0.31859368
Business Analyst,0.30892447
Business Analyst,0.2464548
Civil Engineer,0.38931116
Civil Engineer,0.25711733
Civil Engineer,0.25167274
Consultant,0.17751174
Consultant,0.18792614
Consultant,0.3444872
Data Science,0.21424867
Data Science,0.27306774
Data Science,0.3187902
Database,0.30550528
Database,0.2935216
Database,0.3341692
Designing,0.23624745
Designing,0.18562037
Designing,0.289581
DevOps,0.20454025
DevOps,0.23460448
DevOps,0.20950808
Digital Media,0.24717146
Digital Media,0.16467768
Digital Media,0.28124702
DotNet Developer,0.22204407
DotNet Developer,0.31400326
DotNet Developer,0.30078664
ETL Developer,0.25228685
ETL Developer,0.23835106
ETL Developer,0.20534125
Education,0.35927486
Education,0.30523413
Education,0.22463529
Electrical Engineering,0.34024644
Electrical Engineering,0.28276682
Electrical Engineering,0.30448255
Finance,0.3219371
Finance,0.37926012
Finance,0.2968037
Food and Beverages,0.26943272
Food and Beverages,0.30807948
Food and Beverages,0.2906244
Health and Fitness,0.3523988
Health and Fitness,0.2548462
Health and Fitness,0.227471
Human Resources,0.38545072
Human Resources,0.37726247
Human Resources,0.3883812
Information Technology,0.29465395
Information Technology,0.2464328
Information Technology,0.36692798
Java Developer,0.29964802
Java Developer,0.2069968
Java Developer,0.25624654
Management,0.3755871
Management,0.23700371
Management,0.30060288
Mechanical Engineer,0.26770586
Mechanical Engineer,0.26544425
Mechanical Engineer,0.32950425
Network Security Engineer,0.22466557
Network Security Engineer,0.20592695
Network Security Engineer,0.28791323
Operations Manager,0.2533918
Operations Manager,0.31813133
Operations Manager,0.2839346
PMO,0.1917437
PMO,0.2384472
PMO,0.25461125
Public Relations,0.26188964
Public Relations,0.28716502
Public Relations,0.24438071
Python Developer,0.3193493
Python Developer,0.2374736
Python Developer,0.19116712
React Developer,0.22749157
React Developer,0.27365816
React Developer,0.40433645
SAP Developer,0.30619153
SAP Developer,0.29632556
SAP Developer,0.31778574
SQL Developer,0.23499185
SQL Developer,0.26095793
SQL Developer,0.3041055
Sales,0.33422354
Sales,0.24603815
Sales,0.32394004
Testing,0.22432818
Testing,0.26258945
Testing,0.2708268
Web Designing,0.23988059
Web Designing,0.17409317
Web Designing,0.22726567
Accountant,0.37570408
Accountant,0.45790485
Accountant,0.4219602
Advocate,0.34721264
Advocate,0.42468908
Advocate,0.36001983
Agriculture,0.2812227
Agriculture,0.38077804
Agriculture,0.3060411
Apparel,0.43344548
Apparel,0.36989975
Apparel,0.43877766
Architecture,0.36818138
Architecture,0.31624654
Architecture,0.4164165
Arts,0.27138197
Arts,0.36217713
Arts,0.23931636
Automobile,0.41852754
Automobile,0.3302699
Automobile,0.42399573
Aviation,0.35959104
Aviation,0.33747715
Aviation,0.38375688
BPO,0.3614619
BPO,0.3547489
BPO,0.3918695
Banking,0.40773675
Banking,0.33008447
Banking,0.3946127
Blockchain,0.27091774
Blockchain,0.37187713
Blockchain,0.23732655
Building and Construction,0.40287334
Building and Construction,0.3985533
Building and Construction,0.39069682
Business Analyst,0.33323058
Business Analyst,0.38951772
Business Analyst,0.29468304
Civil Engineer,0.49945465
Civil Engineer,0.32162982
Civil Engineer,0.29301587
Consultant,0.26858777
Consultant,0.35398245
Consultant,0.37432542
Data Science,0.32594925
Data Science,0.34015602
Data Science,0.45052212
Database,0.3999796
Database,0.33932093
Database,0.30495837
Designing,0.23437576
Designing,0.29970688
Designing,0.33806515
DevOps,0.2915071
DevOps,0.3390594
DevOps,0.38128164
Digital Media,0.2772696
Digital Media,0.32567194
Digital Media,0.35181808
DotNet Developer,0.29809788
DotNet Developer,0.3511295
DotNet Developer,0.3459122
ETL Developer,0.31703076
ETL Developer,0.2943167
ETL Developer,0.33251795
Education,0.3067753
Education,0.2736484
Education,0.33013776
Electrical Engineering,0.37774774
Electrical Engineering,0.340504
Electrical Engineering,0.4548582
Finance,0.41637373
Finance,0.32308844
Finance,0.37729558
Food and Beverages,0.40100384
Food and Beverages,0.38905993
Food and Beverages,0.39689994
Health and Fitness,0.3302671
Health and Fitness,0.38112038
Health and Fitness,0.3570762
Human Resources,0.5046169
Human Resources,0.36150566
Human Resources,0.46629405
Information Technology,0.358453
Information Technology,0.35535794
Information Technology,0.3958604
Java Developer,0.31445917
Java Developer,0.26457086
Java Developer,0.33282247
Management,0.44853073
Management,0.3259297
Management,0.35039213
Mechanical Engineer,0.34285513
Mechanical Engineer,0.43638426
Mechanical Engineer,0.37658262
Network Security Engineer,0.2984554
Network Security Engineer,0.39473814
Network Security Engineer,0.37749884
Operations Manager,0.41079578
Operations Manager,0.44812235
Operations Manager,0.45930606
PMO,0.32892916
PMO,0.36789423
PMO,0.3901586
Public Relations,0.30154988
Public Relations,0.46425322
Public Relations,0.29345465
Python Developer,0.35287842
Python Developer,0.2853345
Python Developer,0.32750002
React Developer,0.30871847
React Developer,0.35127845
React Developer,0.4333566
SAP Developer,0.35443354
SAP Developer,0.41784284
SAP Developer,0.39846033
SQL Developer,0.2835716
SQL Developer,0.4017646
SQL Developer,0.38321903
Sales,0.5020569
Sales,0.3476243
Sales,0.36971474
Testing,0.33229995
Testing,0.33879662
Testing,0.31136456
Web Designing,0.2983739
Web Designing,0.37052125
Web Designing,0.2823581
Accountant,0.37817368
Accountant,0.43096387
Accountant,0.36690244
Advocate,0.33626306
Advocate,0.4118788
Advocate,0.3268649
Agriculture,0.31555912
Agriculture,0.38432708
Agriculture,0.31018254
Apparel,0.34616676
Apparel,0.408556
Apparel,0.35383564
Architecture,0.34915543
Architecture,0.33116856
Architecture,0.34464782
Arts,0.27459538
Arts,0.31560722
Arts,0.23120707
Automobile,0.3477104
Automobile,0.33404046
Automobile,0.3648366
Aviation,0.32429945
Aviation,0.30801797
Aviation,0.34637988
BPO,0.3280443
BPO,0.36900288
BPO,0.43457633
Banking,0.34476292
Banking,0.34910595
Banking,0.40470955
Blockchain,0.30034512
Blockchain,0.39101353
Blockchain,0.2976999
Building and Construction,0.39445508
Building and Construction,0.38065788
Building and Construction,0.36690277
Business Analyst,0.4532621
Business Analyst,0.44520444
Business Analyst,0.4092996
Civil Engineer,0.33816323
Civil Engineer,0.25381187
Civil Engineer,0.30641675
Consultant,0.18852004
Consultant,0.40427688
Consultant,0.398864
Data Science,0.29912493
Data Science,0.33104816
Data Science,0.32561296
Database,0.39109793
Database,0.4092997
Database,0.36015907
Designing,0.2571698
Designing,0.2517069
Designing,0.39982602
DevOps,0.33527172
DevOps,0.4136318
DevOps,0.3850321
Digital Media,0.28616655
Digital Media,0.39280164
Digital Media,0.36874285
DotNet Developer,0.41489354
DotNet Developer,0.3456893
DotNet Developer,0.4210262
ETL Developer,0.37911987
ETL Developer,0.36491305
ETL Developer,0.45064074
Education,0.2668763
Education,0.24888018
Education,0.2587487
Electrical Engineering,0.37507695
Electrical Engineering,0.28981352
Electrical Engineering,0.3828863
Finance,0.4042078
Finance,0.35873953
Finance,0.38795865
Food and Beverages,0.3694147
Food and Beverages,0.3376148
Food and Beverages,0.35163194
Health and Fitness,0.28925872
Health and Fitness,0.30213735
Health and Fitness,0.23663679
Human Resources,0.41411301
Human Resources,0.3349401
Human Resources,0.38558298
Information Technology,0.42747703
Information Technology,0.44924837
Information Technology,0.43371335
Java Developer,0.3817915
Java Developer,0.351697
Java Developer,0.40054917
Management,0.35887203
Management,0.3296155
Management,0.34192032
Mechanical Engineer,0.34841955
Mechanical Engineer,0.39592612
Mechanical Engineer,0.39230886
Network Security Engineer,0.31807694
Network Security Engineer,0.42157745
Network Security Engineer,0.39479214
Operations Manager,0.35936847
Operations Manager,0.40930545
Operations Manager,0.43038124
PMO,0.3787134
PMO,0.40832108
PMO,0.42047167
Public Relations,0.31094974
Public Relations,0.36798802
Public Relations,0.2532534
Python Developer,0.363851
Python Developer,0.31926697
Python Developer,0.39210856
React Developer,0.36064297
React Developer,0.397942
React Developer,0.41043922
SAP Developer,0.35477513
SAP Developer,0.44226295
SAP Developer,0.40664226
SQL Developer,0.33052856
SQL Developer,0.41988418
SQL Developer,0.38318428
Sales,0.36646003
Sales,0.36513576
Sales,0.34168082
Testing,0.29402503
Testing,0.28396788
Testing,0.28060937
Web Designing,0.38644227
Web Designing,0.3823718
Web Designing,0.31941035
Accountant,0.40850037
Accountant,0.48843244
Accountant,0.46961215
Advocate,0.42261523
Advocate,0.44842535
Advocate,0.3960045
Agriculture,0.35823265
Agriculture,0.4340026
Agriculture,0.40774065
Apparel,0.39249533
Apparel,0.4598664
Apparel,0.43997335
Architecture,0.38897705
Architecture,0.36647308
Architecture,0.39665207
Arts,0.2965365
Arts,0.3183568
Arts,0.22706716
Automobile,0.38802126
Automobile,0.40781486
Automobile,0.3869912
Aviation,0.37567276
Aviation,0.2787974
Aviation,0.3701847
BPO,0.431245
BPO,0.47006652
BPO,0.4825999
Banking,0.47062403
Banking,0.42777693
Banking,0.44300717
Blockchain,0.43866917
Blockchain,0.46754435
Blockchain,0.39814985
Building and Construction,0.4061979
Building and Construction,0.40151632
Building and Construction,0.38604465
Business Analyst,0.49169552
Business Analyst,0.51488274
Business Analyst,0.49377903
Civil Engineer,0.37193215
Civil Engineer,0.2754107
Civil Engineer,0.30714893
Consultant,0.26433674
Consultant,0.5032012
Consultant,0.52780175
Data Science,0.29959944
Data Science,0.4229624
Data Science,0.3753656
Database,0.41896585
Database,0.4249158
Database,0.45509914
Designing,0.29173154
Designing,0.35392925
Designing,0.4382793
DevOps,0.44169137
DevOps,0.4713461
DevOps,0.4493155
Digital Media,0.31811073
Digital Media,0.46819493
Digital Media,0.4294527
DotNet Developer,0.47768533
DotNet Developer,0.44927832
DotNet Developer,0.42510825
ETL Developer,0.4358812
ETL Developer,0.43002623
ETL Developer,0.48061854
Education,0.2961615
Education,0.2734545
Education,0.31146863
Electrical Engineering,0.383167
Electrical Engineering,0.33071122
Electrical Engineering,0.38281518
Finance,0.4399779
Finance,0.4674973
Finance,0.43870434
Food and Beverages,0.36736423
Food and Beverages,0.43168753
Food and Beverages,0.40689263
Health and Fitness,0.35527757
Health and Fitness,0.36378103
Health and Fitness,0.2659335
Human Resources,0.44230276
Human Resources,0.36401847
Human Resources,0.42106196
Information Technology,0.5062438
Information Technology,0.53488564
Information Technology,0.4959791
Java Developer,0.4495646
Java Developer,0.34343588
Java Developer,0.47066167
Management,0.43444622
Management,0.43520007
Management,0.36836502
Mechanical Engineer,0.35485655
Mechanical Engineer,0.3700827
Mechanical Engineer,0.43815225
Network Security Engineer,0.4072647
Network Security Engineer,0.41663104
Network Security Engineer,0.4476411
Operations Manager,0.4090236
Operations Manager,0.4525944
Operations Manager,0.49330857
PMO,0.43732676
PMO,0.4404958
PMO,0.4972408
Public Relations,0.3610854
Public Relations,0.42080215
Public Relations,0.27163985
Python Developer,0.4164756
Python Developer,0.35544518
Python Developer,0.45398393
React Developer,0.38091505
React Developer,0.45903963
React Developer,0.45981905
SAP Developer,0.41792634
SAP Developer,0.5065324
SAP Developer,0.47318316
SQL Developer,0.40561357
SQL Developer,0.42549154
SQL Developer,0.43799555
Sales,0.43894577
Sales,0.51682705
Sales,0.46180984
Testing,0.27313584
Testing,0.2704244
Testing,0.27458832
Web Designing,0.4668272
Web Designing,0.42099625
Web Designing,0.34331223
Accountant,0.35163093
Accountant,0.5087532
Accountant,0.39467502
Advocate,0.39055425
Advocate,0.521765
Advocate,0.4834748
Agriculture,0.30506396
Agriculture,0.45278692
Agriculture,0.35640004
Apparel,0.543299
Apparel,0.47930536
Apparel,0.5111366
Architecture,0.43103075
Architecture,0.27905113
Architecture,0.39650553
Arts,0.29253894
Arts,0.37695616
Arts,0.29797256
Automobile,0.4198664
Automobile,0.407287
Automobile,0.46609962
Aviation,0.3789691
Aviation,0.3147527
Aviation,0.35206753
BPO,0.5343258
BPO,0.41705027
BPO,0.4763387
Banking,0.48242944
Banking,0.40048444
Banking,0.4569794
Blockchain,0.2509386
Blockchain,0.49677622
Blockchain,0.28064206
Building and Construction,0.56572384
Building and Construction,0.4396713
Building and Construction,0.33773357
Business Analyst,0.40842173
Business Analyst,0.477638
Business Analyst,0.36997607
Civil Engineer,0.4072419
Civil Engineer,0.25221708
Civil Engineer,0.23079367
Consultant,0.25640488
Consultant,0.40216646
Consultant,0.50845844
Data Science,0.3709448
Data Science,0.4804525
Data Science,0.42157042
Database,0.35313854
Database,0.3724884
Database,0.37059033
Designing,0.27322352
Designing,0.33048326
Designing,0.40403423
DevOps,0.30546004
DevOps,0.38966015
DevOps,0.4161733
Digital Media,0.29609644
Digital Media,0.4051489
Digital Media,0.5193788
DotNet Developer,0.34321064
DotNet Developer,0.39211246
DotNet Developer,0.3298353
ETL Developer,0.31738588
ETL Developer,0.32716823
ETL Developer,0.4442677
Education,0.34933242
Education,0.29647774
Education,0.3132972
Electrical Engineering,0.43741915
Electrical Engineering,0.30053377
Electrical Engineering,0.44913626
Finance,0.5161085
Finance,0.3861364
Finance,0.42748246
Food and Beverages,0.40254015
Food and Beverages,0.46861467
Food and Beverages,0.45930058
Health and Fitness,0.43216014
Health and Fitness,0.40097225
Health and Fitness,0.31631377
Human Resources,0.47011966
Human Resources,0.36642206
Human Resources,0.47535622
Information Technology,0.40200442
Information Technology,0.43465006
Information Technology,0.53666323
Java Developer,0.3392878
Java Developer,0.2780926
Java Developer,0.3254063
Management,0.5832689
Management,0.38861018
Management,0.35711426
Mechanical Engineer,0.33760747
Mechanical Engineer,0.49099788
Mechanical Engineer,0.50951177
Network Security Engineer,0.2704382
Network Security Engineer,0.4251646
Network Security Engineer,0.35760552
Operations Manager,0.52167803
Operations Manager,0.5139249
Operations Manager,0.54535306
PMO,0.36373955
PMO,0.37279373
PMO,0.41294235
Public Relations,0.37281793
Public Relations,0.48217565
Public Relations,0.32509786
Python Developer,0.33981064
Python Developer,0.22019194
Python Developer,0.3163789
React Developer,0.32008258
React Developer,0.3394142
React Developer,0.5164035
SAP Developer,0.36455813
SAP Developer,0.4473427
SAP Developer,0.38622838
SQL Developer,0.31838474
SQL Developer,0.42835763
SQL Developer,0.3734936
Sales,0.50608426
Sales,0.48208857
Sales,0.5375185
Testing,0.35022816
Testing,0.3370211
Testing,0.30283132
Web Designing,0.32968256
Web Designing,0.3349936
Web Designing,0.36138862
Accountant,0.34488243
Accountant,0.44060314
Accountant,0.3931139
Advocate,0.3378263
Advocate,0.38444582
Advocate,0.34408817
Agriculture,0.29539543
Agriculture,0.396757
Agriculture,0.26614296
Apparel,0.37506202
Apparel,0.4153426
Apparel,0.40267044
Architecture,0.3487735
Architecture,0.2889551
Architecture,0.32646155
Arts,0.2967847
Arts,0.30342218
Arts,0.25134444
Automobile,0.33043462
Automobile,0.33573604
Automobile,0.39547348
Aviation,0.29680064
Aviation,0.26734996
Aviation,0.30654642
BPO,0.40895215
BPO,0.32738516
BPO,0.41850796
Banking,0.3690527
Banking,0.36457396
Banking,0.36347768
Blockchain,0.2891899
Blockchain,0.40156546
Blockchain,0.2857739
Building and Construction,0.37370348
Building and Construction,0.3430224
Building and Construction,0.322662
Business Analyst,0.3673485
Business Analyst,0.38765523
Business Analyst,0.36504266
Civil Engineer,0.3545957
Civil Engineer,0.1988412
Civil Engineer,0.23815304
Consultant,0.2597954
Consultant,0.38879603
Consultant,0.47021866
Data Science,0.31737792
Data Science,0.33214107
Data Science,0.31436923
Database,0.36126092
Database,0.33806694
Database,0.31593496
Designing,0.26770037
Designing,0.24993187
Designing,0.35452944
DevOps,0.29660657
DevOps,0.36170593
DevOps,0.36627218
Digital Media,0.3595356
Digital Media,0.42653638
Digital Media,0.43990606
DotNet Developer,0.33516914
DotNet Developer,0.36003986
DotNet Developer,0.3277335
ETL Developer,0.33365348
ETL Developer,0.34498912
ETL Developer,0.3813741
Education,0.2876449
Education,0.21182184
Education,0.22970748
Electrical Engineering,0.32508576
Electrical Engineering,0.27377138
Electrical Engineering,0.35718533
Finance,0.40834197
Finance,0.36687508
Finance,0.38956815
Food and Beverages,0.34313634
Food and Beverages,0.3710383
Food and Beverages,0.376273
Health and Fitness,0.27985933
Health and Fitness,0.33332726
Health and Fitness,0.2624046
Human Resources,0.39488745
Human Resources,0.26653403
Human Resources,0.367179
Information Technology,0.3723038
Information Technology,0.41236514
Information Technology,0.44551352
Java Developer,0.31018284
Java Developer,0.272725
Java Developer,0.34114677
Management,0.40587953
Management,0.33870825
Management,0.34774688
Mechanical Engineer,0.2639435
Mechanical Engineer,0.38070458
Mechanical Engineer,0.34683037
Network Security Engineer,0.27605888
Network Security Engineer,0.35986933
Network Security Engineer,0.37584004
Operations Manager,0.373487
Operations Manager,0.394694
Operations Manager,0.4271108
PMO,0.34247318
PMO,0.35662532
PMO,0.4067124
Public Relations,0.3684067
Public Relations,0.38289136
Public Relations,0.2767653
Python Developer,0.34742558
Python Developer,0.25898713
Python Developer,0.33276942
React Developer,0.37545937
React Developer,0.31831816
React Developer,0.3716619
SAP Developer,0.34886903
SAP Developer,0.42223638
SAP Developer,0.3797548
SQL Developer,0.27355456
SQL Developer,0.34842527
SQL Developer,0.3296401
Sales,0.39896354
Sales,0.4356024
Sales,0.3774522
Testing,0.2647482
Testing,0.24701577
Testing,0.24681413
Web Designing,0.32549372
Web Designing,0.31967777
Web Designing,0.28758222
Accountant,0.37923202
Accountant,0.43664345
Accountant,0.38680398
Advocate,0.35903227
Advocate,0.4308789
Advocate,0.36575657
Agriculture,0.28342456
Agriculture,0.3588468
Agriculture,0.29261816
Apparel,0.352946
Apparel,0.365941
Apparel,0.36910602
Architecture,0.32657126
Architecture,0.28974935
Architecture,0.36885914
Arts,0.2790459
Arts,0.33060256
Arts,0.21374947
Automobile,0.3412513
Automobile,0.3324682
Automobile,0.37366563
Aviation,0.3353047
Aviation,0.26878485
Aviation,0.33924702
BPO,0.31757426
BPO,0.32924283
BPO,0.43454537
Banking,0.3653494
Banking,0.3584587
Banking,0.4147612
Blockchain,0.27721444
Blockchain,0.3594128
Blockchain,0.2569301
Building and Construction,0.386094
Building and Construction,0.38316026
Building and Construction,0.3402732
Business Analyst,0.41250148
Business Analyst,0.40384442
Business Analyst,0.3493929
Civil Engineer,0.36471036
Civil Engineer,0.24540775
Civil Engineer,0.28470978
Consultant,0.22130007
Consultant,0.37982318
Consultant,0.39261022
Data Science,0.29075214
Data Science,0.33502045
Data Science,0.35851663
Database,0.3527644
Database,0.35843596
Database,0.34744385
Designing,0.21481022
Designing,0.2709845
Designing,0.31197965
DevOps,0.28910297
DevOps,0.34875324
DevOps,0.35079262
Digital Media,0.28805363
Digital Media,0.33902943
Digital Media,0.33548737
DotNet Developer,0.35435158
DotNet Developer,0.33238637
DotNet Developer,0.33585942
ETL Developer,0.33417532
ETL Developer,0.32188728
ETL Developer,0.38004363
Education,0.28970367
Education,0.2870558
Education,0.26614276
Electrical Engineering,0.35775328
Electrical Engineering,0.2661481
Electrical Engineering,0.3784432
Finance,0.41036925
Finance,0.35777944
Finance,0.37015587
Food and Beverages,0.34102646
Food and Beverages,0.33463138
Food and Beverages,0.3578078
Health and Fitness,0.32532227
Health and Fitness,0.3279606
Health and Fitness,0.28227428
Human Resources,0.44460747
Human Resources,0.37416446
Human Resources,0.43211913
Information Technology,0.3919561
Information Technology,0.37538072
Information Technology,0.4006119
Java Developer,0.32564265
Java Developer,0.31527454
Java Developer,0.33344448
Management,0.36751792
Management,0.3468839
Management,0.31735966
Mechanical Engineer,0.30427313
Mechanical Engineer,0.35037467
Mechanical Engineer,0.36941946
Network Security Engineer,0.29114425
Network Security Engineer,0.36963654
Network Security Engineer,0.36429846
Operations Manager,0.35208008
Operations Manager,0.38961628
Operations Manager,0.41432938
PMO,0.3484453
PMO,0.37959495
PMO,0.37166733
Public Relations,0.2803577
Public Relations,0.3936836
Public Relations,0.25273976
Python Developer,0.34139237
Python Developer,0.2511376
Python Developer,0.31165758
React Developer,0.27856377
React Developer,0.35114473
React Developer,0.43605253
SAP Developer,0.37135273
SAP Developer,0.3981321
SAP Developer,0.3933069
SQL Developer,0.33295944
SQL Developer,0.38665557
SQL Developer,0.39375594
Sales,0.3947341
Sales,0.35924736
Sales,0.34183785
Testing,0.30948457
Testing,0.30208564
Testing,0.29169872
Web Designing,0.33794832
Web Designing,0.3548034
Web Designing,0.27373773
Accountant,0.39482284
Accountant,0.47145638
Accountant,0.43195343
Advocate,0.41641474
Advocate,0.41981107
Advocate,0.4686447
Agriculture,0.28368002
Agriculture,0.411228
Agriculture,0.2551085
Apparel,0.40248895
Apparel,0.36460105
Apparel,0.36878204
Architecture,0.38900214
Architecture,0.25346017
Architecture,0.3689435
Arts,0.27498987
Arts,0.372374
Arts,0.18363148
Automobile,0.37548485
Automobile,0.31453255
Automobile,0.36785114
Aviation,0.38362977
Aviation,0.313497
Aviation,0.3996248
BPO,0.28709313
BPO,0.33450145
BPO,0.49871883
Banking,0.43489504
Banking,0.36468115
Banking,0.49300575
Blockchain,0.313972
Blockchain,0.35987717
Blockchain,0.27493376
Building and Construction,0.42988223
Building and Construction,0.38147932
Building and Construction,0.3367704
Business Analyst,0.43948802
Business Analyst,0.37963164
Business Analyst,0.35767543
Civil Engineer,0.44110352
Civil Engineer,0.23312573
Civil Engineer,0.2842043
Consultant,0.2595138
Consultant,0.3731369
Consultant,0.4264726
Data Science,0.32397303
Data Science,0.32036442
Data Science,0.37793714
Database,0.40853852
Database,0.39567095
Database,0.40300646
Designing,0.20235541
Designing,0.19477701
Designing,0.32081386
DevOps,0.2964056
DevOps,0.34763083
DevOps,0.40146327
Digital Media,0.2861644
Digital Media,0.38869303
Digital Media,0.3743999
DotNet Developer,0.32669845
DotNet Developer,0.43413734
DotNet Developer,0.4016769
ETL Developer,0.3926332
ETL Developer,0.3758831
ETL Developer,0.43548146
Education,0.30316505
Education,0.24256358
Education,0.2062624
Electrical Engineering,0.44684583
Electrical Engineering,0.27058086
Electrical Engineering,0.39782986
Finance,0.43266287
Finance,0.40446743
Finance,0.43954602
Food and Beverages,0.40050665
Food and Beverages,0.3502627
Food and Beverages,0.3372179
Health and Fitness,0.339619
Health and Fitness,0.38353515
Health and Fitness,0.29016656
Human Resources,0.47617984
Human Resources,0.37327546
Human Resources,0.46087328
Information Technology,0.40896115
Information Technology,0.42204857
Information Technology,0.41428217
Java Developer,0.37656286
Java Developer,0.31834236
Java Developer,0.33653933
Management,0.39563584
Management,0.43026114
Management,0.33871523
Mechanical Engineer,0.28648904
Mechanical Engineer,0.3888761
Mechanical Engineer,0.3798302
Network Security Engineer,0.27279013
Network Security Engineer,0.3760236
Network Security Engineer,0.43960804
Operations Manager,0.40247178
Operations Manager,0.40046006
Operations Manager,0.45175028
PMO,0.47700506
PMO,0.41680127
PMO,0.42022914
Public Relations,0.28938895
Public Relations,0.4555735
Public Relations,0.29104635
Python Developer,0.34321457
Python Developer,0.3251199
Python Developer,0.33516398
React Developer,0.28290814
React Developer,0.35485992
React Developer,0.42363673
SAP Developer,0.41354394
SAP Developer,0.44969472
SAP Developer,0.4126634
SQL Developer,0.4049572
SQL Developer,0.4169522
SQL Developer,0.43327314
Sales,0.4612443
Sales,0.33943233
Sales,0.37018633
Testing,0.43184987
Testing,0.43107024
Testing,0.44910875
Web Designing,0.3683397
Web Designing,0.3453657
Web Designing,0.18874331
Accountant,0.3773095
Accountant,0.49324492
Accountant,0.43171132
Advocate,0.31462345
Advocate,0.3802493
Advocate,0.29991153
Agriculture,0.29141
Agriculture,0.3577174
Agriculture,0.30604035
Apparel,0.41213334
Apparel,0.4136095
Apparel,0.41940564
Architecture,0.34438628
Architecture,0.32511228
Architecture,0.35031033
Arts,0.28116202
Arts,0.28963268
Arts,0.22463264
Automobile,0.34253612
Automobile,0.3345148
Automobile,0.37236518
Aviation,0.31376764
Aviation,0.26394296
Aviation,0.30425593
BPO,0.4233445
BPO,0.3577626
BPO,0.39599702
Banking,0.43542472
Banking,0.36923707
Banking,0.3876213
Blockchain,0.30797577
Blockchain,0.48634675
Blockchain,0.29674506
Building and Construction,0.37005684
Building and Construction,0.33750397
Building and Construction,0.36653474
Business Analyst,0.39659798
Business Analyst,0.4064437
Business Analyst,0.37360907
Civil Engineer,0.37045777
Civil Engineer,0.26302463
Civil Engineer,0.28169802
Consultant,0.22750148
Consultant,0.36287215
Consultant,0.46017364
Data Science,0.26983687
Data Science,0.34254372
Data Science,0.36149845
Database,0.36967137
Database,0.33728164
Database,0.3906307
Designing,0.30775863
Designing,0.26545233
Designing,0.40176198
DevOps,0.29503405
DevOps,0.38071588
DevOps,0.33811155
Digital Media,0.28937566
Digital Media,0.377687
Digital Media,0.4372221
DotNet Developer,0.36519793
DotNet Developer,0.40264156
DotNet Developer,0.32489875
ETL Developer,0.34092057
ETL Developer,0.3507379
ETL Developer,0.3765605
Education,0.26246598
Education,0.25333712
Education,0.21083198
Electrical Engineering,0.3310521
Electrical Engineering,0.32539234
Electrical Engineering,0.34368324
Finance,0.38156167
Finance,0.38869384
Finance,0.37821215
Food and Beverages,0.3104824
Food and Beverages,0.37621346
Food and Beverages,0.33765468
Health and Fitness,0.28400785
Health and Fitness,0.32063428
Health and Fitness,0.25245735
Human Resources,0.38644502
Human Resources,0.31910554
Human Resources,0.37310183
Information Technology,0.34138978
Information Technology,0.419086
Information Technology,0.4113717
Java Developer,0.32915813
Java Developer,0.27953008
Java Developer,0.3451961
Management,0.40687856
Management,0.33043578
Management,0.32622272
Mechanical Engineer,0.29403895
Mechanical Engineer,0.3417513
Mechanical Engineer,0.3771065
Network Security Engineer,0.29300478
Network Security Engineer,0.3384908
Network Security Engineer,0.36118504
Operations Manager,0.3969838
Operations Manager,0.43310496
Operations Manager,0.4151921
PMO,0.3521886
PMO,0.3477348
PMO,0.39294192
Public Relations,0.36964425
Public Relations,0.41375515
Public Relations,0.27432013
Python Developer,0.4229499
Python Developer,0.26755005
Python Developer,0.3588572
React Developer,0.33178738
React Developer,0.35098884
React Developer,0.3996299
SAP Developer,0.3311154
SAP Developer,0.4448266
SAP Developer,0.3861234
SQL Developer,0.29803655
SQL Developer,0.38220987
SQL Developer,0.3404001
Sales,0.35695368
Sales,0.47391623
Sales,0.4377255
Testing,0.25618133
Testing,0.24075203
Testing,0.24061055
Web Designing,0.37073362
Web Designing,0.30788746
Web Designing,0.29522124
Accountant,0.34250754
Accountant,0.4592757
Accountant,0.3886095
Advocate,0.33561626
Advocate,0.4227907
Advocate,0.35198283
Agriculture,0.30040073
Agriculture,0.41829875
Agriculture,0.2788332
Apparel,0.3383688
Apparel,0.40868488
Apparel,0.3967222
Architecture,0.36025506
Architecture,0.29042986
Architecture,0.34199363
Arts,0.27249444
Arts,0.2782038
Arts,0.1978543
Automobile,0.3480395
Automobile,0.3074044
Automobile,0.37059534
Aviation,0.26887113
Aviation,0.2638781
Aviation,0.3148316
BPO,0.42044446
BPO,0.36203995
BPO,0.42522022
Banking,0.40204972
Banking,0.35182345
Banking,0.36712798
Blockchain,0.29315388
Blockchain,0.41463256
Blockchain,0.28348628
Building and Construction,0.3839013
Building and Construction,0.3383532
Building and Construction,0.3405225
Business Analyst,0.39182708
Business Analyst,0.40784165
Business Analyst,0.36971653
Civil Engineer,0.3561994
Civil Engineer,0.20627193
Civil Engineer,0.24617748
Consultant,0.24158996
Consultant,0.41569507
Consultant,0.45368233
Data Science,0.28475407
Data Science,0.32558715
Data Science,0.2962696
Database,0.35104877
Database,0.33850166
Database,0.32575095
Designing,0.25608507
Designing,0.26818395
Designing,0.38869014
DevOps,0.26669472
DevOps,0.3745179
DevOps,0.36485183
Digital Media,0.37812057
Digital Media,0.42812032
Digital Media,0.4591574
DotNet Developer,0.3515893
DotNet Developer,0.35929367
DotNet Developer,0.31137136
ETL Developer,0.357183
ETL Developer,0.3477166
ETL Developer,0.36646968
Education,0.24678802
Education,0.21804927
Education,0.21243624
Electrical Engineering,0.31302497
Electrical Engineering,0.2737089
Electrical Engineering,0.35035214
Finance,0.40544415
Finance,0.41472095
Finance,0.38002133
Food and Beverages,0.31687778
Food and Beverages,0.3689284
Food and Beverages,0.32945365
Health and Fitness,0.2663008
Health and Fitness,0.32892123
Health and Fitness,0.2606781
Human Resources,0.3816207
Human Resources,0.28853643
Human Resources,0.39413455
Information Technology,0.42322904
Information Technology,0.46479714
Information Technology,0.44386002
Java Developer,0.33499327
Java Developer,0.27960265
Java Developer,0.321953
Management,0.41925824
Management,0.34278238
Management,0.35258937
Mechanical Engineer,0.2889442
Mechanical Engineer,0.36254907
Mechanical Engineer,0.36722836
Network Security Engineer,0.28883773
Network Security Engineer,0.39166534
Network Security Engineer,0.39759824
Operations Manager,0.41429695
Operations Manager,0.40740573
Operations Manager,0.4724159
PMO,0.35739672
PMO,0.36660135
PMO,0.41907185
Public Relations,0.38134825
Public Relations,0.3932678
Public Relations,0.2704992
Python Developer,0.3721196
Python Developer,0.22559747
Python Developer,0.32956192
React Developer,0.36710584
React Developer,0.3123092
React Developer,0.3863664
SAP Developer,0.3401293
SAP Developer,0.45931855
SAP Developer,0.38581452
SQL Developer,0.27837658
SQL Developer,0.36206692
SQL Developer,0.35171035
Sales,0.40492442
Sales,0.4496923
Sales,0.39546078
Testing,0.27791122
Testing,0.25248945
Testing,0.26250494
Web Designing,0.34729144
Web Designing,0.3447339
Web Designing,0.31477964
Accountant,0.3040715
Accountant,0.40748462
Accountant,0.3261572
Advocate,0.32732105
Advocate,0.39647388
Advocate,0.35413152
Agriculture,0.3271486
Agriculture,0.37163714
Agriculture,0.27890453
Apparel,0.31399313
Apparel,0.3657716
Apparel,0.34162498
Architecture,0.28364658
Architecture,0.33053413
Architecture,0.36799452
Arts,0.2941316
Arts,0.3383529
Arts,0.26183042
Automobile,0.29541138
Automobile,0.3381067
Automobile,0.3898591
Aviation,0.30233297
Aviation,0.25317067
Aviation,0.3359977
BPO,0.31629258
BPO,0.339943
BPO,0.36600798
Banking,0.33875754
Banking,0.34894413
Banking,0.38175026
Blockchain,0.2691856
Blockchain,0.3963978
Blockchain,0.2722891
Building and Construction,0.3574827
Building and Construction,0.3639446
Building and Construction,0.32097867
Business Analyst,0.34673324
Business Analyst,0.36576703
Business Analyst,0.34794775
Civil Engineer,0.34767628
Civil Engineer,0.24944927
Civil Engineer,0.30378145
Consultant,0.236122
Consultant,0.30572408
Consultant,0.40043464
Data Science,0.33256972
Data Science,0.3358723
Data Science,0.3028672
Database,0.31679776
Database,0.328214
Database,0.32036367
Designing,0.25940758
Designing,0.2626468
Designing,0.33547577
DevOps,0.26520523
DevOps,0.3555609
DevOps,0.34014946
Digital Media,0.28411016
Digital Media,0.35810432
Digital Media,0.3401726
DotNet Developer,0.30908918
DotNet Developer,0.27400807
DotNet Developer,0.31937224
ETL Developer,0.260699
ETL Developer,0.29251775
ETL Developer,0.3734309
Education,0.3042534
Education,0.28128466
Education,0.2765921
Electrical Engineering,0.34385931
Electrical Engineering,0.27307087
Electrical Engineering,0.36474097
Finance,0.38020274
Finance,0.3690581
Finance,0.37180197
Food and Beverages,0.32368922
Food and Beverages,0.36547023
Food and Beverages,0.3680235
Health and Fitness,0.3436165
Health and Fitness,0.3284001
Health and Fitness,0.25377384
Human Resources,0.3905763
Human Resources,0.28685555
Human Resources,0.3986755
Information Technology,0.3626737
Information Technology,0.3862771
Information Technology,0.38897696
Java Developer,0.29398862
Java Developer,0.263154
Java Developer,0.3094758
Management,0.34439403
Management,0.2873264
Management,0.30616465
Mechanical Engineer,0.30779535
Mechanical Engineer,0.34241545
Mechanical Engineer,0.34334534
Network Security Engineer,0.2756804
Network Security Engineer,0.36035365
Network Security Engineer,0.3292759
Operations Manager,0.32698193
Operations Manager,0.40008482
Operations Manager,0.3913778
PMO,0.326065
PMO,0.39383376
PMO,0.3634288
Public Relations,0.33329785
Public Relations,0.34840918
Public Relations,0.27555764
Python Developer,0.296809
Python Developer,0.22437783
Python Developer,0.31959057
React Developer,0.29837695
React Developer,0.31844795
React Developer,0.42082664
SAP Developer,0.3141404
SAP Developer,0.38320187
SAP Developer,0.3192393
SQL Developer,0.2870265
SQL Developer,0.32680812
SQL Developer,0.33388114
Sales,0.38158247
Sales,0.33354676
Sales,0.33108184
Testing,0.2950762
Testing,0.26938495
Testing,0.27290013
Web Designing,0.32948402
Web Designing,0.3085874
Web Designing,0.2889687
Accountant,0.38824758
Accountant,0.37492347
Accountant,0.3384356
Advocate,0.46182233
Advocate,0.35561275
Advocate,0.36761087
Agriculture,0.18122122
Agriculture,0.32678273
Agriculture,0.28209275
Apparel,0.34562558
Apparel,0.3504778
Apparel,0.23704381
Architecture,0.33059186
Architecture,0.2236689
Architecture,0.35286725
Arts,0.20780888
Arts,0.30021536
Arts,0.20401774
Automobile,0.28631037
Automobile,0.30884245
Automobile,0.42546198
Aviation,0.34848613
Aviation,0.22821644
Aviation,0.2544293
BPO,0.18633363
BPO,0.21932761
BPO,0.37767747
Banking,0.33539015
Banking,0.18262565
Banking,0.5041016
Blockchain,0.18876353
Blockchain,0.32375008
Blockchain,0.15707447
Building and Construction,0.31110412
Building and Construction,0.26142696
Building and Construction,0.31768012
Business Analyst,0.35118556
Business Analyst,0.22797066
Business Analyst,0.19108047
Civil Engineer,0.4118576
Civil Engineer,0.3539338
Civil Engineer,0.28963178
Consultant,0.30599138
Consultant,0.2811906
Consultant,0.28094915
Data Science,0.27565128
Data Science,0.29536438
Data Science,0.34038752
Database,0.32797474
Database,0.33973682
Database,0.34600514
Designing,0.20930688
Designing,0.23736396
Designing,0.27949685
DevOps,0.22217995
DevOps,0.26788887
DevOps,0.29129696
Digital Media,0.27341747
Digital Media,0.27006987
Digital Media,0.27305287
DotNet Developer,0.2940731
DotNet Developer,0.3519985
DotNet Developer,0.28181463
ETL Developer,0.25558108
ETL Developer,0.2795676
ETL Developer,0.3152842
Education,0.2402235
Education,0.30448627
Education,0.2600553
Electrical Engineering,0.3190027
Electrical Engineering,0.31357914
Electrical Engineering,0.3406781
Finance,0.3256442
Finance,0.31747228
Finance,0.21565622
Food and Beverages,0.32005563
Food and Beverages,0.31053233
Food and Beverages,0.36547542
Health and Fitness,0.33162308
Health and Fitness,0.3341484
Health and Fitness,0.28526503
Human Resources,0.45552698
Human Resources,0.4060163
Human Resources,0.46599042
Information Technology,0.31782496
Information Technology,0.24739963
Information Technology,0.37193522
Java Developer,0.28000814
Java Developer,0.2798885
Java Developer,0.26949555
Management,0.32766953
Management,0.25878626
Management,0.43249202
Mechanical Engineer,0.33596492
Mechanical Engineer,0.30663192
Mechanical Engineer,0.2847389
Network Security Engineer,0.22122376
Network Security Engineer,0.2440819
Network Security Engineer,0.28275508
Operations Manager,0.33490983
Operations Manager,0.32875013
Operations Manager,0.3894733
PMO,0.23363794
PMO,0.2890066
PMO,0.26077163
Public Relations,0.31535816
Public Relations,0.37070486
Public Relations,0.34731728
Python Developer,0.2816008
Python Developer,0.17806615
Python Developer,0.23177546
React Developer,0.24415854
React Developer,0.2176563
React Developer,0.39517003
SAP Developer,0.3181397
SAP Developer,0.34395534
SAP Developer,0.29338726
SQL Developer,0.2852276
SQL Developer,0.32730126
SQL Developer,0.27883506
Sales,0.39822942
Sales,0.16225938
Sales,0.33129144
Testing,0.42779735
Testing,0.44395694
Testing,0.41518053
Web Designing,0.2332887
Web Designing,0.21090406
Web Designing,0.22515988
Accountant,0.3421117
Accountant,0.45537677
Accountant,0.3603028
Advocate,0.39271018
Advocate,0.46230403
Advocate,0.41524783
Agriculture,0.30372733
Agriculture,0.399828
Agriculture,0.29522744
Apparel,0.3639069
Apparel,0.37398708
Apparel,0.38261732
Architecture,0.34643096
Architecture,0.29838946
Architecture,0.38662514
Arts,0.28180692
Arts,0.36493403
Arts,0.28061044
Automobile,0.37154517
Automobile,0.34210956
Automobile,0.429915
Aviation,0.33995292
Aviation,0.27591327
Aviation,0.37882072
BPO,0.3478536
BPO,0.34201646
BPO,0.42121238
Banking,0.41012508
Banking,0.36319962
Banking,0.4132712
Blockchain,0.27678046
Blockchain,0.39514503
Blockchain,0.24108295
Building and Construction,0.40783754
Building and Construction,0.39350724
Building and Construction,0.33391234
Business Analyst,0.38351515
Business Analyst,0.39062965
Business Analyst,0.36010596
Civil Engineer,0.41024768
Civil Engineer,0.24958396
Civil Engineer,0.2832599
Consultant,0.28711963
Consultant,0.3532921
Consultant,0.40832788
Data Science,0.35037422
Data Science,0.36930072
Data Science,0.3706785
Database,0.3640972
Database,0.36931098
Database,0.32373908
Designing,0.23864457
Designing,0.27463338
Designing,0.3258059
DevOps,0.28175807
DevOps,0.35834807
DevOps,0.39183974
Digital Media,0.29370287
Digital Media,0.34832743
Digital Media,0.35548264
DotNet Developer,0.3123498
DotNet Developer,0.30967695
DotNet Developer,0.34926626
ETL Developer,0.29910925
ETL Developer,0.2999016
ETL Developer,0.3929394
Education,0.35185438
Education,0.29459974
Education,0.30178928
Electrical Engineering,0.4066961
Electrical Engineering,0.31088546
Electrical Engineering,0.41540572
Finance,0.43203208
Finance,0.36259407
Finance,0.38106167
Food and Beverages,0.35807815
Food and Beverages,0.3767659
Food and Beverages,0.37106723
Health and Fitness,0.36114556
Health and Fitness,0.3898524
Health and Fitness,0.3145443
Human Resources,0.42520848
Human Resources,0.32005206
Human Resources,0.43741673
Information Technology,0.39121267
Information Technology,0.39134637
Information Technology,0.4064616
Java Developer,0.33330438
Java Developer,0.26898718
Java Developer,0.3193805
Management,0.39074188
Management,0.3483516
Management,0.29708695
Mechanical Engineer,0.31872514
Mechanical Engineer,0.36780867
Mechanical Engineer,0.38485998
Network Security Engineer,0.29483354
Network Security Engineer,0.39649248
Network Security Engineer,0.36397672
Operations Manager,0.38417307
Operations Manager,0.43265727
Operations Manager,0.44930008
PMO,0.33641425
PMO,0.36505827
PMO,0.37339985
Public Relations,0.3245774
Public Relations,0.4277771
Public Relations,0.33028394
Python Developer,0.335424
Python Developer,0.2519456
Python Developer,0.31827068
React Developer,0.28870568
React Developer,0.30753547
React Developer,0.47913036
SAP Developer,0.3497277
SAP Developer,0.4126696
SAP Developer,0.35674
SQL Developer,0.29772282
SQL Developer,0.34804714
SQL Developer,0.3399788
Sales,0.4374609
Sales,0.33198017
Sales,0.35662833
Testing,0.36667693
Testing,0.37612906
Testing,0.34366778
Web Designing,0.3489539
Web Designing,0.3387221
Web Designing,0.2962141
Accountant,0.31964475
Accountant,0.39082342
Accountant,0.33523646
Advocate,0.41724008
Advocate,0.4371199
Advocate,0.42751282
Agriculture,0.28935513
Agriculture,0.3523769
Agriculture,0.23166253
Apparel,0.33381683
Apparel,0.3028374
Apparel,0.34494114
Architecture,0.33790517
Architecture,0.31604564
Architecture,0.38047674
Arts,0.24941872
Arts,0.39328352
Arts,0.28613788
Automobile,0.3147815
Automobile,0.25520992
Automobile,0.35907197
Aviation,0.3214167
Aviation,0.23005612
Aviation,0.34855038
BPO,0.25129914
BPO,0.28517452
BPO,0.372458
Banking,0.3608116
Banking,0.2868
Banking,0.43405762
Blockchain,0.2550731
Blockchain,0.31447226
Blockchain,0.19344683
Building and Construction,0.33483696
Building and Construction,0.33060762
Building and Construction,0.3092356
Business Analyst,0.33438247
Business Analyst,0.32119703
Business Analyst,0.33421507
Civil Engineer,0.40050226
Civil Engineer,0.2785112
Civil Engineer,0.2592491
Consultant,0.3216457
Consultant,0.31186163
Consultant,0.3769399
Data Science,0.36646733
Data Science,0.3500607
Data Science,0.36280942
Database,0.34072414
Database,0.2822953
Database,0.27701226
Designing,0.21018642
Designing,0.21360365
Designing,0.25392607
DevOps,0.24872746
DevOps,0.28474483
DevOps,0.37031844
Digital Media,0.29874966
Digital Media,0.34484315
Digital Media,0.34281623
DotNet Developer,0.28523633
DotNet Developer,0.36326438
DotNet Developer,0.35022643
ETL Developer,0.22621438
ETL Developer,0.2620421
ETL Developer,0.33643374
Education,0.33164835
Education,0.2698227
Education,0.2741663
Electrical Engineering,0.3260325
Electrical Engineering,0.24909323
Electrical Engineering,0.38005015
Finance,0.34886676
Finance,0.30210298
Finance,0.37631708
Food and Beverages,0.31151932
Food and Beverages,0.31613326
Food and Beverages,0.3440894
Health and Fitness,0.37510416
Health and Fitness,0.3915024
Health and Fitness,0.3593583
Human Resources,0.3990627
Human Resources,0.32268476
Human Resources,0.37826845
Information Technology,0.37367642
Information Technology,0.3302414
Information Technology,0.34037086
Java Developer,0.27494615
Java Developer,0.21177188
Java Developer,0.25733274
Management,0.3303087
Management,0.30245435
Management,0.28918445
Mechanical Engineer,0.25907874
Mechanical Engineer,0.3129055
Mechanical Engineer,0.29533827
Network Security Engineer,0.2517653
Network Security Engineer,0.33109224
Network Security Engineer,0.36972374
Operations Manager,0.35220733
Operations Manager,0.3474958
Operations Manager,0.39623106
PMO,0.34317204
PMO,0.35698286
PMO,0.35469007
Public Relations,0.3637486
Public Relations,0.44333592
Public Relations,0.3952508
Python Developer,0.2986273
Python Developer,0.2406673
Python Developer,0.27308416
React Developer,0.23952919
React Developer,0.28147787
React Developer,0.42370832
SAP Developer,0.3100597
SAP Developer,0.41362587
SAP Developer,0.31274855
SQL Developer,0.25845814
SQL Developer,0.33680695
SQL Developer,0.30115676
Sales,0.41292733
Sales,0.29825303
Sales,0.37485
Testing,0.40241858
Testing,0.37237248
Testing,0.33975777
Web Designing,0.33388546
Web Designing,0.27493376
Web Designing,0.26365158
Accountant,0.295497
Accountant,0.43754464
Accountant,0.3340162
Advocate,0.34810546
Advocate,0.4211222
Advocate,0.34380588
Agriculture,0.28662178
Agriculture,0.37056792
Agriculture,0.25709447
Apparel,0.3213563
Apparel,0.36218393
Apparel,0.38317975
Architecture,0.35682973
Architecture,0.27557033
Architecture,0.35579565
Arts,0.28197384
Arts,0.34831393
Arts,0.28550407
Automobile,0.3346334
Automobile,0.34165677
Automobile,0.3966687
Aviation,0.32450223
Aviation,0.2710655
Aviation,0.333295
BPO,0.34841794
BPO,0.31825623
BPO,0.39788324
Banking,0.37719357
Banking,0.33200565
Banking,0.35722417
Blockchain,0.28992042
Blockchain,0.3980835
Blockchain,0.28994855
Building and Construction,0.37892377
Building and Construction,0.3522368
Building and Construction,0.29128236
Business Analyst,0.3659491
Business Analyst,0.35836795
Business Analyst,0.35148507
Civil Engineer,0.3792413
Civil Engineer,0.253512
Civil Engineer,0.250289
Consultant,0.257178
Consultant,0.37026903
Consultant,0.40319085
Data Science,0.36975318
Data Science,0.3695845
Data Science,0.30079022
Database,0.37159404
Database,0.3742284
Database,0.31839016
Designing,0.2671884
Designing,0.26008657
Designing,0.31157944
DevOps,0.29502222
DevOps,0.36067572
DevOps,0.3995984
Digital Media,0.3052831
Digital Media,0.39446315
Digital Media,0.39439976
DotNet Developer,0.33666623
DotNet Developer,0.31480658
DotNet Developer,0.37150964
ETL Developer,0.30460826
ETL Developer,0.27560702
ETL Developer,0.38173586
Education,0.34262642
Education,0.30684748
Education,0.32373533
Electrical Engineering,0.36826456
Electrical Engineering,0.29332426
Electrical Engineering,0.38424876
Finance,0.38429552
Finance,0.32293776
Finance,0.3528485
Food and Beverages,0.32205242
Food and Beverages,0.3556365
Food and Beverages,0.37209466
Health and Fitness,0.3336507
Health and Fitness,0.37212583
Health and Fitness,0.30572444
Human Resources,0.3838446
Human Resources,0.2762277
Human Resources,0.3606392
Information Technology,0.38694584
Information Technology,0.39176258
Information Technology,0.42095825
Java Developer,0.3419111
Java Developer,0.295928
Java Developer,0.33311823
Management,0.36886853
Management,0.3120788
Management,0.2978393
Mechanical Engineer,0.29333135
Mechanical Engineer,0.3539841
Mechanical Engineer,0.37285838
Network Security Engineer,0.3120632
Network Security Engineer,0.40172035
Network Security Engineer,0.3562002
Operations Manager,0.36961183
Operations Manager,0.41119948
Operations Manager,0.4253557
PMO,0.32336855
PMO,0.3394374
PMO,0.38402566
Public Relations,0.34124374
Public Relations,0.42735314
Public Relations,0.31507382
Python Developer,0.3716947
Python Developer,0.27799803
Python Developer,0.35841933
React Developer,0.31020442
React Developer,0.32190377
React Developer,0.4276546
SAP Developer,0.35220918
SAP Developer,0.39137444
SAP Developer,0.35070086
SQL Developer,0.30080146
SQL Developer,0.34344262
SQL Developer,0.32640287
Sales,0.41299853
Sales,0.3444831
Sales,0.34275752
Testing,0.30442035
Testing,0.29789916
Testing,0.28113812
Web Designing,0.3561996
Web Designing,0.33752903
Web Designing,0.3155487
Accountant,0.32459426
Accountant,0.48578006
Accountant,0.3845668
Advocate,0.31036636
Advocate,0.3885603
Advocate,0.32292476
Agriculture,0.2802369
Agriculture,0.37407914
Agriculture,0.27425823
Apparel,0.3688115
Apparel,0.41588396
Apparel,0.38861752
Architecture,0.3387317
Architecture,0.32462955
Architecture,0.37576407
Arts,0.28864536
Arts,0.30047113
Arts,0.23013236
Automobile,0.3339583
Automobile,0.34128284
Automobile,0.37836242
Aviation,0.30292755
Aviation,0.26400134
Aviation,0.3054705
BPO,0.39468423
BPO,0.35740656
BPO,0.4157844
Banking,0.40201765
Banking,0.36054298
Banking,0.36906895
Blockchain,0.29799646
Blockchain,0.4105862
Blockchain,0.29303244
Building and Construction,0.39191213
Building and Construction,0.35965425
Building and Construction,0.37223262
Business Analyst,0.38238734
Business Analyst,0.3579824
Business Analyst,0.34296837
Civil Engineer,0.36080176
Civil Engineer,0.26790252
Civil Engineer,0.2893062
Consultant,0.19519097
Consultant,0.36539343
Consultant,0.41224447
Data Science,0.2647758
Data Science,0.34680283
Data Science,0.30776465
Database,0.3460468
Database,0.3268659
Database,0.3361334
Designing,0.25937682
Designing,0.26691014
Designing,0.39111558
DevOps,0.27755132
DevOps,0.3688749
DevOps,0.34153625
Digital Media,0.3190583
Digital Media,0.3852783
Digital Media,0.40669197
DotNet Developer,0.311881
DotNet Developer,0.36793146
DotNet Developer,0.31678525
ETL Developer,0.31989202
ETL Developer,0.30302984
ETL Developer,0.3503304
Education,0.2590814
Education,0.23022884
Education,0.23909569
Electrical Engineering,0.3452174
Electrical Engineering,0.2899857
Electrical Engineering,0.36914295
Finance,0.36740735
Finance,0.3631374
Finance,0.36543658
Food and Beverages,0.3175417
Food and Beverages,0.36049098
Food and Beverages,0.3429378
Health and Fitness,0.28258127
Health and Fitness,0.34004351
Health and Fitness,0.258729
Human Resources,0.3839862
Human Resources,0.3019278
Human Resources,0.37510407
Information Technology,0.3617743
Information Technology,0.410778
Information Technology,0.4052655
Java Developer,0.3294186
Java Developer,0.26833296
Java Developer,0.31269854
Management,0.38803256
Management,0.30867246
Management,0.31234863
Mechanical Engineer,0.3122433
Mechanical Engineer,0.34705967
Mechanical Engineer,0.38190892
Network Security Engineer,0.26687235
Network Security Engineer,0.36339462
Network Security Engineer,0.35192242
Operations Manager,0.39952105
Operations Manager,0.4021153
Operations Manager,0.42202574
PMO,0.31746697
PMO,0.34226128
PMO,0.3822347
Public Relations,0.34732834
Public Relations,0.42571595
Public Relations,0.28163525
Python Developer,0.36389357
Python Developer,0.24685654
Python Developer,0.3187229
React Developer,0.33834204
React Developer,0.31771794
React Developer,0.40142888
SAP Developer,0.31786352
SAP Developer,0.4110144
SAP Developer,0.357818
SQL Developer,0.285902
SQL Developer,0.37022072
SQL Developer,0.33854148
Sales,0.38379544
Sales,0.40868923
Sales,0.39062622
Testing,0.2676829
Testing,0.26265833
Testing,0.25354353
Web Designing,0.34325862
Web Designing,0.3178583
Web Designing,0.32043916
Accountant,0.45685682
Accountant,0.5537284
Accountant,0.52688223
Advocate,0.37098038
Advocate,0.4243556
Advocate,0.44068494
Agriculture,0.29968524
Agriculture,0.44814923
Agriculture,0.26755995
Apparel,0.45117176
Apparel,0.42387742
Apparel,0.38537046
Architecture,0.40949446
Architecture,0.26358142
Architecture,0.3501125
Arts,0.29844266
Arts,0.3306836
Arts,0.18986817
Automobile,0.40157
Automobile,0.33654398
Automobile,0.41295457
Aviation,0.35075215
Aviation,0.3399959
Aviation,0.36246836
BPO,0.36921498
BPO,0.3555562
BPO,0.47024852
Banking,0.45601195
Banking,0.40908483
Banking,0.49073187
Blockchain,0.2983377
Blockchain,0.44775566
Blockchain,0.3019718
Building and Construction,0.45901242
Building and Construction,0.40158913
Building and Construction,0.36348748
Business Analyst,0.50105006
Business Analyst,0.4351296
Business Analyst,0.38002664
Civil Engineer,0.42530143
Civil Engineer,0.23868853
Civil Engineer,0.28788167
Consultant,0.22807847
Consultant,0.38716182
Consultant,0.5391914
Data Science,0.3149861
Data Science,0.3449203
Data Science,0.3590937
Database,0.38246304
Database,0.39084888
Database,0.3915164
Designing,0.20198414
Designing,0.24966517
Designing,0.4036626
DevOps,0.30430567
DevOps,0.42380753
DevOps,0.3697543
Digital Media,0.26113898
Digital Media,0.40571713
Digital Media,0.43038487
DotNet Developer,0.35208017
DotNet Developer,0.37751308
DotNet Developer,0.3801845
ETL Developer,0.3901957
ETL Developer,0.3960022
ETL Developer,0.42889592
Education,0.31680852
Education,0.23141748
Education,0.21295756
Electrical Engineering,0.41178927
Electrical Engineering,0.29967403
Electrical Engineering,0.41399872
Finance,0.49638692
Finance,0.44320863
Finance,0.49923655
Food and Beverages,0.39359513
Food and Beverages,0.38401526
Food and Beverages,0.33333766
Health and Fitness,0.31072068
Health and Fitness,0.32971454
Health and Fitness,0.26354003
Human Resources,0.45546722
Human Resources,0.32245514
Human Resources,0.46208116
Information Technology,0.4239533
Information Technology,0.44108427
Information Technology,0.432115
Java Developer,0.35629076
Java Developer,0.2881085
Java Developer,0.33861905
Management,0.4511085
Management,0.42884374
Management,0.35268664
Mechanical Engineer,0.314941
Mechanical Engineer,0.41353557
Mechanical Engineer,0.39096716
Network Security Engineer,0.27511466
Network Security Engineer,0.3860878
Network Security Engineer,0.43254253
Operations Manager,0.42356035
Operations Manager,0.44710478
Operations Manager,0.49700615
PMO,0.43089673
PMO,0.40241095
PMO,0.47744077
Public Relations,0.32608318
Public Relations,0.4363146
Public Relations,0.26231545
Python Developer,0.32586527
Python Developer,0.2756205
Python Developer,0.3203822
React Developer,0.32977363
React Developer,0.3569221
React Developer,0.42904472
SAP Developer,0.37545168
SAP Developer,0.47316697
SAP Developer,0.43028665
SQL Developer,0.36188024
SQL Developer,0.43570313
SQL Developer,0.41928557
Sales,0.45239535
Sales,0.40479738
Sales,0.38500774
Testing,0.34605274
Testing,0.2999997
Testing,0.3223097
Web Designing,0.36836225
Web Designing,0.37849632
Web Designing,0.22853388
Accountant,0.3478947
Accountant,0.52992624
Accountant,0.45083457
Advocate,0.3495815
Advocate,0.4244088
Advocate,0.33993012
Agriculture,0.33024895
Agriculture,0.3471883
Agriculture,0.36179605
Apparel,0.37694767
Apparel,0.4121598
Apparel,0.39868215
Architecture,0.31161073
Architecture,0.38796827
Architecture,0.43405917
Arts,0.34678948
Arts,0.35676083
Arts,0.26873162
Automobile,0.3526283
Automobile,0.3737692
Automobile,0.40069368
Aviation,0.33083388
Aviation,0.24403217
Aviation,0.36471114
BPO,0.41999075
BPO,0.41914743
BPO,0.4066273
Banking,0.40103188
Banking,0.4062791
Banking,0.3870754
Blockchain,0.37750748
Blockchain,0.4339943
Blockchain,0.2926981
Building and Construction,0.35041362
Building and Construction,0.41407117
Building and Construction,0.3579702
Business Analyst,0.36442074
Business Analyst,0.39958966
Business Analyst,0.36953947
Civil Engineer,0.4041353
Civil Engineer,0.2863311
Civil Engineer,0.3070286
Consultant,0.27336323
Consultant,0.34654972
Consultant,0.4549251
Data Science,0.31170923
Data Science,0.4279006
Data Science,0.3202586
Database,0.3300214
Database,0.3504864
Database,0.36096236
Designing,0.23024297
Designing,0.34614617
Designing,0.38693997
DevOps,0.33128807
DevOps,0.3683526
DevOps,0.3631303
Digital Media,0.31072167
Digital Media,0.38176623
Digital Media,0.36614227
DotNet Developer,0.3389653
DotNet Developer,0.311808
DotNet Developer,0.32560626
ETL Developer,0.2798053
ETL Developer,0.29408073
ETL Developer,0.35525995
Education,0.36732492
Education,0.30073175
Education,0.34888414
Electrical Engineering,0.38574356
Electrical Engineering,0.3491355
Electrical Engineering,0.40460396
Finance,0.38964996
Finance,0.3890079
Finance,0.39224774
Food and Beverages,0.32069027
Food and Beverages,0.40888125
Food and Beverages,0.39598083
Health and Fitness,0.3725675
Health and Fitness,0.34834334
Health and Fitness,0.29249153
Human Resources,0.39767888
Human Resources,0.33336553
Human Resources,0.37566108
Information Technology,0.36556378
Information Technology,0.39206704
Information Technology,0.39653933
Java Developer,0.32269555
Java Developer,0.2595464
Java Developer,0.30910376
Management,0.40368703
Management,0.33688375
Management,0.29429168
Mechanical Engineer,0.34386647
Mechanical Engineer,0.34441388
Mechanical Engineer,0.41139132
Network Security Engineer,0.32832795
Network Security Engineer,0.38029274
Network Security Engineer,0.3408865
Operations Manager,0.3603205
Operations Manager,0.44636765
Operations Manager,0.40443394
PMO,0.31908908
PMO,0.34577358
PMO,0.37579617
Public Relations,0.3568967
Public Relations,0.44308597
Public Relations,0.29566354
Python Developer,0.33630773
Python Developer,0.27105078
Python Developer,0.3431916
React Developer,0.29971918
React Developer,0.34624878
React Developer,0.4483393
SAP Developer,0.31198254
SAP Developer,0.42485753
SAP Developer,0.38029614
SQL Developer,0.3117422
SQL Developer,0.3639386
SQL Developer,0.392108
Sales,0.40615538
Sales,0.39945573
Sales,0.40413702
Testing,0.30799696
Testing,0.29228264
Testing,0.28192002
Web Designing,0.3413331
Web Designing,0.28246894
Web Designing,0.3531464
Accountant,0.35936722
Accountant,0.45253024
Accountant,0.40772927
Advocate,0.32315898
Advocate,0.3949242
Advocate,0.3625742
Agriculture,0.29544088
Agriculture,0.403126
Agriculture,0.32383516
Apparel,0.3884955
Apparel,0.4179784
Apparel,0.4261913
Architecture,0.33725828
Architecture,0.29607514
Architecture,0.34140265
Arts,0.24625485
Arts,0.27712607
Arts,0.21001162
Automobile,0.32563198
Automobile,0.34806806
Automobile,0.36385164
Aviation,0.30578554
Aviation,0.2985083
Aviation,0.33982724
BPO,0.42473435
BPO,0.41804856
BPO,0.4365036
Banking,0.40916908
Banking,0.37894467
Banking,0.39407524
Blockchain,0.2586733
Blockchain,0.42625818
Blockchain,0.28869495
Building and Construction,0.42938367
Building and Construction,0.35114524
Building and Construction,0.35024357
Business Analyst,0.39500177
Business Analyst,0.4107777
Business Analyst,0.36690906
Civil Engineer,0.32641774
Civil Engineer,0.2581948
Civil Engineer,0.27975377
Consultant,0.1982624
Consultant,0.379713
Consultant,0.45387375
Data Science,0.2701293
Data Science,0.36611483
Data Science,0.32939824
Database,0.33313027
Database,0.32300746
Database,0.35999006
Designing,0.26527107
Designing,0.28201106
Designing,0.3811091
DevOps,0.28367028
DevOps,0.3719188
DevOps,0.35964817
Digital Media,0.3037012
Digital Media,0.3852074
Digital Media,0.4290845
DotNet Developer,0.32984152
DotNet Developer,0.382808
DotNet Developer,0.29147866
ETL Developer,0.34318253
ETL Developer,0.3606781
ETL Developer,0.39086023
Education,0.25525618
Education,0.2324263
Education,0.20878081
Electrical Engineering,0.3400105
Electrical Engineering,0.29598248
Electrical Engineering,0.3604385
Finance,0.41564262
Finance,0.40733504
Finance,0.40307885
Food and Beverages,0.33782458
Food and Beverages,0.37718803
Food and Beverages,0.34958902
Health and Fitness,0.28899223
Health and Fitness,0.31613484
Health and Fitness,0.23314837
Human Resources,0.39565277
Human Resources,0.33588064
Human Resources,0.38915098
Information Technology,0.38607675
Information Technology,0.4245585
Information Technology,0.45482048
Java Developer,0.34286508
Java Developer,0.27700874
Java Developer,0.34220383
Management,0.42646784
Management,0.32904428
Management,0.38240176
Mechanical Engineer,0.3097287
Mechanical Engineer,0.3632391
Mechanical Engineer,0.39687157
Network Security Engineer,0.305556
Network Security Engineer,0.35723642
Network Security Engineer,0.39167503
Operations Manager,0.39477256
Operations Manager,0.4200118
Operations Manager,0.45942566
PMO,0.38383487
PMO,0.39004105
PMO,0.42666015
Public Relations,0.35094416
Public Relations,0.3814533
Public Relations,0.26570308
Python Developer,0.35262725
Python Developer,0.2273749
Python Developer,0.33024225
React Developer,0.2977988
React Developer,0.3302467
React Developer,0.38074937
SAP Developer,0.36357367
SAP Developer,0.42248708
SAP Developer,0.38792652
SQL Developer,0.2940511
SQL Developer,0.40374446
SQL Developer,0.36398858
Sales,0.3848874
Sales,0.4587305
Sales,0.43248877
Testing,0.2651744
Testing,0.2356583
Testing,0.26277223
Web Designing,0.35077226
Web Designing,0.31286004
Web Designing,0.2806573
Accountant,0.28882888
Accountant,0.3728634
Accountant,0.2960551
Advocate,0.2907147
Advocate,0.3582515
Advocate,0.30840883
Agriculture,0.2640031
Agriculture,0.34969077
Agriculture,0.21574274
Apparel,0.29913583
Apparel,0.36191323
Apparel,0.3376667
Architecture,0.30694777
Architecture,0.2642183
Architecture,0.31136155
Arts,0.2321968
Arts,0.31918928
Arts,0.22095744
Automobile,0.264832
Automobile,0.29748437
Automobile,0.3501949
Aviation,0.28577596
Aviation,0.2071389
Aviation,0.31622502
BPO,0.2926265
BPO,0.28405416
BPO,0.38072816
Banking,0.32960737
Banking,0.34928897
Banking,0.33422515
Blockchain,0.27656385
Blockchain,0.36590722
Blockchain,0.28194723
Building and Construction,0.3249085
Building and Construction,0.31788528
Building and Construction,0.28939447
Business Analyst,0.328679
Business Analyst,0.3504838
Business Analyst,0.36089015
Civil Engineer,0.334567
Civil Engineer,0.2270145
Civil Engineer,0.25484878
Consultant,0.23202424
Consultant,0.3114094
Consultant,0.37753892
Data Science,0.3177141
Data Science,0.29761305
Data Science,0.28541398
Database,0.34616238
Database,0.32280067
Database,0.31222194
Designing,0.28418833
Designing,0.20442902
Designing,0.32372838
DevOps,0.2603803
DevOps,0.3412852
DevOps,0.37681112
Digital Media,0.28169227
Digital Media,0.33969945
Digital Media,0.3439063
DotNet Developer,0.30605152
DotNet Developer,0.3096733
DotNet Developer,0.35407206
ETL Developer,0.3045873
ETL Developer,0.2879018
ETL Developer,0.384791
Education,0.25645763
Education,0.24217753
Education,0.23037356
Electrical Engineering,0.29776788
Electrical Engineering,0.23661444
Electrical Engineering,0.358155
Finance,0.33773416
Finance,0.32060567
Finance,0.35345122
Food and Beverages,0.30261162
Food and Beverages,0.32663032
Food and Beverages,0.31013355
Health and Fitness,0.29026023
Health and Fitness,0.3234938
Health and Fitness,0.26925796
Human Resources,0.3853499
Human Resources,0.27378467
Human Resources,0.3522954
Information Technology,0.3473797
Information Technology,0.38115904
Information Technology,0.37133834
Java Developer,0.31410134
Java Developer,0.2892229
Java Developer,0.34313393
Management,0.32138354
Management,0.28139573
Management,0.289348
Mechanical Engineer,0.27489987
Mechanical Engineer,0.31829932
Mechanical Engineer,0.32329205
Network Security Engineer,0.26846373
Network Security Engineer,0.34905598
Network Security Engineer,0.34729475
Operations Manager,0.28662965
Operations Manager,0.3578661
Operations Manager,0.37559113
PMO,0.31934196
PMO,0.3448244
PMO,0.3543868
Public Relations,0.3205495
Public Relations,0.3561693
Public Relations,0.3059742
Python Developer,0.33906177
Python Developer,0.26714075
Python Developer,0.32604685
React Developer,0.3157202
React Developer,0.32173386
React Developer,0.401587
SAP Developer,0.3278044
SAP Developer,0.3673484
SAP Developer,0.32234257
SQL Developer,0.296933
SQL Developer,0.32505277
SQL Developer,0.30238655
Sales,0.35178208
Sales,0.3220651
Sales,0.34126395
Testing,0.29031205
Testing,0.25593254
Testing,0.2620995
Web Designing,0.34741658
Web Designing,0.306939
Web Designing,0.26746345
Accountant,0.37566337
Accountant,0.42421588
Accountant,0.38860866
Advocate,0.37534457
Advocate,0.40328395
Advocate,0.4092924
Agriculture,0.2820488
Agriculture,0.38149026
Agriculture,0.26049557
Apparel,0.38318115
Apparel,0.3614296
Apparel,0.35477087
Architecture,0.32696962
Architecture,0.31140506
Architecture,0.3791664
Arts,0.29491216
Arts,0.384941
Arts,0.27377364
Automobile,0.3306365
Automobile,0.28324416
Automobile,0.39684597
Aviation,0.31947887
Aviation,0.26098257
Aviation,0.33120248
BPO,0.3152366
BPO,0.3202496
BPO,0.39207715
Banking,0.37671536
Banking,0.3049469
Banking,0.39712867
Blockchain,0.24981743
Blockchain,0.34066993
Blockchain,0.25046432
Building and Construction,0.37314704
Building and Construction,0.3530991
Building and Construction,0.33999857
Business Analyst,0.36667928
Business Analyst,0.3516025
Business Analyst,0.35686305
Civil Engineer,0.44068247
Civil Engineer,0.23716937
Civil Engineer,0.2726903
Consultant,0.26455614
Consultant,0.31996655
Consultant,0.40537217
Data Science,0.36298218
Data Science,0.35763782
Data Science,0.337357
Database,0.34393635
Database,0.33776024
Database,0.29030076
Designing,0.23602626
Designing,0.23497537
Designing,0.32094777
DevOps,0.29010457
DevOps,0.33597353
DevOps,0.37150258
Digital Media,0.30523098
Digital Media,0.3339885
Digital Media,0.36224043
DotNet Developer,0.3091554
DotNet Developer,0.32169428
DotNet Developer,0.36367413
ETL Developer,0.27698877
ETL Developer,0.30675408
ETL Developer,0.36396223
Education,0.31135464
Education,0.28661814
Education,0.26599866
Electrical Engineering,0.3581468
Electrical Engineering,0.28532106
Electrical Engineering,0.38817722
Finance,0.39409035
Finance,0.33823466
Finance,0.40179634
Food and Beverages,0.34509307
Food and Beverages,0.34335575
Food and Beverages,0.35294312
Health and Fitness,0.33029747
Health and Fitness,0.35075223
Health and Fitness,0.3006705
Human Resources,0.4414986
Human Resources,0.30041507
Human Resources,0.3991353
Information Technology,0.3915783
Information Technology,0.35746002
Information Technology,0.38168025
Java Developer,0.29680052
Java Developer,0.26224983
Java Developer,0.3160841
Management,0.38514003
Management,0.3403366
Management,0.28651395
Mechanical Engineer,0.28374648
Mechanical Engineer,0.36038783
Mechanical Engineer,0.32586214
Network Security Engineer,0.26189724
Network Security Engineer,0.33586255
Network Security Engineer,0.35299513
Operations Manager,0.3715741
Operations Manager,0.3756007
Operations Manager,0.42624748
PMO,0.34665808
PMO,0.35954016
PMO,0.38033223
Public Relations,0.36571622
Public Relations,0.42053786
Public Relations,0.3333199
Python Developer,0.30474493
Python Developer,0.2697221
Python Developer,0.2950625
React Developer,0.27745023
React Developer,0.31852362
React Developer,0.44184646
SAP Developer,0.33452818
SAP Developer,0.39609218
SAP Developer,0.35855186
SQL Developer,0.29518044
SQL Developer,0.36032706
SQL Developer,0.3449142
Sales,0.42420575
Sales,0.32161736
Sales,0.34056175
Testing,0.32147208
Testing,0.31651267
Testing,0.28611204
Web Designing,0.32925767
Web Designing,0.32199204
Web Designing,0.2604752
Accountant,0.35129
Accountant,0.49362177
Accountant,0.37436858
Advocate,0.37302408
Advocate,0.45916867
Advocate,0.4448128
Agriculture,0.30705145
Agriculture,0.43522272
Agriculture,0.31413135
Apparel,0.4541422
Apparel,0.42567486
Apparel,0.48174387
Architecture,0.41067785
Architecture,0.299362
Architecture,0.39530125
Arts,0.298097
Arts,0.35679868
Arts,0.29602355
Automobile,0.39076388
Automobile,0.4075272
Automobile,0.4838249
Aviation,0.32750076
Aviation,0.30360842
Aviation,0.32762828
BPO,0.49695906
BPO,0.35175443
BPO,0.46147332
Banking,0.4383747
Banking,0.38406587
Banking,0.40763775
Blockchain,0.26509666
Blockchain,0.45567515
Blockchain,0.28013408
Building and Construction,0.48648587
Building and Construction,0.41870123
Building and Construction,0.35808352
Business Analyst,0.37409186
Business Analyst,0.4010135
Business Analyst,0.37718302
Civil Engineer,0.39883202
Civil Engineer,0.25800917
Civil Engineer,0.23086607
Consultant,0.2681805
Consultant,0.37502056
Consultant,0.44597885
Data Science,0.34509054
Data Science,0.4410932
Data Science,0.42148444
Database,0.32171217
Database,0.34421584
Database,0.3280812
Designing,0.29865035
Designing,0.34766564
Designing,0.39452004
DevOps,0.24926601
DevOps,0.38447753
DevOps,0.38978717
Digital Media,0.33227158
Digital Media,0.37685773
Digital Media,0.50233835
DotNet Developer,0.3294925
DotNet Developer,0.3949154
DotNet Developer,0.28920895
ETL Developer,0.3237335
ETL Developer,0.32325083
ETL Developer,0.39723313
Education,0.3585705
Education,0.2799638
Education,0.28924012
Electrical Engineering,0.3702715
Electrical Engineering,0.30330238
Electrical Engineering,0.42693403
Finance,0.46046495
Finance,0.32493788
Finance,0.3685785
Food and Beverages,0.38096058
Food and Beverages,0.40586102
Food and Beverages,0.41969508
Health and Fitness,0.3963554
Health and Fitness,0.41473833
Health and Fitness,0.30780846
Human Resources,0.42410365
Human Resources,0.31752974
Human Resources,0.43725204
Information Technology,0.37646645
Information Technology,0.40132275
Information Technology,0.49816552
Java Developer,0.30520546
Java Developer,0.28554806
Java Developer,0.30806863
Management,0.49153996
Management,0.33532512
Management,0.31365326
Mechanical Engineer,0.343039
Mechanical Engineer,0.4489731
Mechanical Engineer,0.48163235
Network Security Engineer,0.2521693
Network Security Engineer,0.42831388
Network Security Engineer,0.35395157
Operations Manager,0.48454762
Operations Manager,0.45700657
Operations Manager,0.48840687
PMO,0.3278232
PMO,0.32293367
PMO,0.3863847
Public Relations,0.3379576
Public Relations,0.47355148
Public Relations,0.31512412
Python Developer,0.3424637
Python Developer,0.24707276
Python Developer,0.29984415
React Developer,0.30881938
React Developer,0.32864213
React Developer,0.4662722
SAP Developer,0.34698823
SAP Developer,0.43326887
SAP Developer,0.39685088
SQL Developer,0.28906322
SQL Developer,0.3904191
SQL Developer,0.37205204
Sales,0.50341904
Sales,0.46134695
Sales,0.44477513
Testing,0.32419994
Testing,0.34083334
Testing,0.31203908
Web Designing,0.30485353
Web Designing,0.32848504
Web Designing,0.32807842
Accountant,0.38689443
Accountant,0.44798222
Accountant,0.40730268
Advocate,0.3700446
Advocate,0.41669545
Advocate,0.40652454
Agriculture,0.27013642
Agriculture,0.3927589
Agriculture,0.25584534
Apparel,0.371428
Apparel,0.35966945
Apparel,0.3541911
Architecture,0.3563725
Architecture,0.27467468
Architecture,0.3865253
Arts,0.2559715
Arts,0.34363118
Arts,0.21446496
Automobile,0.34707436
Automobile,0.30344003
Automobile,0.39171353
Aviation,0.36409852
Aviation,0.32473126
Aviation,0.37137967
BPO,0.27815816
BPO,0.3356157
BPO,0.4480284
Banking,0.39954078
Banking,0.32361144
Banking,0.45513654
Blockchain,0.2568539
Blockchain,0.3652984
Blockchain,0.25955126
Building and Construction,0.39754745
Building and Construction,0.39966965
Building and Construction,0.34765515
Business Analyst,0.39294228
Business Analyst,0.36876696
Business Analyst,0.33269608
Civil Engineer,0.39951855
Civil Engineer,0.25020283
Civil Engineer,0.28750268
Consultant,0.23353234
Consultant,0.35396305
Consultant,0.39847538
Data Science,0.30497393
Data Science,0.30757084
Data Science,0.39818352
Database,0.3652504
Database,0.36373258
Database,0.31975067
Designing,0.21934214
Designing,0.23904082
Designing,0.29936838
DevOps,0.27086273
DevOps,0.36763015
DevOps,0.37349835
Digital Media,0.30686092
Digital Media,0.33360115
Digital Media,0.32407472
DotNet Developer,0.33384174
DotNet Developer,0.34929737
DotNet Developer,0.35462737
ETL Developer,0.3224964
ETL Developer,0.32912463
ETL Developer,0.39603546
Education,0.28772563
Education,0.26447204
Education,0.24528985
Electrical Engineering,0.38968322
Electrical Engineering,0.30146852
Electrical Engineering,0.41776803
Finance,0.41906047
Finance,0.35003603
Finance,0.3911852
Food and Beverages,0.3636679
Food and Beverages,0.3426989
Food and Beverages,0.3323965
Health and Fitness,0.30514926
Health and Fitness,0.3462292
Health and Fitness,0.2671156
Human Resources,0.44609538
Human Resources,0.3617321
Human Resources,0.43976018
Information Technology,0.37877643
Information Technology,0.39933866
Information Technology,0.38617644
Java Developer,0.3379184
Java Developer,0.32893786
Java Developer,0.32143998
Management,0.37187725
Management,0.38542506
Management,0.3134937
Mechanical Engineer,0.2976455
Mechanical Engineer,0.35547355
Mechanical Engineer,0.37269947
Network Security Engineer,0.30982938
Network Security Engineer,0.35893682
Network Security Engineer,0.38417682
Operations Manager,0.37090048
Operations Manager,0.38109952
Operations Manager,0.43406504
PMO,0.3560321
PMO,0.4048789
PMO,0.36556494
Public Relations,0.27537316
Public Relations,0.41393635
Public Relations,0.27997822
Python Developer,0.34264174
Python Developer,0.27516675
Python Developer,0.32123166
React Developer,0.28123006
React Developer,0.3171409
React Developer,0.4453619
SAP Developer,0.37900525
SAP Developer,0.41540027
SAP Developer,0.391671
SQL Developer,0.3079146
SQL Developer,0.36461887
SQL Developer,0.36565664
Sales,0.39852244
Sales,0.3050826
Sales,0.33240792
Testing,0.35677817
Testing,0.34782392
Testing,0.33841512
Web Designing,0.35925493
Web Designing,0.35033953
Web Designing,0.23359929
Accountant,0.2526489
Accountant,0.2507757
Accountant,0.20546164
Advocate,0.14953622
Advocate,0.25677016
Advocate,0.12490164
Agriculture,0.20443873
Agriculture,0.20924965
Agriculture,0.17300162
Apparel,0.21373464
Apparel,0.20594123
Apparel,0.21247484
Architecture,0.22348526
Architecture,0.24296522
Architecture,0.27767253
Arts,0.28039378
Arts,0.23850065
Arts,0.26328325
Automobile,0.19546527
Automobile,0.26482743
Automobile,0.19104062
Aviation,0.23475802
Aviation,0.19845292
Aviation,0.21155524
BPO,0.2663966
BPO,0.20440078
BPO,0.21098784
Banking,0.21221171
Banking,0.23483767
Banking,0.1991004
Blockchain,0.2960028
Blockchain,0.26806748
Blockchain,0.32158786
Building and Construction,0.23214075
Building and Construction,0.23980016
Building and Construction,0.22274263
Business Analyst,0.24068946
Business Analyst,0.24825117
Business Analyst,0.21506454
Civil Engineer,0.2928856
Civil Engineer,0.23579943
Civil Engineer,0.28848514
Consultant,0.117624596
Consultant,0.19155788
Consultant,0.2678729
Data Science,0.22454491
Data Science,0.21909726
Data Science,0.21267869
Database,0.26514888
Database,0.2549858
Database,0.28246844
Designing,0.23266737
Designing,0.24759698
Designing,0.22075137
DevOps,0.2381224
DevOps,0.23829073
DevOps,0.3029474
Digital Media,0.26517707
Digital Media,0.2387103
Digital Media,0.23608129
DotNet Developer,0.26878294
DotNet Developer,0.25901473
DotNet Developer,0.2400405
ETL Developer,0.2138162
ETL Developer,0.20479627
ETL Developer,0.2544911
Education,0.2329175
Education,0.32599205
Education,0.27168548
Electrical Engineering,0.2191821
Electrical Engineering,0.21499968
Electrical Engineering,0.23488347
Finance,0.21280578
Finance,0.23472145
Finance,0.22460353
Food and Beverages,0.2527548
Food and Beverages,0.23980828
Food and Beverages,0.22862571
Health and Fitness,0.224586
Health and Fitness,0.21446167
Health and Fitness,0.19343299
Human Resources,0.24361506
Human Resources,0.1928163
Human Resources,0.16862133
Information Technology,0.2336147
Information Technology,0.24747486
Information Technology,0.27061573
Java Developer,0.21768297
Java Developer,0.29844332
Java Developer,0.33439577
Management,0.19692104
Management,0.1745938
Management,0.32252964
Mechanical Engineer,0.23384526
Mechanical Engineer,0.22292113
Mechanical Engineer,0.21526074
Network Security Engineer,0.32792968
Network Security Engineer,0.22819716
Network Security Engineer,0.23371175
Operations Manager,0.23492408
Operations Manager,0.256437
Operations Manager,0.24177079
PMO,0.24353394
PMO,0.3083648
PMO,0.24413651
Public Relations,0.2263238
Public Relations,0.24433905
Public Relations,0.23279503
Python Developer,0.30873567
Python Developer,0.21174489
Python Developer,0.22372663
React Developer,0.26441506
React Developer,0.22182047
React Developer,0.26601672
SAP Developer,0.2062839
SAP Developer,0.21938331
SAP Developer,0.2550651
SQL Developer,0.2822481
SQL Developer,0.22705555
SQL Developer,0.23992738
Sales,0.26593304
Sales,0.24331315
Sales,0.24106011
Testing,0.13424242
Testing,0.15666968
Testing,0.14291868
Web Designing,0.27916706
Web Designing,0.23830266
Web Designing,0.24386473
Accountant,0.41277623
Accountant,0.50521624
Accountant,0.46673593
Advocate,0.34415102
Advocate,0.3894314
Advocate,0.41333827
Agriculture,0.31609967
Agriculture,0.39660636
Agriculture,0.3215344
Apparel,0.3953391
Apparel,0.4287101
Apparel,0.38302684
Architecture,0.33946338
Architecture,0.2618966
Architecture,0.3529942
Arts,0.2645155
Arts,0.33194825
Arts,0.19893505
Automobile,0.35775456
Automobile,0.31944752
Automobile,0.3961183
Aviation,0.37056574
Aviation,0.31525335
Aviation,0.35340905
BPO,0.36033532
BPO,0.39089528
BPO,0.45473167
Banking,0.42859197
Banking,0.40295568
Banking,0.46188077
Blockchain,0.2877948
Blockchain,0.43791357
Blockchain,0.3097736
Building and Construction,0.43199798
Building and Construction,0.3842946
Building and Construction,0.32257202
Business Analyst,0.44237232
Business Analyst,0.4131529
Business Analyst,0.3691068
Civil Engineer,0.3726426
Civil Engineer,0.21927647
Civil Engineer,0.28567338
Consultant,0.23289205
Consultant,0.37160692
Consultant,0.48942152
Data Science,0.30168915
Data Science,0.32118025
Data Science,0.34901848
Database,0.35933593
Database,0.36768714
Database,0.35728088
Designing,0.20925887
Designing,0.2863484
Designing,0.37676767
DevOps,0.30455437
DevOps,0.39766583
DevOps,0.37247613
Digital Media,0.25849137
Digital Media,0.39182067
Digital Media,0.3930917
DotNet Developer,0.33095047
DotNet Developer,0.39092135
DotNet Developer,0.33220991
ETL Developer,0.35191408
ETL Developer,0.39736733
ETL Developer,0.42657328
Education,0.2816253
Education,0.22562067
Education,0.21614282
Electrical Engineering,0.39780602
Electrical Engineering,0.27675796
Electrical Engineering,0.39119688
Finance,0.46395007
Finance,0.45480207
Finance,0.46968544
Food and Beverages,0.36002812
Food and Beverages,0.41129088
Food and Beverages,0.35466257
Health and Fitness,0.31155768
Health and Fitness,0.32299128
Health and Fitness,0.2473347
Human Resources,0.44469795
Human Resources,0.34201828
Human Resources,0.44538438
Information Technology,0.42237845
Information Technology,0.43481073
Information Technology,0.41918993
Java Developer,0.3542726
Java Developer,0.2816508
Java Developer,0.33070758
Management,0.42134714
Management,0.37134743
Management,0.38019392
Mechanical Engineer,0.3057556
Mechanical Engineer,0.36135796
Mechanical Engineer,0.35875523
Network Security Engineer,0.33136013
Network Security Engineer,0.3895049
Network Security Engineer,0.39175656
Operations Manager,0.3757591
Operations Manager,0.43740168
Operations Manager,0.46478358
PMO,0.41487694
PMO,0.39970532
PMO,0.43337107
Public Relations,0.36533114
Public Relations,0.39473644
Public Relations,0.26601404
Python Developer,0.32303458
Python Developer,0.245279
Python Developer,0.31807944
React Developer,0.29681093
React Developer,0.3449866
React Developer,0.4219137
SAP Developer,0.38513657
SAP Developer,0.42723206
SAP Developer,0.4026637
SQL Developer,0.33103654
SQL Developer,0.41067615
SQL Developer,0.3938031
Sales,0.39186898
Sales,0.4293907
Sales,0.37160644
Testing,0.31349647
Testing,0.26873627
Testing,0.27812678
Web Designing,0.3575658
Web Designing,0.33330253
Web Designing,0.24712582
Accountant,0.40216765
Accountant,0.48910642
Accountant,0.43747124
Advocate,0.3902894
Advocate,0.43553263
Advocate,0.40344745
Agriculture,0.34022462
Agriculture,0.41397807
Agriculture,0.36238632
Apparel,0.38349217
Apparel,0.42679054
Apparel,0.41279793
Architecture,0.36169764
Architecture,0.3526587
Architecture,0.42235452
Arts,0.31682146
Arts,0.3759565
Arts,0.2699785
Automobile,0.3627159
Automobile,0.365007
Automobile,0.44186062
Aviation,0.3784751
Aviation,0.2690046
Aviation,0.38572463
BPO,0.42026803
BPO,0.4231323
BPO,0.45190886
Banking,0.42615265
Banking,0.41947392
Banking,0.45225096
Blockchain,0.32693368
Blockchain,0.43636653
Blockchain,0.31144634
Building and Construction,0.406022
Building and Construction,0.40179497
Building and Construction,0.35841316
Business Analyst,0.41636658
Business Analyst,0.43727008
Business Analyst,0.39843586
Civil Engineer,0.4235804
Civil Engineer,0.27958852
Civil Engineer,0.3037916
Consultant,0.26310784
Consultant,0.39496002
Consultant,0.4735008
Data Science,0.34919152
Data Science,0.4149958
Data Science,0.3385337
Database,0.37639517
Database,0.391253
Database,0.37141338
Designing,0.27012464
Designing,0.33211648
Designing,0.37050998
DevOps,0.35728845
DevOps,0.393119
DevOps,0.4031667
Digital Media,0.31447414
Digital Media,0.41873547
Digital Media,0.401156
DotNet Developer,0.36826977
DotNet Developer,0.3734263
DotNet Developer,0.34801784
ETL Developer,0.33095753
ETL Developer,0.34354863
ETL Developer,0.42007932
Education,0.3433262
Education,0.2956307
Education,0.31308603
Electrical Engineering,0.40333542
Electrical Engineering,0.3177518
Electrical Engineering,0.41225484
Finance,0.4354575
Finance,0.45006424
Finance,0.46322274
Food and Beverages,0.34119195
Food and Beverages,0.46160483
Food and Beverages,0.4460321
Health and Fitness,0.3864508
Health and Fitness,0.37763125
Health and Fitness,0.28850895
Human Resources,0.45989466
Human Resources,0.3351697
Human Resources,0.425148
Information Technology,0.443413
Information Technology,0.45031902
Information Technology,0.4360483
Java Developer,0.37068033
Java Developer,0.2740999
Java Developer,0.35821775
Management,0.4319258
Management,0.3871623
Management,0.34088886
Mechanical Engineer,0.33422345
Mechanical Engineer,0.37133333
Mechanical Engineer,0.3831769
Network Security Engineer,0.34000438
Network Security Engineer,0.39160612
Network Security Engineer,0.36290953
Operations Manager,0.40894848
Operations Manager,0.44889605
Operations Manager,0.4624663
PMO,0.3905368
PMO,0.3951374
PMO,0.4183608
Public Relations,0.42172417
Public Relations,0.44281742
Public Relations,0.34160337
Python Developer,0.33441594
Python Developer,0.30802244
Python Developer,0.35272968
React Developer,0.31988886
React Developer,0.36591813
React Developer,0.46142733
SAP Developer,0.37743074
SAP Developer,0.4335388
SAP Developer,0.38412854
SQL Developer,0.35004184
SQL Developer,0.40561563
SQL Developer,0.4108972
Sales,0.45623994
Sales,0.42417234
Sales,0.40470275
Testing,0.32785615
Testing,0.2964282
Testing,0.2745281
Web Designing,0.37324992
Web Designing,0.3383981
Web Designing,0.34194767
Accountant,0.30397448
Accountant,0.37385747
Accountant,0.33327004
Advocate,0.36362767
Advocate,0.41269863
Advocate,0.39827853
Agriculture,0.28085834
Agriculture,0.31823725
Agriculture,0.28093386
Apparel,0.3117561
Apparel,0.32705736
Apparel,0.32033548
Architecture,0.32635358
Architecture,0.23829243
Architecture,0.29818648
Arts,0.22580352
Arts,0.2780194
Arts,0.17754418
Automobile,0.31700194
Automobile,0.33315715
Automobile,0.34451807
Aviation,0.29904407
Aviation,0.26144734
Aviation,0.2999788
BPO,0.3022384
BPO,0.27998188
BPO,0.36425585
Banking,0.34822914
Banking,0.30251458
Banking,0.3733772
Blockchain,0.2835571
Blockchain,0.33772516
Blockchain,0.21929218
Building and Construction,0.3610917
Building and Construction,0.35720062
Building and Construction,0.31133538
Business Analyst,0.3555729
Business Analyst,0.32935056
Business Analyst,0.3045073
Civil Engineer,0.31864128
Civil Engineer,0.2005382
Civil Engineer,0.21634518
Consultant,0.27620202
Consultant,0.32237163
Consultant,0.3575491
Data Science,0.27156198
Data Science,0.30924216
Data Science,0.34494525
Database,0.31452665
Database,0.31429338
Database,0.28581494
Designing,0.22191067
Designing,0.24038862
Designing,0.28790683
DevOps,0.22523159
DevOps,0.30551708
DevOps,0.34445354
Digital Media,0.26896405
Digital Media,0.2888548
Digital Media,0.3142236
DotNet Developer,0.26692742
DotNet Developer,0.34573334
DotNet Developer,0.28618658
ETL Developer,0.28224432
ETL Developer,0.29219052
ETL Developer,0.33438337
Education,0.25844264
Education,0.18349957
Education,0.202168
Electrical Engineering,0.34623796
Electrical Engineering,0.25185773
Electrical Engineering,0.33717287
Finance,0.34178102
Finance,0.31120262
Finance,0.317942
Food and Beverages,0.32117885
Food and Beverages,0.28553542
Food and Beverages,0.29969457
Health and Fitness,0.2914739
Health and Fitness,0.36006433
Health and Fitness,0.2739991
Human Resources,0.36328593
Human Resources,0.29425177
Human Resources,0.38887554
Information Technology,0.32172713
Information Technology,0.36408445
Information Technology,0.37252665
Java Developer,0.27125072
Java Developer,0.23735021
Java Developer,0.27379188
Management,0.3303768
Management,0.30218112
Management,0.29924878
Mechanical Engineer,0.29615307
Mechanical Engineer,0.3379662
Mechanical Engineer,0.3617361
Network Security Engineer,0.2466323
Network Security Engineer,0.321203
Network Security Engineer,0.34297344
Operations Manager,0.3481949
Operations Manager,0.36068854
Operations Manager,0.38795692
PMO,0.3227202
PMO,0.35040236
PMO,0.3312583
Public Relations,0.27329764
Public Relations,0.33777812
Public Relations,0.22671315
Python Developer,0.28406152
Python Developer,0.21384318
Python Developer,0.28793663
React Developer,0.25786403
React Developer,0.26055998
React Developer,0.37497354
SAP Developer,0.35884696
SAP Developer,0.36639026
SAP Developer,0.30883783
SQL Developer,0.30122906
SQL Developer,0.33461058
SQL Developer,0.3123105
Sales,0.4238179
Sales,0.3315482
Sales,0.3600653
Testing,0.40656725
Testing,0.37701654
Testing,0.3834395
Web Designing,0.2681168
Web Designing,0.29158235
Web Designing,0.23184246
Accountant,0.3628982
Accountant,0.51225185
Accountant,0.38329005
Advocate,0.36248496
Advocate,0.4666654
Advocate,0.45013815
Agriculture,0.3126848
Agriculture,0.46447358
Agriculture,0.3096918
Apparel,0.4552002
Apparel,0.4379325
Apparel,0.4695188
Architecture,0.40496066
Architecture,0.28196767
Architecture,0.36712822
Arts,0.27887544
Arts,0.36804503
Arts,0.2681535
Automobile,0.38766578
Automobile,0.38392508
Automobile,0.47049174
Aviation,0.3752593
Aviation,0.33728617
Aviation,0.36209074
BPO,0.44305018
BPO,0.38161895
BPO,0.47398642
Banking,0.42000368
Banking,0.35998717
Banking,0.42803812
Blockchain,0.2543901
Blockchain,0.4639412
Blockchain,0.28997168
Building and Construction,0.51911986
Building and Construction,0.46221185
Building and Construction,0.3525224
Business Analyst,0.40885574
Business Analyst,0.4148142
Business Analyst,0.37679017
Civil Engineer,0.39893743
Civil Engineer,0.24874814
Civil Engineer,0.23379849
Consultant,0.2523681
Consultant,0.38917285
Consultant,0.4660153
Data Science,0.3783403
Data Science,0.42117953
Data Science,0.415956
Database,0.35265726
Database,0.35472274
Database,0.36903262
Designing,0.26039052
Designing,0.32282057
Designing,0.3747624
DevOps,0.2643591
DevOps,0.37445664
DevOps,0.41460082
Digital Media,0.28947365
Digital Media,0.3793745
Digital Media,0.47476518
DotNet Developer,0.32443863
DotNet Developer,0.37286744
DotNet Developer,0.32956022
ETL Developer,0.32147953
ETL Developer,0.32585955
ETL Developer,0.42803422
Education,0.34820533
Education,0.28404218
Education,0.27578947
Electrical Engineering,0.4288503
Electrical Engineering,0.29892102
Electrical Engineering,0.4587165
Finance,0.4585434
Finance,0.3701194
Finance,0.44476214
Food and Beverages,0.4006134
Food and Beverages,0.41022077
Food and Beverages,0.40014172
Health and Fitness,0.3951774
Health and Fitness,0.39563218
Health and Fitness,0.3278042
Human Resources,0.4612033
Human Resources,0.36497712
Human Resources,0.44929168
Information Technology,0.4071942
Information Technology,0.41143322
Information Technology,0.5065195
Java Developer,0.3239651
Java Developer,0.2997973
Java Developer,0.32669443
Management,0.5071343
Management,0.36597288
Management,0.3522496
Mechanical Engineer,0.34773812
Mechanical Engineer,0.44085538
Mechanical Engineer,0.44694367
Network Security Engineer,0.25061435
Network Security Engineer,0.43515074
Network Security Engineer,0.3917678
Operations Manager,0.4752395
Operations Manager,0.46725547
Operations Manager,0.5135484
PMO,0.3730015
PMO,0.36184594
PMO,0.42570314
Public Relations,0.35735717
Public Relations,0.46437836
Public Relations,0.30328232
Python Developer,0.3314306
Python Developer,0.24612729
Python Developer,0.31063947
React Developer,0.3143646
React Developer,0.35197195
React Developer,0.48234066
SAP Developer,0.3393807
SAP Developer,0.434575
SAP Developer,0.39990804
SQL Developer,0.31309968
SQL Developer,0.4037666
SQL Developer,0.40098533
Sales,0.48696008
Sales,0.4468149
Sales,0.4623697
Testing,0.36687082
Testing,0.33910722
Testing,0.3148531
Web Designing,0.3219006
Web Designing,0.35048595
Web Designing,0.28660303
